error_scale,eff,reserve,day,regime,strategy,net_usd,regret_usd,min_soc_kwh,final_soc_kwh
0.000000,1.000000,0.000000,0,evening_peak,idle,0.000000,2.125000,0.000000,0.000000
0.000000,1.000000,0.000000,0,evening_peak,clock,2.125000,0.000000,0.000000,0.000000
0.000000,1.000000,0.000000,0,evening_peak,forecast,2.125000,0.000000,0.000000,0.000000
0.000000,1.000000,0.000000,0,evening_peak,hindsight,2.125000,0.000000,0.000000,0.000000
0.000000,1.000000,0.000000,1,scarcity_peak,idle,0.000000,3.625000,0.000000,0.000000
0.000000,1.000000,0.000000,1,scarcity_peak,clock,3.625000,0.000000,0.000000,0.000000
0.000000,1.000000,0.000000,1,scarcity_peak,forecast,3.625000,0.000000,0.000000,0.000000
0.000000,1.000000,0.000000,1,scarcity_peak,hindsight,3.625000,0.000000,0.000000,0.000000
0.000000,1.000000,0.000000,2,negative_midday,idle,0.000000,2.800000,0.000000,0.000000
0.000000,1.000000,0.000000,2,negative_midday,clock,2.800000,0.000000,0.000000,0.000000
0.000000,1.000000,0.000000,2,negative_midday,forecast,2.800000,0.000000,0.000000,0.000000
0.000000,1.000000,0.000000,2,negative_midday,hindsight,2.800000,0.000000,0.000000,0.000000
0.000000,1.000000,0.000000,3,flat_missed_event,idle,0.000000,0.000000,0.000000,0.000000
0.000000,1.000000,0.000000,3,flat_missed_event,clock,-0.000000,0.000000,0.000000,0.000000
0.000000,1.000000,0.000000,3,flat_missed_event,forecast,0.000000,0.000000,0.000000,0.000000
0.000000,1.000000,0.000000,3,flat_missed_event,hindsight,0.000000,0.000000,0.000000,0.000000
0.000000,1.000000,0.000000,4,evening_peak,idle,0.000000,2.125000,0.000000,0.000000
0.000000,1.000000,0.000000,4,evening_peak,clock,2.125000,0.000000,0.000000,0.000000
0.000000,1.000000,0.000000,4,evening_peak,forecast,2.125000,0.000000,0.000000,0.000000
0.000000,1.000000,0.000000,4,evening_peak,hindsight,2.125000,0.000000,0.000000,0.000000
0.000000,1.000000,0.000000,5,scarcity_peak,idle,0.000000,3.625000,0.000000,0.000000
0.000000,1.000000,0.000000,5,scarcity_peak,clock,3.625000,0.000000,0.000000,0.000000
0.000000,1.000000,0.000000,5,scarcity_peak,forecast,3.625000,0.000000,0.000000,0.000000
0.000000,1.000000,0.000000,5,scarcity_peak,hindsight,3.625000,0.000000,0.000000,0.000000
0.000000,1.000000,0.000000,6,negative_midday,idle,0.000000,2.800000,0.000000,0.000000
0.000000,1.000000,0.000000,6,negative_midday,clock,2.800000,0.000000,0.000000,0.000000
0.000000,1.000000,0.000000,6,negative_midday,forecast,2.800000,0.000000,0.000000,0.000000
0.000000,1.000000,0.000000,6,negative_midday,hindsight,2.800000,0.000000,0.000000,0.000000
0.000000,1.000000,0.000000,7,flat_missed_event,idle,0.000000,0.000000,0.000000,0.000000
0.000000,1.000000,0.000000,7,flat_missed_event,clock,-0.000000,0.000000,0.000000,0.000000
0.000000,1.000000,0.000000,7,flat_missed_event,forecast,0.000000,0.000000,0.000000,0.000000
0.000000,1.000000,0.000000,7,flat_missed_event,hindsight,0.000000,0.000000,0.000000,0.000000
0.000000,1.000000,0.000000,8,evening_peak,idle,0.000000,2.125000,0.000000,0.000000
0.000000,1.000000,0.000000,8,evening_peak,clock,2.125000,0.000000,0.000000,0.000000
0.000000,1.000000,0.000000,8,evening_peak,forecast,2.125000,0.000000,0.000000,0.000000
0.000000,1.000000,0.000000,8,evening_peak,hindsight,2.125000,0.000000,0.000000,0.000000
0.000000,1.000000,0.000000,9,scarcity_peak,idle,0.000000,3.625000,0.000000,0.000000
0.000000,1.000000,0.000000,9,scarcity_peak,clock,3.625000,0.000000,0.000000,0.000000
0.000000,1.000000,0.000000,9,scarcity_peak,forecast,3.625000,0.000000,0.000000,0.000000
0.000000,1.000000,0.000000,9,scarcity_peak,hindsight,3.625000,0.000000,0.000000,0.000000
0.000000,1.000000,0.000000,10,negative_midday,idle,0.000000,2.800000,0.000000,0.000000
0.000000,1.000000,0.000000,10,negative_midday,clock,2.800000,0.000000,0.000000,0.000000
0.000000,1.000000,0.000000,10,negative_midday,forecast,2.800000,0.000000,0.000000,0.000000
0.000000,1.000000,0.000000,10,negative_midday,hindsight,2.800000,0.000000,0.000000,0.000000
0.000000,1.000000,0.000000,11,flat_missed_event,idle,0.000000,0.000000,0.000000,0.000000
0.000000,1.000000,0.000000,11,flat_missed_event,clock,-0.000000,0.000000,0.000000,0.000000
0.000000,1.000000,0.000000,11,flat_missed_event,forecast,0.000000,0.000000,0.000000,0.000000
0.000000,1.000000,0.000000,11,flat_missed_event,hindsight,0.000000,0.000000,0.000000,0.000000
0.000000,1.000000,0.000000,12,evening_peak,idle,0.000000,2.125000,0.000000,0.000000
0.000000,1.000000,0.000000,12,evening_peak,clock,2.125000,0.000000,0.000000,0.000000
0.000000,1.000000,0.000000,12,evening_peak,forecast,2.125000,0.000000,0.000000,0.000000
0.000000,1.000000,0.000000,12,evening_peak,hindsight,2.125000,0.000000,0.000000,0.000000
0.000000,1.000000,0.000000,13,scarcity_peak,idle,0.000000,3.625000,0.000000,0.000000
0.000000,1.000000,0.000000,13,scarcity_peak,clock,3.625000,0.000000,0.000000,0.000000
0.000000,1.000000,0.000000,13,scarcity_peak,forecast,3.625000,0.000000,0.000000,0.000000
0.000000,1.000000,0.000000,13,scarcity_peak,hindsight,3.625000,0.000000,0.000000,0.000000
0.000000,1.000000,0.000000,14,negative_midday,idle,0.000000,2.800000,0.000000,0.000000
0.000000,1.000000,0.000000,14,negative_midday,clock,2.800000,0.000000,0.000000,0.000000
0.000000,1.000000,0.000000,14,negative_midday,forecast,2.800000,0.000000,0.000000,0.000000
0.000000,1.000000,0.000000,14,negative_midday,hindsight,2.800000,0.000000,0.000000,0.000000
0.000000,1.000000,0.000000,15,flat_missed_event,idle,0.000000,0.000000,0.000000,0.000000
0.000000,1.000000,0.000000,15,flat_missed_event,clock,-0.000000,0.000000,0.000000,0.000000
0.000000,1.000000,0.000000,15,flat_missed_event,forecast,0.000000,0.000000,0.000000,0.000000
0.000000,1.000000,0.000000,15,flat_missed_event,hindsight,0.000000,0.000000,0.000000,0.000000
0.000000,1.000000,0.000000,16,evening_peak,idle,0.000000,2.125000,0.000000,0.000000
0.000000,1.000000,0.000000,16,evening_peak,clock,2.125000,0.000000,0.000000,0.000000
0.000000,1.000000,0.000000,16,evening_peak,forecast,2.125000,0.000000,0.000000,0.000000
0.000000,1.000000,0.000000,16,evening_peak,hindsight,2.125000,0.000000,0.000000,0.000000
0.000000,1.000000,0.000000,17,scarcity_peak,idle,0.000000,3.625000,0.000000,0.000000
0.000000,1.000000,0.000000,17,scarcity_peak,clock,3.625000,0.000000,0.000000,0.000000
0.000000,1.000000,0.000000,17,scarcity_peak,forecast,3.625000,0.000000,0.000000,0.000000
0.000000,1.000000,0.000000,17,scarcity_peak,hindsight,3.625000,0.000000,0.000000,0.000000
0.000000,1.000000,0.000000,18,negative_midday,idle,0.000000,2.800000,0.000000,0.000000
0.000000,1.000000,0.000000,18,negative_midday,clock,2.800000,0.000000,0.000000,0.000000
0.000000,1.000000,0.000000,18,negative_midday,forecast,2.800000,0.000000,0.000000,0.000000
0.000000,1.000000,0.000000,18,negative_midday,hindsight,2.800000,0.000000,0.000000,0.000000
0.000000,1.000000,0.000000,19,flat_missed_event,idle,0.000000,0.000000,0.000000,0.000000
0.000000,1.000000,0.000000,19,flat_missed_event,clock,-0.000000,0.000000,0.000000,0.000000
0.000000,1.000000,0.000000,19,flat_missed_event,forecast,0.000000,0.000000,0.000000,0.000000
0.000000,1.000000,0.000000,19,flat_missed_event,hindsight,0.000000,0.000000,0.000000,0.000000
0.000000,1.000000,0.000000,20,evening_peak,idle,0.000000,2.125000,0.000000,0.000000
0.000000,1.000000,0.000000,20,evening_peak,clock,2.125000,0.000000,0.000000,0.000000
0.000000,1.000000,0.000000,20,evening_peak,forecast,2.125000,0.000000,0.000000,0.000000
0.000000,1.000000,0.000000,20,evening_peak,hindsight,2.125000,0.000000,0.000000,0.000000
0.000000,1.000000,0.000000,21,scarcity_peak,idle,0.000000,3.625000,0.000000,0.000000
0.000000,1.000000,0.000000,21,scarcity_peak,clock,3.625000,0.000000,0.000000,0.000000
0.000000,1.000000,0.000000,21,scarcity_peak,forecast,3.625000,0.000000,0.000000,0.000000
0.000000,1.000000,0.000000,21,scarcity_peak,hindsight,3.625000,0.000000,0.000000,0.000000
0.000000,1.000000,0.000000,22,negative_midday,idle,0.000000,2.800000,0.000000,0.000000
0.000000,1.000000,0.000000,22,negative_midday,clock,2.800000,0.000000,0.000000,0.000000
0.000000,1.000000,0.000000,22,negative_midday,forecast,2.800000,0.000000,0.000000,0.000000
0.000000,1.000000,0.000000,22,negative_midday,hindsight,2.800000,0.000000,0.000000,0.000000
0.000000,1.000000,0.000000,23,flat_missed_event,idle,0.000000,0.000000,0.000000,0.000000
0.000000,1.000000,0.000000,23,flat_missed_event,clock,-0.000000,0.000000,0.000000,0.000000
0.000000,1.000000,0.000000,23,flat_missed_event,forecast,0.000000,0.000000,0.000000,0.000000
0.000000,1.000000,0.000000,23,flat_missed_event,hindsight,0.000000,0.000000,0.000000,0.000000
0.000000,1.000000,0.000000,24,evening_peak,idle,0.000000,2.125000,0.000000,0.000000
0.000000,1.000000,0.000000,24,evening_peak,clock,2.125000,0.000000,0.000000,0.000000
0.000000,1.000000,0.000000,24,evening_peak,forecast,2.125000,0.000000,0.000000,0.000000
0.000000,1.000000,0.000000,24,evening_peak,hindsight,2.125000,0.000000,0.000000,0.000000
0.000000,1.000000,0.000000,25,scarcity_peak,idle,0.000000,3.625000,0.000000,0.000000
0.000000,1.000000,0.000000,25,scarcity_peak,clock,3.625000,0.000000,0.000000,0.000000
0.000000,1.000000,0.000000,25,scarcity_peak,forecast,3.625000,0.000000,0.000000,0.000000
0.000000,1.000000,0.000000,25,scarcity_peak,hindsight,3.625000,0.000000,0.000000,0.000000
0.000000,1.000000,0.000000,26,negative_midday,idle,0.000000,2.800000,0.000000,0.000000
0.000000,1.000000,0.000000,26,negative_midday,clock,2.800000,0.000000,0.000000,0.000000
0.000000,1.000000,0.000000,26,negative_midday,forecast,2.800000,0.000000,0.000000,0.000000
0.000000,1.000000,0.000000,26,negative_midday,hindsight,2.800000,0.000000,0.000000,0.000000
0.000000,1.000000,0.000000,27,flat_missed_event,idle,0.000000,0.000000,0.000000,0.000000
0.000000,1.000000,0.000000,27,flat_missed_event,clock,-0.000000,0.000000,0.000000,0.000000
0.000000,1.000000,0.000000,27,flat_missed_event,forecast,0.000000,0.000000,0.000000,0.000000
0.000000,1.000000,0.000000,27,flat_missed_event,hindsight,0.000000,0.000000,0.000000,0.000000
0.000000,1.000000,0.000000,28,evening_peak,idle,0.000000,2.125000,0.000000,0.000000
0.000000,1.000000,0.000000,28,evening_peak,clock,2.125000,0.000000,0.000000,0.000000
0.000000,1.000000,0.000000,28,evening_peak,forecast,2.125000,0.000000,0.000000,0.000000
0.000000,1.000000,0.000000,28,evening_peak,hindsight,2.125000,0.000000,0.000000,0.000000
0.000000,1.000000,0.000000,29,scarcity_peak,idle,0.000000,3.625000,0.000000,0.000000
0.000000,1.000000,0.000000,29,scarcity_peak,clock,3.625000,0.000000,0.000000,0.000000
0.000000,1.000000,0.000000,29,scarcity_peak,forecast,3.625000,0.000000,0.000000,0.000000
0.000000,1.000000,0.000000,29,scarcity_peak,hindsight,3.625000,0.000000,0.000000,0.000000
0.000000,1.000000,0.000000,30,negative_midday,idle,0.000000,2.800000,0.000000,0.000000
0.000000,1.000000,0.000000,30,negative_midday,clock,2.800000,0.000000,0.000000,0.000000
0.000000,1.000000,0.000000,30,negative_midday,forecast,2.800000,0.000000,0.000000,0.000000
0.000000,1.000000,0.000000,30,negative_midday,hindsight,2.800000,0.000000,0.000000,0.000000
0.000000,1.000000,0.000000,31,flat_missed_event,idle,0.000000,0.000000,0.000000,0.000000
0.000000,1.000000,0.000000,31,flat_missed_event,clock,-0.000000,0.000000,0.000000,0.000000
0.000000,1.000000,0.000000,31,flat_missed_event,forecast,0.000000,0.000000,0.000000,0.000000
0.000000,1.000000,0.000000,31,flat_missed_event,hindsight,0.000000,0.000000,0.000000,0.000000
0.000000,1.000000,0.000000,32,evening_peak,idle,0.000000,2.125000,0.000000,0.000000
0.000000,1.000000,0.000000,32,evening_peak,clock,2.125000,0.000000,0.000000,0.000000
0.000000,1.000000,0.000000,32,evening_peak,forecast,2.125000,0.000000,0.000000,0.000000
0.000000,1.000000,0.000000,32,evening_peak,hindsight,2.125000,0.000000,0.000000,0.000000
0.000000,1.000000,0.000000,33,scarcity_peak,idle,0.000000,3.625000,0.000000,0.000000
0.000000,1.000000,0.000000,33,scarcity_peak,clock,3.625000,0.000000,0.000000,0.000000
0.000000,1.000000,0.000000,33,scarcity_peak,forecast,3.625000,0.000000,0.000000,0.000000
0.000000,1.000000,0.000000,33,scarcity_peak,hindsight,3.625000,0.000000,0.000000,0.000000
0.000000,1.000000,0.000000,34,negative_midday,idle,0.000000,2.800000,0.000000,0.000000
0.000000,1.000000,0.000000,34,negative_midday,clock,2.800000,0.000000,0.000000,0.000000
0.000000,1.000000,0.000000,34,negative_midday,forecast,2.800000,0.000000,0.000000,0.000000
0.000000,1.000000,0.000000,34,negative_midday,hindsight,2.800000,0.000000,0.000000,0.000000
0.000000,1.000000,0.000000,35,flat_missed_event,idle,0.000000,0.000000,0.000000,0.000000
0.000000,1.000000,0.000000,35,flat_missed_event,clock,-0.000000,0.000000,0.000000,0.000000
0.000000,1.000000,0.000000,35,flat_missed_event,forecast,0.000000,0.000000,0.000000,0.000000
0.000000,1.000000,0.000000,35,flat_missed_event,hindsight,0.000000,0.000000,0.000000,0.000000
0.000000,1.000000,0.000000,36,evening_peak,idle,0.000000,2.125000,0.000000,0.000000
0.000000,1.000000,0.000000,36,evening_peak,clock,2.125000,0.000000,0.000000,0.000000
0.000000,1.000000,0.000000,36,evening_peak,forecast,2.125000,0.000000,0.000000,0.000000
0.000000,1.000000,0.000000,36,evening_peak,hindsight,2.125000,0.000000,0.000000,0.000000
0.000000,1.000000,0.000000,37,scarcity_peak,idle,0.000000,3.625000,0.000000,0.000000
0.000000,1.000000,0.000000,37,scarcity_peak,clock,3.625000,0.000000,0.000000,0.000000
0.000000,1.000000,0.000000,37,scarcity_peak,forecast,3.625000,0.000000,0.000000,0.000000
0.000000,1.000000,0.000000,37,scarcity_peak,hindsight,3.625000,0.000000,0.000000,0.000000
0.000000,1.000000,0.000000,38,negative_midday,idle,0.000000,2.800000,0.000000,0.000000
0.000000,1.000000,0.000000,38,negative_midday,clock,2.800000,0.000000,0.000000,0.000000
0.000000,1.000000,0.000000,38,negative_midday,forecast,2.800000,0.000000,0.000000,0.000000
0.000000,1.000000,0.000000,38,negative_midday,hindsight,2.800000,0.000000,0.000000,0.000000
0.000000,1.000000,0.000000,39,flat_missed_event,idle,0.000000,0.000000,0.000000,0.000000
0.000000,1.000000,0.000000,39,flat_missed_event,clock,-0.000000,0.000000,0.000000,0.000000
0.000000,1.000000,0.000000,39,flat_missed_event,forecast,0.000000,0.000000,0.000000,0.000000
0.000000,1.000000,0.000000,39,flat_missed_event,hindsight,0.000000,0.000000,0.000000,0.000000
0.000000,1.000000,0.000000,40,evening_peak,idle,0.000000,2.125000,0.000000,0.000000
0.000000,1.000000,0.000000,40,evening_peak,clock,2.125000,0.000000,0.000000,0.000000
0.000000,1.000000,0.000000,40,evening_peak,forecast,2.125000,0.000000,0.000000,0.000000
0.000000,1.000000,0.000000,40,evening_peak,hindsight,2.125000,0.000000,0.000000,0.000000
0.000000,1.000000,0.000000,41,scarcity_peak,idle,0.000000,3.625000,0.000000,0.000000
0.000000,1.000000,0.000000,41,scarcity_peak,clock,3.625000,0.000000,0.000000,0.000000
0.000000,1.000000,0.000000,41,scarcity_peak,forecast,3.625000,0.000000,0.000000,0.000000
0.000000,1.000000,0.000000,41,scarcity_peak,hindsight,3.625000,0.000000,0.000000,0.000000
0.000000,1.000000,0.000000,42,negative_midday,idle,0.000000,2.800000,0.000000,0.000000
0.000000,1.000000,0.000000,42,negative_midday,clock,2.800000,0.000000,0.000000,0.000000
0.000000,1.000000,0.000000,42,negative_midday,forecast,2.800000,0.000000,0.000000,0.000000
0.000000,1.000000,0.000000,42,negative_midday,hindsight,2.800000,0.000000,0.000000,0.000000
0.000000,1.000000,0.000000,43,flat_missed_event,idle,0.000000,0.000000,0.000000,0.000000
0.000000,1.000000,0.000000,43,flat_missed_event,clock,-0.000000,0.000000,0.000000,0.000000
0.000000,1.000000,0.000000,43,flat_missed_event,forecast,0.000000,0.000000,0.000000,0.000000
0.000000,1.000000,0.000000,43,flat_missed_event,hindsight,0.000000,0.000000,0.000000,0.000000
0.000000,1.000000,0.000000,44,evening_peak,idle,0.000000,2.125000,0.000000,0.000000
0.000000,1.000000,0.000000,44,evening_peak,clock,2.125000,0.000000,0.000000,0.000000
0.000000,1.000000,0.000000,44,evening_peak,forecast,2.125000,0.000000,0.000000,0.000000
0.000000,1.000000,0.000000,44,evening_peak,hindsight,2.125000,0.000000,0.000000,0.000000
0.000000,1.000000,0.000000,45,scarcity_peak,idle,0.000000,3.625000,0.000000,0.000000
0.000000,1.000000,0.000000,45,scarcity_peak,clock,3.625000,0.000000,0.000000,0.000000
0.000000,1.000000,0.000000,45,scarcity_peak,forecast,3.625000,0.000000,0.000000,0.000000
0.000000,1.000000,0.000000,45,scarcity_peak,hindsight,3.625000,0.000000,0.000000,0.000000
0.000000,1.000000,0.000000,46,negative_midday,idle,0.000000,2.800000,0.000000,0.000000
0.000000,1.000000,0.000000,46,negative_midday,clock,2.800000,0.000000,0.000000,0.000000
0.000000,1.000000,0.000000,46,negative_midday,forecast,2.800000,0.000000,0.000000,0.000000
0.000000,1.000000,0.000000,46,negative_midday,hindsight,2.800000,0.000000,0.000000,0.000000
0.000000,1.000000,0.000000,47,flat_missed_event,idle,0.000000,0.000000,0.000000,0.000000
0.000000,1.000000,0.000000,47,flat_missed_event,clock,-0.000000,0.000000,0.000000,0.000000
0.000000,1.000000,0.000000,47,flat_missed_event,forecast,0.000000,0.000000,0.000000,0.000000
0.000000,1.000000,0.000000,47,flat_missed_event,hindsight,0.000000,0.000000,0.000000,0.000000
0.000000,1.000000,0.000000,48,evening_peak,idle,0.000000,2.125000,0.000000,0.000000
0.000000,1.000000,0.000000,48,evening_peak,clock,2.125000,0.000000,0.000000,0.000000
0.000000,1.000000,0.000000,48,evening_peak,forecast,2.125000,0.000000,0.000000,0.000000
0.000000,1.000000,0.000000,48,evening_peak,hindsight,2.125000,0.000000,0.000000,0.000000
0.000000,1.000000,0.000000,49,scarcity_peak,idle,0.000000,3.625000,0.000000,0.000000
0.000000,1.000000,0.000000,49,scarcity_peak,clock,3.625000,0.000000,0.000000,0.000000
0.000000,1.000000,0.000000,49,scarcity_peak,forecast,3.625000,0.000000,0.000000,0.000000
0.000000,1.000000,0.000000,49,scarcity_peak,hindsight,3.625000,0.000000,0.000000,0.000000
0.000000,1.000000,0.000000,50,negative_midday,idle,0.000000,2.800000,0.000000,0.000000
0.000000,1.000000,0.000000,50,negative_midday,clock,2.800000,0.000000,0.000000,0.000000
0.000000,1.000000,0.000000,50,negative_midday,forecast,2.800000,0.000000,0.000000,0.000000
0.000000,1.000000,0.000000,50,negative_midday,hindsight,2.800000,0.000000,0.000000,0.000000
0.000000,1.000000,0.000000,51,flat_missed_event,idle,0.000000,0.000000,0.000000,0.000000
0.000000,1.000000,0.000000,51,flat_missed_event,clock,-0.000000,0.000000,0.000000,0.000000
0.000000,1.000000,0.000000,51,flat_missed_event,forecast,0.000000,0.000000,0.000000,0.000000
0.000000,1.000000,0.000000,51,flat_missed_event,hindsight,0.000000,0.000000,0.000000,0.000000
0.000000,1.000000,0.000000,52,evening_peak,idle,0.000000,2.125000,0.000000,0.000000
0.000000,1.000000,0.000000,52,evening_peak,clock,2.125000,0.000000,0.000000,0.000000
0.000000,1.000000,0.000000,52,evening_peak,forecast,2.125000,0.000000,0.000000,0.000000
0.000000,1.000000,0.000000,52,evening_peak,hindsight,2.125000,0.000000,0.000000,0.000000
0.000000,1.000000,0.000000,53,scarcity_peak,idle,0.000000,3.625000,0.000000,0.000000
0.000000,1.000000,0.000000,53,scarcity_peak,clock,3.625000,0.000000,0.000000,0.000000
0.000000,1.000000,0.000000,53,scarcity_peak,forecast,3.625000,0.000000,0.000000,0.000000
0.000000,1.000000,0.000000,53,scarcity_peak,hindsight,3.625000,0.000000,0.000000,0.000000
0.000000,1.000000,0.000000,54,negative_midday,idle,0.000000,2.800000,0.000000,0.000000
0.000000,1.000000,0.000000,54,negative_midday,clock,2.800000,0.000000,0.000000,0.000000
0.000000,1.000000,0.000000,54,negative_midday,forecast,2.800000,0.000000,0.000000,0.000000
0.000000,1.000000,0.000000,54,negative_midday,hindsight,2.800000,0.000000,0.000000,0.000000
0.000000,1.000000,0.000000,55,flat_missed_event,idle,0.000000,0.000000,0.000000,0.000000
0.000000,1.000000,0.000000,55,flat_missed_event,clock,-0.000000,0.000000,0.000000,0.000000
0.000000,1.000000,0.000000,55,flat_missed_event,forecast,0.000000,0.000000,0.000000,0.000000
0.000000,1.000000,0.000000,55,flat_missed_event,hindsight,0.000000,0.000000,0.000000,0.000000
0.000000,1.000000,0.000000,56,evening_peak,idle,0.000000,2.125000,0.000000,0.000000
0.000000,1.000000,0.000000,56,evening_peak,clock,2.125000,0.000000,0.000000,0.000000
0.000000,1.000000,0.000000,56,evening_peak,forecast,2.125000,0.000000,0.000000,0.000000
0.000000,1.000000,0.000000,56,evening_peak,hindsight,2.125000,0.000000,0.000000,0.000000
0.000000,1.000000,0.000000,57,scarcity_peak,idle,0.000000,3.625000,0.000000,0.000000
0.000000,1.000000,0.000000,57,scarcity_peak,clock,3.625000,0.000000,0.000000,0.000000
0.000000,1.000000,0.000000,57,scarcity_peak,forecast,3.625000,0.000000,0.000000,0.000000
0.000000,1.000000,0.000000,57,scarcity_peak,hindsight,3.625000,0.000000,0.000000,0.000000
0.000000,1.000000,0.000000,58,negative_midday,idle,0.000000,2.800000,0.000000,0.000000
0.000000,1.000000,0.000000,58,negative_midday,clock,2.800000,0.000000,0.000000,0.000000
0.000000,1.000000,0.000000,58,negative_midday,forecast,2.800000,0.000000,0.000000,0.000000
0.000000,1.000000,0.000000,58,negative_midday,hindsight,2.800000,0.000000,0.000000,0.000000
0.000000,1.000000,0.000000,59,flat_missed_event,idle,0.000000,0.000000,0.000000,0.000000
0.000000,1.000000,0.000000,59,flat_missed_event,clock,-0.000000,0.000000,0.000000,0.000000
0.000000,1.000000,0.000000,59,flat_missed_event,forecast,0.000000,0.000000,0.000000,0.000000
0.000000,1.000000,0.000000,59,flat_missed_event,hindsight,0.000000,0.000000,0.000000,0.000000
0.000000,1.000000,0.000000,60,evening_peak,idle,0.000000,2.125000,0.000000,0.000000
0.000000,1.000000,0.000000,60,evening_peak,clock,2.125000,0.000000,0.000000,0.000000
0.000000,1.000000,0.000000,60,evening_peak,forecast,2.125000,0.000000,0.000000,0.000000
0.000000,1.000000,0.000000,60,evening_peak,hindsight,2.125000,0.000000,0.000000,0.000000
0.000000,1.000000,0.000000,61,scarcity_peak,idle,0.000000,3.625000,0.000000,0.000000
0.000000,1.000000,0.000000,61,scarcity_peak,clock,3.625000,0.000000,0.000000,0.000000
0.000000,1.000000,0.000000,61,scarcity_peak,forecast,3.625000,0.000000,0.000000,0.000000
0.000000,1.000000,0.000000,61,scarcity_peak,hindsight,3.625000,0.000000,0.000000,0.000000
0.000000,1.000000,0.000000,62,negative_midday,idle,0.000000,2.800000,0.000000,0.000000
0.000000,1.000000,0.000000,62,negative_midday,clock,2.800000,0.000000,0.000000,0.000000
0.000000,1.000000,0.000000,62,negative_midday,forecast,2.800000,0.000000,0.000000,0.000000
0.000000,1.000000,0.000000,62,negative_midday,hindsight,2.800000,0.000000,0.000000,0.000000
0.000000,1.000000,0.000000,63,flat_missed_event,idle,0.000000,0.000000,0.000000,0.000000
0.000000,1.000000,0.000000,63,flat_missed_event,clock,-0.000000,0.000000,0.000000,0.000000
0.000000,1.000000,0.000000,63,flat_missed_event,forecast,0.000000,0.000000,0.000000,0.000000
0.000000,1.000000,0.000000,63,flat_missed_event,hindsight,0.000000,0.000000,0.000000,0.000000
0.000000,1.000000,0.000000,64,evening_peak,idle,0.000000,2.125000,0.000000,0.000000
0.000000,1.000000,0.000000,64,evening_peak,clock,2.125000,0.000000,0.000000,0.000000
0.000000,1.000000,0.000000,64,evening_peak,forecast,2.125000,0.000000,0.000000,0.000000
0.000000,1.000000,0.000000,64,evening_peak,hindsight,2.125000,0.000000,0.000000,0.000000
0.000000,1.000000,0.000000,65,scarcity_peak,idle,0.000000,3.625000,0.000000,0.000000
0.000000,1.000000,0.000000,65,scarcity_peak,clock,3.625000,0.000000,0.000000,0.000000
0.000000,1.000000,0.000000,65,scarcity_peak,forecast,3.625000,0.000000,0.000000,0.000000
0.000000,1.000000,0.000000,65,scarcity_peak,hindsight,3.625000,0.000000,0.000000,0.000000
0.000000,1.000000,0.000000,66,negative_midday,idle,0.000000,2.800000,0.000000,0.000000
0.000000,1.000000,0.000000,66,negative_midday,clock,2.800000,0.000000,0.000000,0.000000
0.000000,1.000000,0.000000,66,negative_midday,forecast,2.800000,0.000000,0.000000,0.000000
0.000000,1.000000,0.000000,66,negative_midday,hindsight,2.800000,0.000000,0.000000,0.000000
0.000000,1.000000,0.000000,67,flat_missed_event,idle,0.000000,0.000000,0.000000,0.000000
0.000000,1.000000,0.000000,67,flat_missed_event,clock,-0.000000,0.000000,0.000000,0.000000
0.000000,1.000000,0.000000,67,flat_missed_event,forecast,0.000000,0.000000,0.000000,0.000000
0.000000,1.000000,0.000000,67,flat_missed_event,hindsight,0.000000,0.000000,0.000000,0.000000
0.000000,1.000000,0.000000,68,evening_peak,idle,0.000000,2.125000,0.000000,0.000000
0.000000,1.000000,0.000000,68,evening_peak,clock,2.125000,0.000000,0.000000,0.000000
0.000000,1.000000,0.000000,68,evening_peak,forecast,2.125000,0.000000,0.000000,0.000000
0.000000,1.000000,0.000000,68,evening_peak,hindsight,2.125000,0.000000,0.000000,0.000000
0.000000,1.000000,0.000000,69,scarcity_peak,idle,0.000000,3.625000,0.000000,0.000000
0.000000,1.000000,0.000000,69,scarcity_peak,clock,3.625000,0.000000,0.000000,0.000000
0.000000,1.000000,0.000000,69,scarcity_peak,forecast,3.625000,0.000000,0.000000,0.000000
0.000000,1.000000,0.000000,69,scarcity_peak,hindsight,3.625000,0.000000,0.000000,0.000000
0.000000,1.000000,0.000000,70,negative_midday,idle,0.000000,2.800000,0.000000,0.000000
0.000000,1.000000,0.000000,70,negative_midday,clock,2.800000,0.000000,0.000000,0.000000
0.000000,1.000000,0.000000,70,negative_midday,forecast,2.800000,0.000000,0.000000,0.000000
0.000000,1.000000,0.000000,70,negative_midday,hindsight,2.800000,0.000000,0.000000,0.000000
0.000000,1.000000,0.000000,71,flat_missed_event,idle,0.000000,0.000000,0.000000,0.000000
0.000000,1.000000,0.000000,71,flat_missed_event,clock,-0.000000,0.000000,0.000000,0.000000
0.000000,1.000000,0.000000,71,flat_missed_event,forecast,0.000000,0.000000,0.000000,0.000000
0.000000,1.000000,0.000000,71,flat_missed_event,hindsight,0.000000,0.000000,0.000000,0.000000
0.000000,1.000000,0.000000,72,evening_peak,idle,0.000000,2.125000,0.000000,0.000000
0.000000,1.000000,0.000000,72,evening_peak,clock,2.125000,0.000000,0.000000,0.000000
0.000000,1.000000,0.000000,72,evening_peak,forecast,2.125000,0.000000,0.000000,0.000000
0.000000,1.000000,0.000000,72,evening_peak,hindsight,2.125000,0.000000,0.000000,0.000000
0.000000,1.000000,0.000000,73,scarcity_peak,idle,0.000000,3.625000,0.000000,0.000000
0.000000,1.000000,0.000000,73,scarcity_peak,clock,3.625000,0.000000,0.000000,0.000000
0.000000,1.000000,0.000000,73,scarcity_peak,forecast,3.625000,0.000000,0.000000,0.000000
0.000000,1.000000,0.000000,73,scarcity_peak,hindsight,3.625000,0.000000,0.000000,0.000000
0.000000,1.000000,0.000000,74,negative_midday,idle,0.000000,2.800000,0.000000,0.000000
0.000000,1.000000,0.000000,74,negative_midday,clock,2.800000,0.000000,0.000000,0.000000
0.000000,1.000000,0.000000,74,negative_midday,forecast,2.800000,0.000000,0.000000,0.000000
0.000000,1.000000,0.000000,74,negative_midday,hindsight,2.800000,0.000000,0.000000,0.000000
0.000000,1.000000,0.000000,75,flat_missed_event,idle,0.000000,0.000000,0.000000,0.000000
0.000000,1.000000,0.000000,75,flat_missed_event,clock,-0.000000,0.000000,0.000000,0.000000
0.000000,1.000000,0.000000,75,flat_missed_event,forecast,0.000000,0.000000,0.000000,0.000000
0.000000,1.000000,0.000000,75,flat_missed_event,hindsight,0.000000,0.000000,0.000000,0.000000
0.000000,1.000000,0.000000,76,evening_peak,idle,0.000000,2.125000,0.000000,0.000000
0.000000,1.000000,0.000000,76,evening_peak,clock,2.125000,0.000000,0.000000,0.000000
0.000000,1.000000,0.000000,76,evening_peak,forecast,2.125000,0.000000,0.000000,0.000000
0.000000,1.000000,0.000000,76,evening_peak,hindsight,2.125000,0.000000,0.000000,0.000000
0.000000,1.000000,0.000000,77,scarcity_peak,idle,0.000000,3.625000,0.000000,0.000000
0.000000,1.000000,0.000000,77,scarcity_peak,clock,3.625000,0.000000,0.000000,0.000000
0.000000,1.000000,0.000000,77,scarcity_peak,forecast,3.625000,0.000000,0.000000,0.000000
0.000000,1.000000,0.000000,77,scarcity_peak,hindsight,3.625000,0.000000,0.000000,0.000000
0.000000,1.000000,0.000000,78,negative_midday,idle,0.000000,2.800000,0.000000,0.000000
0.000000,1.000000,0.000000,78,negative_midday,clock,2.800000,0.000000,0.000000,0.000000
0.000000,1.000000,0.000000,78,negative_midday,forecast,2.800000,0.000000,0.000000,0.000000
0.000000,1.000000,0.000000,78,negative_midday,hindsight,2.800000,0.000000,0.000000,0.000000
0.000000,1.000000,0.000000,79,flat_missed_event,idle,0.000000,0.000000,0.000000,0.000000
0.000000,1.000000,0.000000,79,flat_missed_event,clock,-0.000000,0.000000,0.000000,0.000000
0.000000,1.000000,0.000000,79,flat_missed_event,forecast,0.000000,0.000000,0.000000,0.000000
0.000000,1.000000,0.000000,79,flat_missed_event,hindsight,0.000000,0.000000,0.000000,0.000000
0.000000,1.000000,0.000000,80,evening_peak,idle,0.000000,2.125000,0.000000,0.000000
0.000000,1.000000,0.000000,80,evening_peak,clock,2.125000,0.000000,0.000000,0.000000
0.000000,1.000000,0.000000,80,evening_peak,forecast,2.125000,0.000000,0.000000,0.000000
0.000000,1.000000,0.000000,80,evening_peak,hindsight,2.125000,0.000000,0.000000,0.000000
0.000000,1.000000,0.000000,81,scarcity_peak,idle,0.000000,3.625000,0.000000,0.000000
0.000000,1.000000,0.000000,81,scarcity_peak,clock,3.625000,0.000000,0.000000,0.000000
0.000000,1.000000,0.000000,81,scarcity_peak,forecast,3.625000,0.000000,0.000000,0.000000
0.000000,1.000000,0.000000,81,scarcity_peak,hindsight,3.625000,0.000000,0.000000,0.000000
0.000000,1.000000,0.000000,82,negative_midday,idle,0.000000,2.800000,0.000000,0.000000
0.000000,1.000000,0.000000,82,negative_midday,clock,2.800000,0.000000,0.000000,0.000000
0.000000,1.000000,0.000000,82,negative_midday,forecast,2.800000,0.000000,0.000000,0.000000
0.000000,1.000000,0.000000,82,negative_midday,hindsight,2.800000,0.000000,0.000000,0.000000
0.000000,1.000000,0.000000,83,flat_missed_event,idle,0.000000,0.000000,0.000000,0.000000
0.000000,1.000000,0.000000,83,flat_missed_event,clock,-0.000000,0.000000,0.000000,0.000000
0.000000,1.000000,0.000000,83,flat_missed_event,forecast,0.000000,0.000000,0.000000,0.000000
0.000000,1.000000,0.000000,83,flat_missed_event,hindsight,0.000000,0.000000,0.000000,0.000000
0.000000,1.000000,0.000000,84,evening_peak,idle,0.000000,2.125000,0.000000,0.000000
0.000000,1.000000,0.000000,84,evening_peak,clock,2.125000,0.000000,0.000000,0.000000
0.000000,1.000000,0.000000,84,evening_peak,forecast,2.125000,0.000000,0.000000,0.000000
0.000000,1.000000,0.000000,84,evening_peak,hindsight,2.125000,0.000000,0.000000,0.000000
0.000000,1.000000,0.000000,85,scarcity_peak,idle,0.000000,3.625000,0.000000,0.000000
0.000000,1.000000,0.000000,85,scarcity_peak,clock,3.625000,0.000000,0.000000,0.000000
0.000000,1.000000,0.000000,85,scarcity_peak,forecast,3.625000,0.000000,0.000000,0.000000
0.000000,1.000000,0.000000,85,scarcity_peak,hindsight,3.625000,0.000000,0.000000,0.000000
0.000000,1.000000,0.000000,86,negative_midday,idle,0.000000,2.800000,0.000000,0.000000
0.000000,1.000000,0.000000,86,negative_midday,clock,2.800000,0.000000,0.000000,0.000000
0.000000,1.000000,0.000000,86,negative_midday,forecast,2.800000,0.000000,0.000000,0.000000
0.000000,1.000000,0.000000,86,negative_midday,hindsight,2.800000,0.000000,0.000000,0.000000
0.000000,1.000000,0.000000,87,flat_missed_event,idle,0.000000,0.000000,0.000000,0.000000
0.000000,1.000000,0.000000,87,flat_missed_event,clock,-0.000000,0.000000,0.000000,0.000000
0.000000,1.000000,0.000000,87,flat_missed_event,forecast,0.000000,0.000000,0.000000,0.000000
0.000000,1.000000,0.000000,87,flat_missed_event,hindsight,0.000000,0.000000,0.000000,0.000000
0.000000,1.000000,0.000000,88,evening_peak,idle,0.000000,2.125000,0.000000,0.000000
0.000000,1.000000,0.000000,88,evening_peak,clock,2.125000,0.000000,0.000000,0.000000
0.000000,1.000000,0.000000,88,evening_peak,forecast,2.125000,0.000000,0.000000,0.000000
0.000000,1.000000,0.000000,88,evening_peak,hindsight,2.125000,0.000000,0.000000,0.000000
0.000000,1.000000,0.000000,89,scarcity_peak,idle,0.000000,3.625000,0.000000,0.000000
0.000000,1.000000,0.000000,89,scarcity_peak,clock,3.625000,0.000000,0.000000,0.000000
0.000000,1.000000,0.000000,89,scarcity_peak,forecast,3.625000,0.000000,0.000000,0.000000
0.000000,1.000000,0.000000,89,scarcity_peak,hindsight,3.625000,0.000000,0.000000,0.000000
0.000000,1.000000,0.000000,90,negative_midday,idle,0.000000,2.800000,0.000000,0.000000
0.000000,1.000000,0.000000,90,negative_midday,clock,2.800000,0.000000,0.000000,0.000000
0.000000,1.000000,0.000000,90,negative_midday,forecast,2.800000,0.000000,0.000000,0.000000
0.000000,1.000000,0.000000,90,negative_midday,hindsight,2.800000,0.000000,0.000000,0.000000
0.000000,1.000000,0.000000,91,flat_missed_event,idle,0.000000,0.000000,0.000000,0.000000
0.000000,1.000000,0.000000,91,flat_missed_event,clock,-0.000000,0.000000,0.000000,0.000000
0.000000,1.000000,0.000000,91,flat_missed_event,forecast,0.000000,0.000000,0.000000,0.000000
0.000000,1.000000,0.000000,91,flat_missed_event,hindsight,0.000000,0.000000,0.000000,0.000000
0.000000,1.000000,0.000000,92,evening_peak,idle,0.000000,2.125000,0.000000,0.000000
0.000000,1.000000,0.000000,92,evening_peak,clock,2.125000,0.000000,0.000000,0.000000
0.000000,1.000000,0.000000,92,evening_peak,forecast,2.125000,0.000000,0.000000,0.000000
0.000000,1.000000,0.000000,92,evening_peak,hindsight,2.125000,0.000000,0.000000,0.000000
0.000000,1.000000,0.000000,93,scarcity_peak,idle,0.000000,3.625000,0.000000,0.000000
0.000000,1.000000,0.000000,93,scarcity_peak,clock,3.625000,0.000000,0.000000,0.000000
0.000000,1.000000,0.000000,93,scarcity_peak,forecast,3.625000,0.000000,0.000000,0.000000
0.000000,1.000000,0.000000,93,scarcity_peak,hindsight,3.625000,0.000000,0.000000,0.000000
0.000000,1.000000,0.000000,94,negative_midday,idle,0.000000,2.800000,0.000000,0.000000
0.000000,1.000000,0.000000,94,negative_midday,clock,2.800000,0.000000,0.000000,0.000000
0.000000,1.000000,0.000000,94,negative_midday,forecast,2.800000,0.000000,0.000000,0.000000
0.000000,1.000000,0.000000,94,negative_midday,hindsight,2.800000,0.000000,0.000000,0.000000
0.000000,1.000000,0.000000,95,flat_missed_event,idle,0.000000,0.000000,0.000000,0.000000
0.000000,1.000000,0.000000,95,flat_missed_event,clock,-0.000000,0.000000,0.000000,0.000000
0.000000,1.000000,0.000000,95,flat_missed_event,forecast,0.000000,0.000000,0.000000,0.000000
0.000000,1.000000,0.000000,95,flat_missed_event,hindsight,0.000000,0.000000,0.000000,0.000000
0.000000,1.000000,0.000000,96,evening_peak,idle,0.000000,2.125000,0.000000,0.000000
0.000000,1.000000,0.000000,96,evening_peak,clock,2.125000,0.000000,0.000000,0.000000
0.000000,1.000000,0.000000,96,evening_peak,forecast,2.125000,0.000000,0.000000,0.000000
0.000000,1.000000,0.000000,96,evening_peak,hindsight,2.125000,0.000000,0.000000,0.000000
0.000000,1.000000,0.000000,97,scarcity_peak,idle,0.000000,3.625000,0.000000,0.000000
0.000000,1.000000,0.000000,97,scarcity_peak,clock,3.625000,0.000000,0.000000,0.000000
0.000000,1.000000,0.000000,97,scarcity_peak,forecast,3.625000,0.000000,0.000000,0.000000
0.000000,1.000000,0.000000,97,scarcity_peak,hindsight,3.625000,0.000000,0.000000,0.000000
0.000000,1.000000,0.000000,98,negative_midday,idle,0.000000,2.800000,0.000000,0.000000
0.000000,1.000000,0.000000,98,negative_midday,clock,2.800000,0.000000,0.000000,0.000000
0.000000,1.000000,0.000000,98,negative_midday,forecast,2.800000,0.000000,0.000000,0.000000
0.000000,1.000000,0.000000,98,negative_midday,hindsight,2.800000,0.000000,0.000000,0.000000
0.000000,1.000000,0.000000,99,flat_missed_event,idle,0.000000,0.000000,0.000000,0.000000
0.000000,1.000000,0.000000,99,flat_missed_event,clock,-0.000000,0.000000,0.000000,0.000000
0.000000,1.000000,0.000000,99,flat_missed_event,forecast,0.000000,0.000000,0.000000,0.000000
0.000000,1.000000,0.000000,99,flat_missed_event,hindsight,0.000000,0.000000,0.000000,0.000000
0.000000,1.000000,0.000000,100,evening_peak,idle,0.000000,2.125000,0.000000,0.000000
0.000000,1.000000,0.000000,100,evening_peak,clock,2.125000,0.000000,0.000000,0.000000
0.000000,1.000000,0.000000,100,evening_peak,forecast,2.125000,0.000000,0.000000,0.000000
0.000000,1.000000,0.000000,100,evening_peak,hindsight,2.125000,0.000000,0.000000,0.000000
0.000000,1.000000,0.000000,101,scarcity_peak,idle,0.000000,3.625000,0.000000,0.000000
0.000000,1.000000,0.000000,101,scarcity_peak,clock,3.625000,0.000000,0.000000,0.000000
0.000000,1.000000,0.000000,101,scarcity_peak,forecast,3.625000,0.000000,0.000000,0.000000
0.000000,1.000000,0.000000,101,scarcity_peak,hindsight,3.625000,0.000000,0.000000,0.000000
0.000000,1.000000,0.000000,102,negative_midday,idle,0.000000,2.800000,0.000000,0.000000
0.000000,1.000000,0.000000,102,negative_midday,clock,2.800000,0.000000,0.000000,0.000000
0.000000,1.000000,0.000000,102,negative_midday,forecast,2.800000,0.000000,0.000000,0.000000
0.000000,1.000000,0.000000,102,negative_midday,hindsight,2.800000,0.000000,0.000000,0.000000
0.000000,1.000000,0.000000,103,flat_missed_event,idle,0.000000,0.000000,0.000000,0.000000
0.000000,1.000000,0.000000,103,flat_missed_event,clock,-0.000000,0.000000,0.000000,0.000000
0.000000,1.000000,0.000000,103,flat_missed_event,forecast,0.000000,0.000000,0.000000,0.000000
0.000000,1.000000,0.000000,103,flat_missed_event,hindsight,0.000000,0.000000,0.000000,0.000000
0.000000,1.000000,0.000000,104,evening_peak,idle,0.000000,2.125000,0.000000,0.000000
0.000000,1.000000,0.000000,104,evening_peak,clock,2.125000,0.000000,0.000000,0.000000
0.000000,1.000000,0.000000,104,evening_peak,forecast,2.125000,0.000000,0.000000,0.000000
0.000000,1.000000,0.000000,104,evening_peak,hindsight,2.125000,0.000000,0.000000,0.000000
0.000000,1.000000,0.000000,105,scarcity_peak,idle,0.000000,3.625000,0.000000,0.000000
0.000000,1.000000,0.000000,105,scarcity_peak,clock,3.625000,0.000000,0.000000,0.000000
0.000000,1.000000,0.000000,105,scarcity_peak,forecast,3.625000,0.000000,0.000000,0.000000
0.000000,1.000000,0.000000,105,scarcity_peak,hindsight,3.625000,0.000000,0.000000,0.000000
0.000000,1.000000,0.000000,106,negative_midday,idle,0.000000,2.800000,0.000000,0.000000
0.000000,1.000000,0.000000,106,negative_midday,clock,2.800000,0.000000,0.000000,0.000000
0.000000,1.000000,0.000000,106,negative_midday,forecast,2.800000,0.000000,0.000000,0.000000
0.000000,1.000000,0.000000,106,negative_midday,hindsight,2.800000,0.000000,0.000000,0.000000
0.000000,1.000000,0.000000,107,flat_missed_event,idle,0.000000,0.000000,0.000000,0.000000
0.000000,1.000000,0.000000,107,flat_missed_event,clock,-0.000000,0.000000,0.000000,0.000000
0.000000,1.000000,0.000000,107,flat_missed_event,forecast,0.000000,0.000000,0.000000,0.000000
0.000000,1.000000,0.000000,107,flat_missed_event,hindsight,0.000000,0.000000,0.000000,0.000000
0.000000,1.000000,0.000000,108,evening_peak,idle,0.000000,2.125000,0.000000,0.000000
0.000000,1.000000,0.000000,108,evening_peak,clock,2.125000,0.000000,0.000000,0.000000
0.000000,1.000000,0.000000,108,evening_peak,forecast,2.125000,0.000000,0.000000,0.000000
0.000000,1.000000,0.000000,108,evening_peak,hindsight,2.125000,0.000000,0.000000,0.000000
0.000000,1.000000,0.000000,109,scarcity_peak,idle,0.000000,3.625000,0.000000,0.000000
0.000000,1.000000,0.000000,109,scarcity_peak,clock,3.625000,0.000000,0.000000,0.000000
0.000000,1.000000,0.000000,109,scarcity_peak,forecast,3.625000,0.000000,0.000000,0.000000
0.000000,1.000000,0.000000,109,scarcity_peak,hindsight,3.625000,0.000000,0.000000,0.000000
0.000000,1.000000,0.000000,110,negative_midday,idle,0.000000,2.800000,0.000000,0.000000
0.000000,1.000000,0.000000,110,negative_midday,clock,2.800000,0.000000,0.000000,0.000000
0.000000,1.000000,0.000000,110,negative_midday,forecast,2.800000,0.000000,0.000000,0.000000
0.000000,1.000000,0.000000,110,negative_midday,hindsight,2.800000,0.000000,0.000000,0.000000
0.000000,1.000000,0.000000,111,flat_missed_event,idle,0.000000,0.000000,0.000000,0.000000
0.000000,1.000000,0.000000,111,flat_missed_event,clock,-0.000000,0.000000,0.000000,0.000000
0.000000,1.000000,0.000000,111,flat_missed_event,forecast,0.000000,0.000000,0.000000,0.000000
0.000000,1.000000,0.000000,111,flat_missed_event,hindsight,0.000000,0.000000,0.000000,0.000000
0.000000,1.000000,0.000000,112,evening_peak,idle,0.000000,2.125000,0.000000,0.000000
0.000000,1.000000,0.000000,112,evening_peak,clock,2.125000,0.000000,0.000000,0.000000
0.000000,1.000000,0.000000,112,evening_peak,forecast,2.125000,0.000000,0.000000,0.000000
0.000000,1.000000,0.000000,112,evening_peak,hindsight,2.125000,0.000000,0.000000,0.000000
0.000000,1.000000,0.000000,113,scarcity_peak,idle,0.000000,3.625000,0.000000,0.000000
0.000000,1.000000,0.000000,113,scarcity_peak,clock,3.625000,0.000000,0.000000,0.000000
0.000000,1.000000,0.000000,113,scarcity_peak,forecast,3.625000,0.000000,0.000000,0.000000
0.000000,1.000000,0.000000,113,scarcity_peak,hindsight,3.625000,0.000000,0.000000,0.000000
0.000000,1.000000,0.000000,114,negative_midday,idle,0.000000,2.800000,0.000000,0.000000
0.000000,1.000000,0.000000,114,negative_midday,clock,2.800000,0.000000,0.000000,0.000000
0.000000,1.000000,0.000000,114,negative_midday,forecast,2.800000,0.000000,0.000000,0.000000
0.000000,1.000000,0.000000,114,negative_midday,hindsight,2.800000,0.000000,0.000000,0.000000
0.000000,1.000000,0.000000,115,flat_missed_event,idle,0.000000,0.000000,0.000000,0.000000
0.000000,1.000000,0.000000,115,flat_missed_event,clock,-0.000000,0.000000,0.000000,0.000000
0.000000,1.000000,0.000000,115,flat_missed_event,forecast,0.000000,0.000000,0.000000,0.000000
0.000000,1.000000,0.000000,115,flat_missed_event,hindsight,0.000000,0.000000,0.000000,0.000000
0.000000,1.000000,0.000000,116,evening_peak,idle,0.000000,2.125000,0.000000,0.000000
0.000000,1.000000,0.000000,116,evening_peak,clock,2.125000,0.000000,0.000000,0.000000
0.000000,1.000000,0.000000,116,evening_peak,forecast,2.125000,0.000000,0.000000,0.000000
0.000000,1.000000,0.000000,116,evening_peak,hindsight,2.125000,0.000000,0.000000,0.000000
0.000000,1.000000,0.000000,117,scarcity_peak,idle,0.000000,3.625000,0.000000,0.000000
0.000000,1.000000,0.000000,117,scarcity_peak,clock,3.625000,0.000000,0.000000,0.000000
0.000000,1.000000,0.000000,117,scarcity_peak,forecast,3.625000,0.000000,0.000000,0.000000
0.000000,1.000000,0.000000,117,scarcity_peak,hindsight,3.625000,0.000000,0.000000,0.000000
0.000000,1.000000,0.000000,118,negative_midday,idle,0.000000,2.800000,0.000000,0.000000
0.000000,1.000000,0.000000,118,negative_midday,clock,2.800000,0.000000,0.000000,0.000000
0.000000,1.000000,0.000000,118,negative_midday,forecast,2.800000,0.000000,0.000000,0.000000
0.000000,1.000000,0.000000,118,negative_midday,hindsight,2.800000,0.000000,0.000000,0.000000
0.000000,1.000000,0.000000,119,flat_missed_event,idle,0.000000,0.000000,0.000000,0.000000
0.000000,1.000000,0.000000,119,flat_missed_event,clock,-0.000000,0.000000,0.000000,0.000000
0.000000,1.000000,0.000000,119,flat_missed_event,forecast,0.000000,0.000000,0.000000,0.000000
0.000000,1.000000,0.000000,119,flat_missed_event,hindsight,0.000000,0.000000,0.000000,0.000000
0.000000,1.000000,5.000000,0,evening_peak,idle,0.000000,1.700000,5.000000,5.000000
0.000000,1.000000,5.000000,0,evening_peak,clock,1.700000,0.000000,5.000000,5.000000
0.000000,1.000000,5.000000,0,evening_peak,forecast,1.700000,0.000000,5.000000,5.000000
0.000000,1.000000,5.000000,0,evening_peak,hindsight,1.700000,0.000000,5.000000,5.000000
0.000000,1.000000,5.000000,1,scarcity_peak,idle,0.000000,3.200000,5.000000,5.000000
0.000000,1.000000,5.000000,1,scarcity_peak,clock,3.200000,0.000000,5.000000,5.000000
0.000000,1.000000,5.000000,1,scarcity_peak,forecast,3.200000,0.000000,5.000000,5.000000
0.000000,1.000000,5.000000,1,scarcity_peak,hindsight,3.200000,0.000000,5.000000,5.000000
0.000000,1.000000,5.000000,2,negative_midday,idle,0.000000,2.375000,5.000000,5.000000
0.000000,1.000000,5.000000,2,negative_midday,clock,2.375000,0.000000,5.000000,5.000000
0.000000,1.000000,5.000000,2,negative_midday,forecast,2.375000,0.000000,5.000000,5.000000
0.000000,1.000000,5.000000,2,negative_midday,hindsight,2.375000,0.000000,5.000000,5.000000
0.000000,1.000000,5.000000,3,flat_missed_event,idle,0.000000,0.000000,5.000000,5.000000
0.000000,1.000000,5.000000,3,flat_missed_event,clock,-0.000000,0.000000,5.000000,5.000000
0.000000,1.000000,5.000000,3,flat_missed_event,forecast,0.000000,0.000000,5.000000,5.000000
0.000000,1.000000,5.000000,3,flat_missed_event,hindsight,0.000000,0.000000,5.000000,5.000000
0.000000,1.000000,5.000000,4,evening_peak,idle,0.000000,1.700000,5.000000,5.000000
0.000000,1.000000,5.000000,4,evening_peak,clock,1.700000,0.000000,5.000000,5.000000
0.000000,1.000000,5.000000,4,evening_peak,forecast,1.700000,0.000000,5.000000,5.000000
0.000000,1.000000,5.000000,4,evening_peak,hindsight,1.700000,0.000000,5.000000,5.000000
0.000000,1.000000,5.000000,5,scarcity_peak,idle,0.000000,3.200000,5.000000,5.000000
0.000000,1.000000,5.000000,5,scarcity_peak,clock,3.200000,0.000000,5.000000,5.000000
0.000000,1.000000,5.000000,5,scarcity_peak,forecast,3.200000,0.000000,5.000000,5.000000
0.000000,1.000000,5.000000,5,scarcity_peak,hindsight,3.200000,0.000000,5.000000,5.000000
0.000000,1.000000,5.000000,6,negative_midday,idle,0.000000,2.375000,5.000000,5.000000
0.000000,1.000000,5.000000,6,negative_midday,clock,2.375000,0.000000,5.000000,5.000000
0.000000,1.000000,5.000000,6,negative_midday,forecast,2.375000,0.000000,5.000000,5.000000
0.000000,1.000000,5.000000,6,negative_midday,hindsight,2.375000,0.000000,5.000000,5.000000
0.000000,1.000000,5.000000,7,flat_missed_event,idle,0.000000,0.000000,5.000000,5.000000
0.000000,1.000000,5.000000,7,flat_missed_event,clock,-0.000000,0.000000,5.000000,5.000000
0.000000,1.000000,5.000000,7,flat_missed_event,forecast,0.000000,0.000000,5.000000,5.000000
0.000000,1.000000,5.000000,7,flat_missed_event,hindsight,0.000000,0.000000,5.000000,5.000000
0.000000,1.000000,5.000000,8,evening_peak,idle,0.000000,1.700000,5.000000,5.000000
0.000000,1.000000,5.000000,8,evening_peak,clock,1.700000,0.000000,5.000000,5.000000
0.000000,1.000000,5.000000,8,evening_peak,forecast,1.700000,0.000000,5.000000,5.000000
0.000000,1.000000,5.000000,8,evening_peak,hindsight,1.700000,0.000000,5.000000,5.000000
0.000000,1.000000,5.000000,9,scarcity_peak,idle,0.000000,3.200000,5.000000,5.000000
0.000000,1.000000,5.000000,9,scarcity_peak,clock,3.200000,0.000000,5.000000,5.000000
0.000000,1.000000,5.000000,9,scarcity_peak,forecast,3.200000,0.000000,5.000000,5.000000
0.000000,1.000000,5.000000,9,scarcity_peak,hindsight,3.200000,0.000000,5.000000,5.000000
0.000000,1.000000,5.000000,10,negative_midday,idle,0.000000,2.375000,5.000000,5.000000
0.000000,1.000000,5.000000,10,negative_midday,clock,2.375000,0.000000,5.000000,5.000000
0.000000,1.000000,5.000000,10,negative_midday,forecast,2.375000,0.000000,5.000000,5.000000
0.000000,1.000000,5.000000,10,negative_midday,hindsight,2.375000,0.000000,5.000000,5.000000
0.000000,1.000000,5.000000,11,flat_missed_event,idle,0.000000,0.000000,5.000000,5.000000
0.000000,1.000000,5.000000,11,flat_missed_event,clock,-0.000000,0.000000,5.000000,5.000000
0.000000,1.000000,5.000000,11,flat_missed_event,forecast,0.000000,0.000000,5.000000,5.000000
0.000000,1.000000,5.000000,11,flat_missed_event,hindsight,0.000000,0.000000,5.000000,5.000000
0.000000,1.000000,5.000000,12,evening_peak,idle,0.000000,1.700000,5.000000,5.000000
0.000000,1.000000,5.000000,12,evening_peak,clock,1.700000,0.000000,5.000000,5.000000
0.000000,1.000000,5.000000,12,evening_peak,forecast,1.700000,0.000000,5.000000,5.000000
0.000000,1.000000,5.000000,12,evening_peak,hindsight,1.700000,0.000000,5.000000,5.000000
0.000000,1.000000,5.000000,13,scarcity_peak,idle,0.000000,3.200000,5.000000,5.000000
0.000000,1.000000,5.000000,13,scarcity_peak,clock,3.200000,0.000000,5.000000,5.000000
0.000000,1.000000,5.000000,13,scarcity_peak,forecast,3.200000,0.000000,5.000000,5.000000
0.000000,1.000000,5.000000,13,scarcity_peak,hindsight,3.200000,0.000000,5.000000,5.000000
0.000000,1.000000,5.000000,14,negative_midday,idle,0.000000,2.375000,5.000000,5.000000
0.000000,1.000000,5.000000,14,negative_midday,clock,2.375000,0.000000,5.000000,5.000000
0.000000,1.000000,5.000000,14,negative_midday,forecast,2.375000,0.000000,5.000000,5.000000
0.000000,1.000000,5.000000,14,negative_midday,hindsight,2.375000,0.000000,5.000000,5.000000
0.000000,1.000000,5.000000,15,flat_missed_event,idle,0.000000,0.000000,5.000000,5.000000
0.000000,1.000000,5.000000,15,flat_missed_event,clock,-0.000000,0.000000,5.000000,5.000000
0.000000,1.000000,5.000000,15,flat_missed_event,forecast,0.000000,0.000000,5.000000,5.000000
0.000000,1.000000,5.000000,15,flat_missed_event,hindsight,0.000000,0.000000,5.000000,5.000000
0.000000,1.000000,5.000000,16,evening_peak,idle,0.000000,1.700000,5.000000,5.000000
0.000000,1.000000,5.000000,16,evening_peak,clock,1.700000,0.000000,5.000000,5.000000
0.000000,1.000000,5.000000,16,evening_peak,forecast,1.700000,0.000000,5.000000,5.000000
0.000000,1.000000,5.000000,16,evening_peak,hindsight,1.700000,0.000000,5.000000,5.000000
0.000000,1.000000,5.000000,17,scarcity_peak,idle,0.000000,3.200000,5.000000,5.000000
0.000000,1.000000,5.000000,17,scarcity_peak,clock,3.200000,0.000000,5.000000,5.000000
0.000000,1.000000,5.000000,17,scarcity_peak,forecast,3.200000,0.000000,5.000000,5.000000
0.000000,1.000000,5.000000,17,scarcity_peak,hindsight,3.200000,0.000000,5.000000,5.000000
0.000000,1.000000,5.000000,18,negative_midday,idle,0.000000,2.375000,5.000000,5.000000
0.000000,1.000000,5.000000,18,negative_midday,clock,2.375000,0.000000,5.000000,5.000000
0.000000,1.000000,5.000000,18,negative_midday,forecast,2.375000,0.000000,5.000000,5.000000
0.000000,1.000000,5.000000,18,negative_midday,hindsight,2.375000,0.000000,5.000000,5.000000
0.000000,1.000000,5.000000,19,flat_missed_event,idle,0.000000,0.000000,5.000000,5.000000
0.000000,1.000000,5.000000,19,flat_missed_event,clock,-0.000000,0.000000,5.000000,5.000000
0.000000,1.000000,5.000000,19,flat_missed_event,forecast,0.000000,0.000000,5.000000,5.000000
0.000000,1.000000,5.000000,19,flat_missed_event,hindsight,0.000000,0.000000,5.000000,5.000000
0.000000,1.000000,5.000000,20,evening_peak,idle,0.000000,1.700000,5.000000,5.000000
0.000000,1.000000,5.000000,20,evening_peak,clock,1.700000,0.000000,5.000000,5.000000
0.000000,1.000000,5.000000,20,evening_peak,forecast,1.700000,0.000000,5.000000,5.000000
0.000000,1.000000,5.000000,20,evening_peak,hindsight,1.700000,0.000000,5.000000,5.000000
0.000000,1.000000,5.000000,21,scarcity_peak,idle,0.000000,3.200000,5.000000,5.000000
0.000000,1.000000,5.000000,21,scarcity_peak,clock,3.200000,0.000000,5.000000,5.000000
0.000000,1.000000,5.000000,21,scarcity_peak,forecast,3.200000,0.000000,5.000000,5.000000
0.000000,1.000000,5.000000,21,scarcity_peak,hindsight,3.200000,0.000000,5.000000,5.000000
0.000000,1.000000,5.000000,22,negative_midday,idle,0.000000,2.375000,5.000000,5.000000
0.000000,1.000000,5.000000,22,negative_midday,clock,2.375000,0.000000,5.000000,5.000000
0.000000,1.000000,5.000000,22,negative_midday,forecast,2.375000,0.000000,5.000000,5.000000
0.000000,1.000000,5.000000,22,negative_midday,hindsight,2.375000,0.000000,5.000000,5.000000
0.000000,1.000000,5.000000,23,flat_missed_event,idle,0.000000,0.000000,5.000000,5.000000
0.000000,1.000000,5.000000,23,flat_missed_event,clock,-0.000000,0.000000,5.000000,5.000000
0.000000,1.000000,5.000000,23,flat_missed_event,forecast,0.000000,0.000000,5.000000,5.000000
0.000000,1.000000,5.000000,23,flat_missed_event,hindsight,0.000000,0.000000,5.000000,5.000000
0.000000,1.000000,5.000000,24,evening_peak,idle,0.000000,1.700000,5.000000,5.000000
0.000000,1.000000,5.000000,24,evening_peak,clock,1.700000,0.000000,5.000000,5.000000
0.000000,1.000000,5.000000,24,evening_peak,forecast,1.700000,0.000000,5.000000,5.000000
0.000000,1.000000,5.000000,24,evening_peak,hindsight,1.700000,0.000000,5.000000,5.000000
0.000000,1.000000,5.000000,25,scarcity_peak,idle,0.000000,3.200000,5.000000,5.000000
0.000000,1.000000,5.000000,25,scarcity_peak,clock,3.200000,0.000000,5.000000,5.000000
0.000000,1.000000,5.000000,25,scarcity_peak,forecast,3.200000,0.000000,5.000000,5.000000
0.000000,1.000000,5.000000,25,scarcity_peak,hindsight,3.200000,0.000000,5.000000,5.000000
0.000000,1.000000,5.000000,26,negative_midday,idle,0.000000,2.375000,5.000000,5.000000
0.000000,1.000000,5.000000,26,negative_midday,clock,2.375000,0.000000,5.000000,5.000000
0.000000,1.000000,5.000000,26,negative_midday,forecast,2.375000,0.000000,5.000000,5.000000
0.000000,1.000000,5.000000,26,negative_midday,hindsight,2.375000,0.000000,5.000000,5.000000
0.000000,1.000000,5.000000,27,flat_missed_event,idle,0.000000,0.000000,5.000000,5.000000
0.000000,1.000000,5.000000,27,flat_missed_event,clock,-0.000000,0.000000,5.000000,5.000000
0.000000,1.000000,5.000000,27,flat_missed_event,forecast,0.000000,0.000000,5.000000,5.000000
0.000000,1.000000,5.000000,27,flat_missed_event,hindsight,0.000000,0.000000,5.000000,5.000000
0.000000,1.000000,5.000000,28,evening_peak,idle,0.000000,1.700000,5.000000,5.000000
0.000000,1.000000,5.000000,28,evening_peak,clock,1.700000,0.000000,5.000000,5.000000
0.000000,1.000000,5.000000,28,evening_peak,forecast,1.700000,0.000000,5.000000,5.000000
0.000000,1.000000,5.000000,28,evening_peak,hindsight,1.700000,0.000000,5.000000,5.000000
0.000000,1.000000,5.000000,29,scarcity_peak,idle,0.000000,3.200000,5.000000,5.000000
0.000000,1.000000,5.000000,29,scarcity_peak,clock,3.200000,0.000000,5.000000,5.000000
0.000000,1.000000,5.000000,29,scarcity_peak,forecast,3.200000,0.000000,5.000000,5.000000
0.000000,1.000000,5.000000,29,scarcity_peak,hindsight,3.200000,0.000000,5.000000,5.000000
0.000000,1.000000,5.000000,30,negative_midday,idle,0.000000,2.375000,5.000000,5.000000
0.000000,1.000000,5.000000,30,negative_midday,clock,2.375000,0.000000,5.000000,5.000000
0.000000,1.000000,5.000000,30,negative_midday,forecast,2.375000,0.000000,5.000000,5.000000
0.000000,1.000000,5.000000,30,negative_midday,hindsight,2.375000,0.000000,5.000000,5.000000
0.000000,1.000000,5.000000,31,flat_missed_event,idle,0.000000,0.000000,5.000000,5.000000
0.000000,1.000000,5.000000,31,flat_missed_event,clock,-0.000000,0.000000,5.000000,5.000000
0.000000,1.000000,5.000000,31,flat_missed_event,forecast,0.000000,0.000000,5.000000,5.000000
0.000000,1.000000,5.000000,31,flat_missed_event,hindsight,0.000000,0.000000,5.000000,5.000000
0.000000,1.000000,5.000000,32,evening_peak,idle,0.000000,1.700000,5.000000,5.000000
0.000000,1.000000,5.000000,32,evening_peak,clock,1.700000,0.000000,5.000000,5.000000
0.000000,1.000000,5.000000,32,evening_peak,forecast,1.700000,0.000000,5.000000,5.000000
0.000000,1.000000,5.000000,32,evening_peak,hindsight,1.700000,0.000000,5.000000,5.000000
0.000000,1.000000,5.000000,33,scarcity_peak,idle,0.000000,3.200000,5.000000,5.000000
0.000000,1.000000,5.000000,33,scarcity_peak,clock,3.200000,0.000000,5.000000,5.000000
0.000000,1.000000,5.000000,33,scarcity_peak,forecast,3.200000,0.000000,5.000000,5.000000
0.000000,1.000000,5.000000,33,scarcity_peak,hindsight,3.200000,0.000000,5.000000,5.000000
0.000000,1.000000,5.000000,34,negative_midday,idle,0.000000,2.375000,5.000000,5.000000
0.000000,1.000000,5.000000,34,negative_midday,clock,2.375000,0.000000,5.000000,5.000000
0.000000,1.000000,5.000000,34,negative_midday,forecast,2.375000,0.000000,5.000000,5.000000
0.000000,1.000000,5.000000,34,negative_midday,hindsight,2.375000,0.000000,5.000000,5.000000
0.000000,1.000000,5.000000,35,flat_missed_event,idle,0.000000,0.000000,5.000000,5.000000
0.000000,1.000000,5.000000,35,flat_missed_event,clock,-0.000000,0.000000,5.000000,5.000000
0.000000,1.000000,5.000000,35,flat_missed_event,forecast,0.000000,0.000000,5.000000,5.000000
0.000000,1.000000,5.000000,35,flat_missed_event,hindsight,0.000000,0.000000,5.000000,5.000000
0.000000,1.000000,5.000000,36,evening_peak,idle,0.000000,1.700000,5.000000,5.000000
0.000000,1.000000,5.000000,36,evening_peak,clock,1.700000,0.000000,5.000000,5.000000
0.000000,1.000000,5.000000,36,evening_peak,forecast,1.700000,0.000000,5.000000,5.000000
0.000000,1.000000,5.000000,36,evening_peak,hindsight,1.700000,0.000000,5.000000,5.000000
0.000000,1.000000,5.000000,37,scarcity_peak,idle,0.000000,3.200000,5.000000,5.000000
0.000000,1.000000,5.000000,37,scarcity_peak,clock,3.200000,0.000000,5.000000,5.000000
0.000000,1.000000,5.000000,37,scarcity_peak,forecast,3.200000,0.000000,5.000000,5.000000
0.000000,1.000000,5.000000,37,scarcity_peak,hindsight,3.200000,0.000000,5.000000,5.000000
0.000000,1.000000,5.000000,38,negative_midday,idle,0.000000,2.375000,5.000000,5.000000
0.000000,1.000000,5.000000,38,negative_midday,clock,2.375000,0.000000,5.000000,5.000000
0.000000,1.000000,5.000000,38,negative_midday,forecast,2.375000,0.000000,5.000000,5.000000
0.000000,1.000000,5.000000,38,negative_midday,hindsight,2.375000,0.000000,5.000000,5.000000
0.000000,1.000000,5.000000,39,flat_missed_event,idle,0.000000,0.000000,5.000000,5.000000
0.000000,1.000000,5.000000,39,flat_missed_event,clock,-0.000000,0.000000,5.000000,5.000000
0.000000,1.000000,5.000000,39,flat_missed_event,forecast,0.000000,0.000000,5.000000,5.000000
0.000000,1.000000,5.000000,39,flat_missed_event,hindsight,0.000000,0.000000,5.000000,5.000000
0.000000,1.000000,5.000000,40,evening_peak,idle,0.000000,1.700000,5.000000,5.000000
0.000000,1.000000,5.000000,40,evening_peak,clock,1.700000,0.000000,5.000000,5.000000
0.000000,1.000000,5.000000,40,evening_peak,forecast,1.700000,0.000000,5.000000,5.000000
0.000000,1.000000,5.000000,40,evening_peak,hindsight,1.700000,0.000000,5.000000,5.000000
0.000000,1.000000,5.000000,41,scarcity_peak,idle,0.000000,3.200000,5.000000,5.000000
0.000000,1.000000,5.000000,41,scarcity_peak,clock,3.200000,0.000000,5.000000,5.000000
0.000000,1.000000,5.000000,41,scarcity_peak,forecast,3.200000,0.000000,5.000000,5.000000
0.000000,1.000000,5.000000,41,scarcity_peak,hindsight,3.200000,0.000000,5.000000,5.000000
0.000000,1.000000,5.000000,42,negative_midday,idle,0.000000,2.375000,5.000000,5.000000
0.000000,1.000000,5.000000,42,negative_midday,clock,2.375000,0.000000,5.000000,5.000000
0.000000,1.000000,5.000000,42,negative_midday,forecast,2.375000,0.000000,5.000000,5.000000
0.000000,1.000000,5.000000,42,negative_midday,hindsight,2.375000,0.000000,5.000000,5.000000
0.000000,1.000000,5.000000,43,flat_missed_event,idle,0.000000,0.000000,5.000000,5.000000
0.000000,1.000000,5.000000,43,flat_missed_event,clock,-0.000000,0.000000,5.000000,5.000000
0.000000,1.000000,5.000000,43,flat_missed_event,forecast,0.000000,0.000000,5.000000,5.000000
0.000000,1.000000,5.000000,43,flat_missed_event,hindsight,0.000000,0.000000,5.000000,5.000000
0.000000,1.000000,5.000000,44,evening_peak,idle,0.000000,1.700000,5.000000,5.000000
0.000000,1.000000,5.000000,44,evening_peak,clock,1.700000,0.000000,5.000000,5.000000
0.000000,1.000000,5.000000,44,evening_peak,forecast,1.700000,0.000000,5.000000,5.000000
0.000000,1.000000,5.000000,44,evening_peak,hindsight,1.700000,0.000000,5.000000,5.000000
0.000000,1.000000,5.000000,45,scarcity_peak,idle,0.000000,3.200000,5.000000,5.000000
0.000000,1.000000,5.000000,45,scarcity_peak,clock,3.200000,0.000000,5.000000,5.000000
0.000000,1.000000,5.000000,45,scarcity_peak,forecast,3.200000,0.000000,5.000000,5.000000
0.000000,1.000000,5.000000,45,scarcity_peak,hindsight,3.200000,0.000000,5.000000,5.000000
0.000000,1.000000,5.000000,46,negative_midday,idle,0.000000,2.375000,5.000000,5.000000
0.000000,1.000000,5.000000,46,negative_midday,clock,2.375000,0.000000,5.000000,5.000000
0.000000,1.000000,5.000000,46,negative_midday,forecast,2.375000,0.000000,5.000000,5.000000
0.000000,1.000000,5.000000,46,negative_midday,hindsight,2.375000,0.000000,5.000000,5.000000
0.000000,1.000000,5.000000,47,flat_missed_event,idle,0.000000,0.000000,5.000000,5.000000
0.000000,1.000000,5.000000,47,flat_missed_event,clock,-0.000000,0.000000,5.000000,5.000000
0.000000,1.000000,5.000000,47,flat_missed_event,forecast,0.000000,0.000000,5.000000,5.000000
0.000000,1.000000,5.000000,47,flat_missed_event,hindsight,0.000000,0.000000,5.000000,5.000000
0.000000,1.000000,5.000000,48,evening_peak,idle,0.000000,1.700000,5.000000,5.000000
0.000000,1.000000,5.000000,48,evening_peak,clock,1.700000,0.000000,5.000000,5.000000
0.000000,1.000000,5.000000,48,evening_peak,forecast,1.700000,0.000000,5.000000,5.000000
0.000000,1.000000,5.000000,48,evening_peak,hindsight,1.700000,0.000000,5.000000,5.000000
0.000000,1.000000,5.000000,49,scarcity_peak,idle,0.000000,3.200000,5.000000,5.000000
0.000000,1.000000,5.000000,49,scarcity_peak,clock,3.200000,0.000000,5.000000,5.000000
0.000000,1.000000,5.000000,49,scarcity_peak,forecast,3.200000,0.000000,5.000000,5.000000
0.000000,1.000000,5.000000,49,scarcity_peak,hindsight,3.200000,0.000000,5.000000,5.000000
0.000000,1.000000,5.000000,50,negative_midday,idle,0.000000,2.375000,5.000000,5.000000
0.000000,1.000000,5.000000,50,negative_midday,clock,2.375000,0.000000,5.000000,5.000000
0.000000,1.000000,5.000000,50,negative_midday,forecast,2.375000,0.000000,5.000000,5.000000
0.000000,1.000000,5.000000,50,negative_midday,hindsight,2.375000,0.000000,5.000000,5.000000
0.000000,1.000000,5.000000,51,flat_missed_event,idle,0.000000,0.000000,5.000000,5.000000
0.000000,1.000000,5.000000,51,flat_missed_event,clock,-0.000000,0.000000,5.000000,5.000000
0.000000,1.000000,5.000000,51,flat_missed_event,forecast,0.000000,0.000000,5.000000,5.000000
0.000000,1.000000,5.000000,51,flat_missed_event,hindsight,0.000000,0.000000,5.000000,5.000000
0.000000,1.000000,5.000000,52,evening_peak,idle,0.000000,1.700000,5.000000,5.000000
0.000000,1.000000,5.000000,52,evening_peak,clock,1.700000,0.000000,5.000000,5.000000
0.000000,1.000000,5.000000,52,evening_peak,forecast,1.700000,0.000000,5.000000,5.000000
0.000000,1.000000,5.000000,52,evening_peak,hindsight,1.700000,0.000000,5.000000,5.000000
0.000000,1.000000,5.000000,53,scarcity_peak,idle,0.000000,3.200000,5.000000,5.000000
0.000000,1.000000,5.000000,53,scarcity_peak,clock,3.200000,0.000000,5.000000,5.000000
0.000000,1.000000,5.000000,53,scarcity_peak,forecast,3.200000,0.000000,5.000000,5.000000
0.000000,1.000000,5.000000,53,scarcity_peak,hindsight,3.200000,0.000000,5.000000,5.000000
0.000000,1.000000,5.000000,54,negative_midday,idle,0.000000,2.375000,5.000000,5.000000
0.000000,1.000000,5.000000,54,negative_midday,clock,2.375000,0.000000,5.000000,5.000000
0.000000,1.000000,5.000000,54,negative_midday,forecast,2.375000,0.000000,5.000000,5.000000
0.000000,1.000000,5.000000,54,negative_midday,hindsight,2.375000,0.000000,5.000000,5.000000
0.000000,1.000000,5.000000,55,flat_missed_event,idle,0.000000,0.000000,5.000000,5.000000
0.000000,1.000000,5.000000,55,flat_missed_event,clock,-0.000000,0.000000,5.000000,5.000000
0.000000,1.000000,5.000000,55,flat_missed_event,forecast,0.000000,0.000000,5.000000,5.000000
0.000000,1.000000,5.000000,55,flat_missed_event,hindsight,0.000000,0.000000,5.000000,5.000000
0.000000,1.000000,5.000000,56,evening_peak,idle,0.000000,1.700000,5.000000,5.000000
0.000000,1.000000,5.000000,56,evening_peak,clock,1.700000,0.000000,5.000000,5.000000
0.000000,1.000000,5.000000,56,evening_peak,forecast,1.700000,0.000000,5.000000,5.000000
0.000000,1.000000,5.000000,56,evening_peak,hindsight,1.700000,0.000000,5.000000,5.000000
0.000000,1.000000,5.000000,57,scarcity_peak,idle,0.000000,3.200000,5.000000,5.000000
0.000000,1.000000,5.000000,57,scarcity_peak,clock,3.200000,0.000000,5.000000,5.000000
0.000000,1.000000,5.000000,57,scarcity_peak,forecast,3.200000,0.000000,5.000000,5.000000
0.000000,1.000000,5.000000,57,scarcity_peak,hindsight,3.200000,0.000000,5.000000,5.000000
0.000000,1.000000,5.000000,58,negative_midday,idle,0.000000,2.375000,5.000000,5.000000
0.000000,1.000000,5.000000,58,negative_midday,clock,2.375000,0.000000,5.000000,5.000000
0.000000,1.000000,5.000000,58,negative_midday,forecast,2.375000,0.000000,5.000000,5.000000
0.000000,1.000000,5.000000,58,negative_midday,hindsight,2.375000,0.000000,5.000000,5.000000
0.000000,1.000000,5.000000,59,flat_missed_event,idle,0.000000,0.000000,5.000000,5.000000
0.000000,1.000000,5.000000,59,flat_missed_event,clock,-0.000000,0.000000,5.000000,5.000000
0.000000,1.000000,5.000000,59,flat_missed_event,forecast,0.000000,0.000000,5.000000,5.000000
0.000000,1.000000,5.000000,59,flat_missed_event,hindsight,0.000000,0.000000,5.000000,5.000000
0.000000,1.000000,5.000000,60,evening_peak,idle,0.000000,1.700000,5.000000,5.000000
0.000000,1.000000,5.000000,60,evening_peak,clock,1.700000,0.000000,5.000000,5.000000
0.000000,1.000000,5.000000,60,evening_peak,forecast,1.700000,0.000000,5.000000,5.000000
0.000000,1.000000,5.000000,60,evening_peak,hindsight,1.700000,0.000000,5.000000,5.000000
0.000000,1.000000,5.000000,61,scarcity_peak,idle,0.000000,3.200000,5.000000,5.000000
0.000000,1.000000,5.000000,61,scarcity_peak,clock,3.200000,0.000000,5.000000,5.000000
0.000000,1.000000,5.000000,61,scarcity_peak,forecast,3.200000,0.000000,5.000000,5.000000
0.000000,1.000000,5.000000,61,scarcity_peak,hindsight,3.200000,0.000000,5.000000,5.000000
0.000000,1.000000,5.000000,62,negative_midday,idle,0.000000,2.375000,5.000000,5.000000
0.000000,1.000000,5.000000,62,negative_midday,clock,2.375000,0.000000,5.000000,5.000000
0.000000,1.000000,5.000000,62,negative_midday,forecast,2.375000,0.000000,5.000000,5.000000
0.000000,1.000000,5.000000,62,negative_midday,hindsight,2.375000,0.000000,5.000000,5.000000
0.000000,1.000000,5.000000,63,flat_missed_event,idle,0.000000,0.000000,5.000000,5.000000
0.000000,1.000000,5.000000,63,flat_missed_event,clock,-0.000000,0.000000,5.000000,5.000000
0.000000,1.000000,5.000000,63,flat_missed_event,forecast,0.000000,0.000000,5.000000,5.000000
0.000000,1.000000,5.000000,63,flat_missed_event,hindsight,0.000000,0.000000,5.000000,5.000000
0.000000,1.000000,5.000000,64,evening_peak,idle,0.000000,1.700000,5.000000,5.000000
0.000000,1.000000,5.000000,64,evening_peak,clock,1.700000,0.000000,5.000000,5.000000
0.000000,1.000000,5.000000,64,evening_peak,forecast,1.700000,0.000000,5.000000,5.000000
0.000000,1.000000,5.000000,64,evening_peak,hindsight,1.700000,0.000000,5.000000,5.000000
0.000000,1.000000,5.000000,65,scarcity_peak,idle,0.000000,3.200000,5.000000,5.000000
0.000000,1.000000,5.000000,65,scarcity_peak,clock,3.200000,0.000000,5.000000,5.000000
0.000000,1.000000,5.000000,65,scarcity_peak,forecast,3.200000,0.000000,5.000000,5.000000
0.000000,1.000000,5.000000,65,scarcity_peak,hindsight,3.200000,0.000000,5.000000,5.000000
0.000000,1.000000,5.000000,66,negative_midday,idle,0.000000,2.375000,5.000000,5.000000
0.000000,1.000000,5.000000,66,negative_midday,clock,2.375000,0.000000,5.000000,5.000000
0.000000,1.000000,5.000000,66,negative_midday,forecast,2.375000,0.000000,5.000000,5.000000
0.000000,1.000000,5.000000,66,negative_midday,hindsight,2.375000,0.000000,5.000000,5.000000
0.000000,1.000000,5.000000,67,flat_missed_event,idle,0.000000,0.000000,5.000000,5.000000
0.000000,1.000000,5.000000,67,flat_missed_event,clock,-0.000000,0.000000,5.000000,5.000000
0.000000,1.000000,5.000000,67,flat_missed_event,forecast,0.000000,0.000000,5.000000,5.000000
0.000000,1.000000,5.000000,67,flat_missed_event,hindsight,0.000000,0.000000,5.000000,5.000000
0.000000,1.000000,5.000000,68,evening_peak,idle,0.000000,1.700000,5.000000,5.000000
0.000000,1.000000,5.000000,68,evening_peak,clock,1.700000,0.000000,5.000000,5.000000
0.000000,1.000000,5.000000,68,evening_peak,forecast,1.700000,0.000000,5.000000,5.000000
0.000000,1.000000,5.000000,68,evening_peak,hindsight,1.700000,0.000000,5.000000,5.000000
0.000000,1.000000,5.000000,69,scarcity_peak,idle,0.000000,3.200000,5.000000,5.000000
0.000000,1.000000,5.000000,69,scarcity_peak,clock,3.200000,0.000000,5.000000,5.000000
0.000000,1.000000,5.000000,69,scarcity_peak,forecast,3.200000,0.000000,5.000000,5.000000
0.000000,1.000000,5.000000,69,scarcity_peak,hindsight,3.200000,0.000000,5.000000,5.000000
0.000000,1.000000,5.000000,70,negative_midday,idle,0.000000,2.375000,5.000000,5.000000
0.000000,1.000000,5.000000,70,negative_midday,clock,2.375000,0.000000,5.000000,5.000000
0.000000,1.000000,5.000000,70,negative_midday,forecast,2.375000,0.000000,5.000000,5.000000
0.000000,1.000000,5.000000,70,negative_midday,hindsight,2.375000,0.000000,5.000000,5.000000
0.000000,1.000000,5.000000,71,flat_missed_event,idle,0.000000,0.000000,5.000000,5.000000
0.000000,1.000000,5.000000,71,flat_missed_event,clock,-0.000000,0.000000,5.000000,5.000000
0.000000,1.000000,5.000000,71,flat_missed_event,forecast,0.000000,0.000000,5.000000,5.000000
0.000000,1.000000,5.000000,71,flat_missed_event,hindsight,0.000000,0.000000,5.000000,5.000000
0.000000,1.000000,5.000000,72,evening_peak,idle,0.000000,1.700000,5.000000,5.000000
0.000000,1.000000,5.000000,72,evening_peak,clock,1.700000,0.000000,5.000000,5.000000
0.000000,1.000000,5.000000,72,evening_peak,forecast,1.700000,0.000000,5.000000,5.000000
0.000000,1.000000,5.000000,72,evening_peak,hindsight,1.700000,0.000000,5.000000,5.000000
0.000000,1.000000,5.000000,73,scarcity_peak,idle,0.000000,3.200000,5.000000,5.000000
0.000000,1.000000,5.000000,73,scarcity_peak,clock,3.200000,0.000000,5.000000,5.000000
0.000000,1.000000,5.000000,73,scarcity_peak,forecast,3.200000,0.000000,5.000000,5.000000
0.000000,1.000000,5.000000,73,scarcity_peak,hindsight,3.200000,0.000000,5.000000,5.000000
0.000000,1.000000,5.000000,74,negative_midday,idle,0.000000,2.375000,5.000000,5.000000
0.000000,1.000000,5.000000,74,negative_midday,clock,2.375000,0.000000,5.000000,5.000000
0.000000,1.000000,5.000000,74,negative_midday,forecast,2.375000,0.000000,5.000000,5.000000
0.000000,1.000000,5.000000,74,negative_midday,hindsight,2.375000,0.000000,5.000000,5.000000
0.000000,1.000000,5.000000,75,flat_missed_event,idle,0.000000,0.000000,5.000000,5.000000
0.000000,1.000000,5.000000,75,flat_missed_event,clock,-0.000000,0.000000,5.000000,5.000000
0.000000,1.000000,5.000000,75,flat_missed_event,forecast,0.000000,0.000000,5.000000,5.000000
0.000000,1.000000,5.000000,75,flat_missed_event,hindsight,0.000000,0.000000,5.000000,5.000000
0.000000,1.000000,5.000000,76,evening_peak,idle,0.000000,1.700000,5.000000,5.000000
0.000000,1.000000,5.000000,76,evening_peak,clock,1.700000,0.000000,5.000000,5.000000
0.000000,1.000000,5.000000,76,evening_peak,forecast,1.700000,0.000000,5.000000,5.000000
0.000000,1.000000,5.000000,76,evening_peak,hindsight,1.700000,0.000000,5.000000,5.000000
0.000000,1.000000,5.000000,77,scarcity_peak,idle,0.000000,3.200000,5.000000,5.000000
0.000000,1.000000,5.000000,77,scarcity_peak,clock,3.200000,0.000000,5.000000,5.000000
0.000000,1.000000,5.000000,77,scarcity_peak,forecast,3.200000,0.000000,5.000000,5.000000
0.000000,1.000000,5.000000,77,scarcity_peak,hindsight,3.200000,0.000000,5.000000,5.000000
0.000000,1.000000,5.000000,78,negative_midday,idle,0.000000,2.375000,5.000000,5.000000
0.000000,1.000000,5.000000,78,negative_midday,clock,2.375000,0.000000,5.000000,5.000000
0.000000,1.000000,5.000000,78,negative_midday,forecast,2.375000,0.000000,5.000000,5.000000
0.000000,1.000000,5.000000,78,negative_midday,hindsight,2.375000,0.000000,5.000000,5.000000
0.000000,1.000000,5.000000,79,flat_missed_event,idle,0.000000,0.000000,5.000000,5.000000
0.000000,1.000000,5.000000,79,flat_missed_event,clock,-0.000000,0.000000,5.000000,5.000000
0.000000,1.000000,5.000000,79,flat_missed_event,forecast,0.000000,0.000000,5.000000,5.000000
0.000000,1.000000,5.000000,79,flat_missed_event,hindsight,0.000000,0.000000,5.000000,5.000000
0.000000,1.000000,5.000000,80,evening_peak,idle,0.000000,1.700000,5.000000,5.000000
0.000000,1.000000,5.000000,80,evening_peak,clock,1.700000,0.000000,5.000000,5.000000
0.000000,1.000000,5.000000,80,evening_peak,forecast,1.700000,0.000000,5.000000,5.000000
0.000000,1.000000,5.000000,80,evening_peak,hindsight,1.700000,0.000000,5.000000,5.000000
0.000000,1.000000,5.000000,81,scarcity_peak,idle,0.000000,3.200000,5.000000,5.000000
0.000000,1.000000,5.000000,81,scarcity_peak,clock,3.200000,0.000000,5.000000,5.000000
0.000000,1.000000,5.000000,81,scarcity_peak,forecast,3.200000,0.000000,5.000000,5.000000
0.000000,1.000000,5.000000,81,scarcity_peak,hindsight,3.200000,0.000000,5.000000,5.000000
0.000000,1.000000,5.000000,82,negative_midday,idle,0.000000,2.375000,5.000000,5.000000
0.000000,1.000000,5.000000,82,negative_midday,clock,2.375000,0.000000,5.000000,5.000000
0.000000,1.000000,5.000000,82,negative_midday,forecast,2.375000,0.000000,5.000000,5.000000
0.000000,1.000000,5.000000,82,negative_midday,hindsight,2.375000,0.000000,5.000000,5.000000
0.000000,1.000000,5.000000,83,flat_missed_event,idle,0.000000,0.000000,5.000000,5.000000
0.000000,1.000000,5.000000,83,flat_missed_event,clock,-0.000000,0.000000,5.000000,5.000000
0.000000,1.000000,5.000000,83,flat_missed_event,forecast,0.000000,0.000000,5.000000,5.000000
0.000000,1.000000,5.000000,83,flat_missed_event,hindsight,0.000000,0.000000,5.000000,5.000000
0.000000,1.000000,5.000000,84,evening_peak,idle,0.000000,1.700000,5.000000,5.000000
0.000000,1.000000,5.000000,84,evening_peak,clock,1.700000,0.000000,5.000000,5.000000
0.000000,1.000000,5.000000,84,evening_peak,forecast,1.700000,0.000000,5.000000,5.000000
0.000000,1.000000,5.000000,84,evening_peak,hindsight,1.700000,0.000000,5.000000,5.000000
0.000000,1.000000,5.000000,85,scarcity_peak,idle,0.000000,3.200000,5.000000,5.000000
0.000000,1.000000,5.000000,85,scarcity_peak,clock,3.200000,0.000000,5.000000,5.000000
0.000000,1.000000,5.000000,85,scarcity_peak,forecast,3.200000,0.000000,5.000000,5.000000
0.000000,1.000000,5.000000,85,scarcity_peak,hindsight,3.200000,0.000000,5.000000,5.000000
0.000000,1.000000,5.000000,86,negative_midday,idle,0.000000,2.375000,5.000000,5.000000
0.000000,1.000000,5.000000,86,negative_midday,clock,2.375000,0.000000,5.000000,5.000000
0.000000,1.000000,5.000000,86,negative_midday,forecast,2.375000,0.000000,5.000000,5.000000
0.000000,1.000000,5.000000,86,negative_midday,hindsight,2.375000,0.000000,5.000000,5.000000
0.000000,1.000000,5.000000,87,flat_missed_event,idle,0.000000,0.000000,5.000000,5.000000
0.000000,1.000000,5.000000,87,flat_missed_event,clock,-0.000000,0.000000,5.000000,5.000000
0.000000,1.000000,5.000000,87,flat_missed_event,forecast,0.000000,0.000000,5.000000,5.000000
0.000000,1.000000,5.000000,87,flat_missed_event,hindsight,0.000000,0.000000,5.000000,5.000000
0.000000,1.000000,5.000000,88,evening_peak,idle,0.000000,1.700000,5.000000,5.000000
0.000000,1.000000,5.000000,88,evening_peak,clock,1.700000,0.000000,5.000000,5.000000
0.000000,1.000000,5.000000,88,evening_peak,forecast,1.700000,0.000000,5.000000,5.000000
0.000000,1.000000,5.000000,88,evening_peak,hindsight,1.700000,0.000000,5.000000,5.000000
0.000000,1.000000,5.000000,89,scarcity_peak,idle,0.000000,3.200000,5.000000,5.000000
0.000000,1.000000,5.000000,89,scarcity_peak,clock,3.200000,0.000000,5.000000,5.000000
0.000000,1.000000,5.000000,89,scarcity_peak,forecast,3.200000,0.000000,5.000000,5.000000
0.000000,1.000000,5.000000,89,scarcity_peak,hindsight,3.200000,0.000000,5.000000,5.000000
0.000000,1.000000,5.000000,90,negative_midday,idle,0.000000,2.375000,5.000000,5.000000
0.000000,1.000000,5.000000,90,negative_midday,clock,2.375000,0.000000,5.000000,5.000000
0.000000,1.000000,5.000000,90,negative_midday,forecast,2.375000,0.000000,5.000000,5.000000
0.000000,1.000000,5.000000,90,negative_midday,hindsight,2.375000,0.000000,5.000000,5.000000
0.000000,1.000000,5.000000,91,flat_missed_event,idle,0.000000,0.000000,5.000000,5.000000
0.000000,1.000000,5.000000,91,flat_missed_event,clock,-0.000000,0.000000,5.000000,5.000000
0.000000,1.000000,5.000000,91,flat_missed_event,forecast,0.000000,0.000000,5.000000,5.000000
0.000000,1.000000,5.000000,91,flat_missed_event,hindsight,0.000000,0.000000,5.000000,5.000000
0.000000,1.000000,5.000000,92,evening_peak,idle,0.000000,1.700000,5.000000,5.000000
0.000000,1.000000,5.000000,92,evening_peak,clock,1.700000,0.000000,5.000000,5.000000
0.000000,1.000000,5.000000,92,evening_peak,forecast,1.700000,0.000000,5.000000,5.000000
0.000000,1.000000,5.000000,92,evening_peak,hindsight,1.700000,0.000000,5.000000,5.000000
0.000000,1.000000,5.000000,93,scarcity_peak,idle,0.000000,3.200000,5.000000,5.000000
0.000000,1.000000,5.000000,93,scarcity_peak,clock,3.200000,0.000000,5.000000,5.000000
0.000000,1.000000,5.000000,93,scarcity_peak,forecast,3.200000,0.000000,5.000000,5.000000
0.000000,1.000000,5.000000,93,scarcity_peak,hindsight,3.200000,0.000000,5.000000,5.000000
0.000000,1.000000,5.000000,94,negative_midday,idle,0.000000,2.375000,5.000000,5.000000
0.000000,1.000000,5.000000,94,negative_midday,clock,2.375000,0.000000,5.000000,5.000000
0.000000,1.000000,5.000000,94,negative_midday,forecast,2.375000,0.000000,5.000000,5.000000
0.000000,1.000000,5.000000,94,negative_midday,hindsight,2.375000,0.000000,5.000000,5.000000
0.000000,1.000000,5.000000,95,flat_missed_event,idle,0.000000,0.000000,5.000000,5.000000
0.000000,1.000000,5.000000,95,flat_missed_event,clock,-0.000000,0.000000,5.000000,5.000000
0.000000,1.000000,5.000000,95,flat_missed_event,forecast,0.000000,0.000000,5.000000,5.000000
0.000000,1.000000,5.000000,95,flat_missed_event,hindsight,0.000000,0.000000,5.000000,5.000000
0.000000,1.000000,5.000000,96,evening_peak,idle,0.000000,1.700000,5.000000,5.000000
0.000000,1.000000,5.000000,96,evening_peak,clock,1.700000,0.000000,5.000000,5.000000
0.000000,1.000000,5.000000,96,evening_peak,forecast,1.700000,0.000000,5.000000,5.000000
0.000000,1.000000,5.000000,96,evening_peak,hindsight,1.700000,0.000000,5.000000,5.000000
0.000000,1.000000,5.000000,97,scarcity_peak,idle,0.000000,3.200000,5.000000,5.000000
0.000000,1.000000,5.000000,97,scarcity_peak,clock,3.200000,0.000000,5.000000,5.000000
0.000000,1.000000,5.000000,97,scarcity_peak,forecast,3.200000,0.000000,5.000000,5.000000
0.000000,1.000000,5.000000,97,scarcity_peak,hindsight,3.200000,0.000000,5.000000,5.000000
0.000000,1.000000,5.000000,98,negative_midday,idle,0.000000,2.375000,5.000000,5.000000
0.000000,1.000000,5.000000,98,negative_midday,clock,2.375000,0.000000,5.000000,5.000000
0.000000,1.000000,5.000000,98,negative_midday,forecast,2.375000,0.000000,5.000000,5.000000
0.000000,1.000000,5.000000,98,negative_midday,hindsight,2.375000,0.000000,5.000000,5.000000
0.000000,1.000000,5.000000,99,flat_missed_event,idle,0.000000,0.000000,5.000000,5.000000
0.000000,1.000000,5.000000,99,flat_missed_event,clock,-0.000000,0.000000,5.000000,5.000000
0.000000,1.000000,5.000000,99,flat_missed_event,forecast,0.000000,0.000000,5.000000,5.000000
0.000000,1.000000,5.000000,99,flat_missed_event,hindsight,0.000000,0.000000,5.000000,5.000000
0.000000,1.000000,5.000000,100,evening_peak,idle,0.000000,1.700000,5.000000,5.000000
0.000000,1.000000,5.000000,100,evening_peak,clock,1.700000,0.000000,5.000000,5.000000
0.000000,1.000000,5.000000,100,evening_peak,forecast,1.700000,0.000000,5.000000,5.000000
0.000000,1.000000,5.000000,100,evening_peak,hindsight,1.700000,0.000000,5.000000,5.000000
0.000000,1.000000,5.000000,101,scarcity_peak,idle,0.000000,3.200000,5.000000,5.000000
0.000000,1.000000,5.000000,101,scarcity_peak,clock,3.200000,0.000000,5.000000,5.000000
0.000000,1.000000,5.000000,101,scarcity_peak,forecast,3.200000,0.000000,5.000000,5.000000
0.000000,1.000000,5.000000,101,scarcity_peak,hindsight,3.200000,0.000000,5.000000,5.000000
0.000000,1.000000,5.000000,102,negative_midday,idle,0.000000,2.375000,5.000000,5.000000
0.000000,1.000000,5.000000,102,negative_midday,clock,2.375000,0.000000,5.000000,5.000000
0.000000,1.000000,5.000000,102,negative_midday,forecast,2.375000,0.000000,5.000000,5.000000
0.000000,1.000000,5.000000,102,negative_midday,hindsight,2.375000,0.000000,5.000000,5.000000
0.000000,1.000000,5.000000,103,flat_missed_event,idle,0.000000,0.000000,5.000000,5.000000
0.000000,1.000000,5.000000,103,flat_missed_event,clock,-0.000000,0.000000,5.000000,5.000000
0.000000,1.000000,5.000000,103,flat_missed_event,forecast,0.000000,0.000000,5.000000,5.000000
0.000000,1.000000,5.000000,103,flat_missed_event,hindsight,0.000000,0.000000,5.000000,5.000000
0.000000,1.000000,5.000000,104,evening_peak,idle,0.000000,1.700000,5.000000,5.000000
0.000000,1.000000,5.000000,104,evening_peak,clock,1.700000,0.000000,5.000000,5.000000
0.000000,1.000000,5.000000,104,evening_peak,forecast,1.700000,0.000000,5.000000,5.000000
0.000000,1.000000,5.000000,104,evening_peak,hindsight,1.700000,0.000000,5.000000,5.000000
0.000000,1.000000,5.000000,105,scarcity_peak,idle,0.000000,3.200000,5.000000,5.000000
0.000000,1.000000,5.000000,105,scarcity_peak,clock,3.200000,0.000000,5.000000,5.000000
0.000000,1.000000,5.000000,105,scarcity_peak,forecast,3.200000,0.000000,5.000000,5.000000
0.000000,1.000000,5.000000,105,scarcity_peak,hindsight,3.200000,0.000000,5.000000,5.000000
0.000000,1.000000,5.000000,106,negative_midday,idle,0.000000,2.375000,5.000000,5.000000
0.000000,1.000000,5.000000,106,negative_midday,clock,2.375000,0.000000,5.000000,5.000000
0.000000,1.000000,5.000000,106,negative_midday,forecast,2.375000,0.000000,5.000000,5.000000
0.000000,1.000000,5.000000,106,negative_midday,hindsight,2.375000,0.000000,5.000000,5.000000
0.000000,1.000000,5.000000,107,flat_missed_event,idle,0.000000,0.000000,5.000000,5.000000
0.000000,1.000000,5.000000,107,flat_missed_event,clock,-0.000000,0.000000,5.000000,5.000000
0.000000,1.000000,5.000000,107,flat_missed_event,forecast,0.000000,0.000000,5.000000,5.000000
0.000000,1.000000,5.000000,107,flat_missed_event,hindsight,0.000000,0.000000,5.000000,5.000000
0.000000,1.000000,5.000000,108,evening_peak,idle,0.000000,1.700000,5.000000,5.000000
0.000000,1.000000,5.000000,108,evening_peak,clock,1.700000,0.000000,5.000000,5.000000
0.000000,1.000000,5.000000,108,evening_peak,forecast,1.700000,0.000000,5.000000,5.000000
0.000000,1.000000,5.000000,108,evening_peak,hindsight,1.700000,0.000000,5.000000,5.000000
0.000000,1.000000,5.000000,109,scarcity_peak,idle,0.000000,3.200000,5.000000,5.000000
0.000000,1.000000,5.000000,109,scarcity_peak,clock,3.200000,0.000000,5.000000,5.000000
0.000000,1.000000,5.000000,109,scarcity_peak,forecast,3.200000,0.000000,5.000000,5.000000
0.000000,1.000000,5.000000,109,scarcity_peak,hindsight,3.200000,0.000000,5.000000,5.000000
0.000000,1.000000,5.000000,110,negative_midday,idle,0.000000,2.375000,5.000000,5.000000
0.000000,1.000000,5.000000,110,negative_midday,clock,2.375000,0.000000,5.000000,5.000000
0.000000,1.000000,5.000000,110,negative_midday,forecast,2.375000,0.000000,5.000000,5.000000
0.000000,1.000000,5.000000,110,negative_midday,hindsight,2.375000,0.000000,5.000000,5.000000
0.000000,1.000000,5.000000,111,flat_missed_event,idle,0.000000,0.000000,5.000000,5.000000
0.000000,1.000000,5.000000,111,flat_missed_event,clock,-0.000000,0.000000,5.000000,5.000000
0.000000,1.000000,5.000000,111,flat_missed_event,forecast,0.000000,0.000000,5.000000,5.000000
0.000000,1.000000,5.000000,111,flat_missed_event,hindsight,0.000000,0.000000,5.000000,5.000000
0.000000,1.000000,5.000000,112,evening_peak,idle,0.000000,1.700000,5.000000,5.000000
0.000000,1.000000,5.000000,112,evening_peak,clock,1.700000,0.000000,5.000000,5.000000
0.000000,1.000000,5.000000,112,evening_peak,forecast,1.700000,0.000000,5.000000,5.000000
0.000000,1.000000,5.000000,112,evening_peak,hindsight,1.700000,0.000000,5.000000,5.000000
0.000000,1.000000,5.000000,113,scarcity_peak,idle,0.000000,3.200000,5.000000,5.000000
0.000000,1.000000,5.000000,113,scarcity_peak,clock,3.200000,0.000000,5.000000,5.000000
0.000000,1.000000,5.000000,113,scarcity_peak,forecast,3.200000,0.000000,5.000000,5.000000
0.000000,1.000000,5.000000,113,scarcity_peak,hindsight,3.200000,0.000000,5.000000,5.000000
0.000000,1.000000,5.000000,114,negative_midday,idle,0.000000,2.375000,5.000000,5.000000
0.000000,1.000000,5.000000,114,negative_midday,clock,2.375000,0.000000,5.000000,5.000000
0.000000,1.000000,5.000000,114,negative_midday,forecast,2.375000,0.000000,5.000000,5.000000
0.000000,1.000000,5.000000,114,negative_midday,hindsight,2.375000,0.000000,5.000000,5.000000
0.000000,1.000000,5.000000,115,flat_missed_event,idle,0.000000,0.000000,5.000000,5.000000
0.000000,1.000000,5.000000,115,flat_missed_event,clock,-0.000000,0.000000,5.000000,5.000000
0.000000,1.000000,5.000000,115,flat_missed_event,forecast,0.000000,0.000000,5.000000,5.000000
0.000000,1.000000,5.000000,115,flat_missed_event,hindsight,0.000000,0.000000,5.000000,5.000000
0.000000,1.000000,5.000000,116,evening_peak,idle,0.000000,1.700000,5.000000,5.000000
0.000000,1.000000,5.000000,116,evening_peak,clock,1.700000,0.000000,5.000000,5.000000
0.000000,1.000000,5.000000,116,evening_peak,forecast,1.700000,0.000000,5.000000,5.000000
0.000000,1.000000,5.000000,116,evening_peak,hindsight,1.700000,0.000000,5.000000,5.000000
0.000000,1.000000,5.000000,117,scarcity_peak,idle,0.000000,3.200000,5.000000,5.000000
0.000000,1.000000,5.000000,117,scarcity_peak,clock,3.200000,0.000000,5.000000,5.000000
0.000000,1.000000,5.000000,117,scarcity_peak,forecast,3.200000,0.000000,5.000000,5.000000
0.000000,1.000000,5.000000,117,scarcity_peak,hindsight,3.200000,0.000000,5.000000,5.000000
0.000000,1.000000,5.000000,118,negative_midday,idle,0.000000,2.375000,5.000000,5.000000
0.000000,1.000000,5.000000,118,negative_midday,clock,2.375000,0.000000,5.000000,5.000000
0.000000,1.000000,5.000000,118,negative_midday,forecast,2.375000,0.000000,5.000000,5.000000
0.000000,1.000000,5.000000,118,negative_midday,hindsight,2.375000,0.000000,5.000000,5.000000
0.000000,1.000000,5.000000,119,flat_missed_event,idle,0.000000,0.000000,5.000000,5.000000
0.000000,1.000000,5.000000,119,flat_missed_event,clock,-0.000000,0.000000,5.000000,5.000000
0.000000,1.000000,5.000000,119,flat_missed_event,forecast,0.000000,0.000000,5.000000,5.000000
0.000000,1.000000,5.000000,119,flat_missed_event,hindsight,0.000000,0.000000,5.000000,5.000000
0.000000,1.000000,10.000000,0,evening_peak,idle,0.000000,1.275000,10.000000,10.000000
0.000000,1.000000,10.000000,0,evening_peak,clock,1.275000,0.000000,10.000000,10.000000
0.000000,1.000000,10.000000,0,evening_peak,forecast,1.275000,0.000000,10.000000,10.000000
0.000000,1.000000,10.000000,0,evening_peak,hindsight,1.275000,0.000000,10.000000,10.000000
0.000000,1.000000,10.000000,1,scarcity_peak,idle,0.000000,2.775000,10.000000,10.000000
0.000000,1.000000,10.000000,1,scarcity_peak,clock,2.775000,0.000000,10.000000,10.000000
0.000000,1.000000,10.000000,1,scarcity_peak,forecast,2.775000,0.000000,10.000000,10.000000
0.000000,1.000000,10.000000,1,scarcity_peak,hindsight,2.775000,0.000000,10.000000,10.000000
0.000000,1.000000,10.000000,2,negative_midday,idle,0.000000,1.950000,10.000000,10.000000
0.000000,1.000000,10.000000,2,negative_midday,clock,1.725000,0.225000,10.000000,10.000000
0.000000,1.000000,10.000000,2,negative_midday,forecast,1.950000,0.000000,10.000000,10.000000
0.000000,1.000000,10.000000,2,negative_midday,hindsight,1.950000,0.000000,10.000000,10.000000
0.000000,1.000000,10.000000,3,flat_missed_event,idle,0.000000,0.000000,10.000000,10.000000
0.000000,1.000000,10.000000,3,flat_missed_event,clock,-0.000000,0.000000,10.000000,10.000000
0.000000,1.000000,10.000000,3,flat_missed_event,forecast,0.000000,0.000000,10.000000,10.000000
0.000000,1.000000,10.000000,3,flat_missed_event,hindsight,0.000000,0.000000,10.000000,10.000000
0.000000,1.000000,10.000000,4,evening_peak,idle,0.000000,1.275000,10.000000,10.000000
0.000000,1.000000,10.000000,4,evening_peak,clock,1.275000,0.000000,10.000000,10.000000
0.000000,1.000000,10.000000,4,evening_peak,forecast,1.275000,0.000000,10.000000,10.000000
0.000000,1.000000,10.000000,4,evening_peak,hindsight,1.275000,0.000000,10.000000,10.000000
0.000000,1.000000,10.000000,5,scarcity_peak,idle,0.000000,2.775000,10.000000,10.000000
0.000000,1.000000,10.000000,5,scarcity_peak,clock,2.775000,0.000000,10.000000,10.000000
0.000000,1.000000,10.000000,5,scarcity_peak,forecast,2.775000,0.000000,10.000000,10.000000
0.000000,1.000000,10.000000,5,scarcity_peak,hindsight,2.775000,0.000000,10.000000,10.000000
0.000000,1.000000,10.000000,6,negative_midday,idle,0.000000,1.950000,10.000000,10.000000
0.000000,1.000000,10.000000,6,negative_midday,clock,1.725000,0.225000,10.000000,10.000000
0.000000,1.000000,10.000000,6,negative_midday,forecast,1.950000,0.000000,10.000000,10.000000
0.000000,1.000000,10.000000,6,negative_midday,hindsight,1.950000,0.000000,10.000000,10.000000
0.000000,1.000000,10.000000,7,flat_missed_event,idle,0.000000,0.000000,10.000000,10.000000
0.000000,1.000000,10.000000,7,flat_missed_event,clock,-0.000000,0.000000,10.000000,10.000000
0.000000,1.000000,10.000000,7,flat_missed_event,forecast,0.000000,0.000000,10.000000,10.000000
0.000000,1.000000,10.000000,7,flat_missed_event,hindsight,0.000000,0.000000,10.000000,10.000000
0.000000,1.000000,10.000000,8,evening_peak,idle,0.000000,1.275000,10.000000,10.000000
0.000000,1.000000,10.000000,8,evening_peak,clock,1.275000,0.000000,10.000000,10.000000
0.000000,1.000000,10.000000,8,evening_peak,forecast,1.275000,0.000000,10.000000,10.000000
0.000000,1.000000,10.000000,8,evening_peak,hindsight,1.275000,0.000000,10.000000,10.000000
0.000000,1.000000,10.000000,9,scarcity_peak,idle,0.000000,2.775000,10.000000,10.000000
0.000000,1.000000,10.000000,9,scarcity_peak,clock,2.775000,0.000000,10.000000,10.000000
0.000000,1.000000,10.000000,9,scarcity_peak,forecast,2.775000,0.000000,10.000000,10.000000
0.000000,1.000000,10.000000,9,scarcity_peak,hindsight,2.775000,0.000000,10.000000,10.000000
0.000000,1.000000,10.000000,10,negative_midday,idle,0.000000,1.950000,10.000000,10.000000
0.000000,1.000000,10.000000,10,negative_midday,clock,1.725000,0.225000,10.000000,10.000000
0.000000,1.000000,10.000000,10,negative_midday,forecast,1.950000,0.000000,10.000000,10.000000
0.000000,1.000000,10.000000,10,negative_midday,hindsight,1.950000,0.000000,10.000000,10.000000
0.000000,1.000000,10.000000,11,flat_missed_event,idle,0.000000,0.000000,10.000000,10.000000
0.000000,1.000000,10.000000,11,flat_missed_event,clock,-0.000000,0.000000,10.000000,10.000000
0.000000,1.000000,10.000000,11,flat_missed_event,forecast,0.000000,0.000000,10.000000,10.000000
0.000000,1.000000,10.000000,11,flat_missed_event,hindsight,0.000000,0.000000,10.000000,10.000000
0.000000,1.000000,10.000000,12,evening_peak,idle,0.000000,1.275000,10.000000,10.000000
0.000000,1.000000,10.000000,12,evening_peak,clock,1.275000,0.000000,10.000000,10.000000
0.000000,1.000000,10.000000,12,evening_peak,forecast,1.275000,0.000000,10.000000,10.000000
0.000000,1.000000,10.000000,12,evening_peak,hindsight,1.275000,0.000000,10.000000,10.000000
0.000000,1.000000,10.000000,13,scarcity_peak,idle,0.000000,2.775000,10.000000,10.000000
0.000000,1.000000,10.000000,13,scarcity_peak,clock,2.775000,0.000000,10.000000,10.000000
0.000000,1.000000,10.000000,13,scarcity_peak,forecast,2.775000,0.000000,10.000000,10.000000
0.000000,1.000000,10.000000,13,scarcity_peak,hindsight,2.775000,0.000000,10.000000,10.000000
0.000000,1.000000,10.000000,14,negative_midday,idle,0.000000,1.950000,10.000000,10.000000
0.000000,1.000000,10.000000,14,negative_midday,clock,1.725000,0.225000,10.000000,10.000000
0.000000,1.000000,10.000000,14,negative_midday,forecast,1.950000,0.000000,10.000000,10.000000
0.000000,1.000000,10.000000,14,negative_midday,hindsight,1.950000,0.000000,10.000000,10.000000
0.000000,1.000000,10.000000,15,flat_missed_event,idle,0.000000,0.000000,10.000000,10.000000
0.000000,1.000000,10.000000,15,flat_missed_event,clock,-0.000000,0.000000,10.000000,10.000000
0.000000,1.000000,10.000000,15,flat_missed_event,forecast,0.000000,0.000000,10.000000,10.000000
0.000000,1.000000,10.000000,15,flat_missed_event,hindsight,0.000000,0.000000,10.000000,10.000000
0.000000,1.000000,10.000000,16,evening_peak,idle,0.000000,1.275000,10.000000,10.000000
0.000000,1.000000,10.000000,16,evening_peak,clock,1.275000,0.000000,10.000000,10.000000
0.000000,1.000000,10.000000,16,evening_peak,forecast,1.275000,0.000000,10.000000,10.000000
0.000000,1.000000,10.000000,16,evening_peak,hindsight,1.275000,0.000000,10.000000,10.000000
0.000000,1.000000,10.000000,17,scarcity_peak,idle,0.000000,2.775000,10.000000,10.000000
0.000000,1.000000,10.000000,17,scarcity_peak,clock,2.775000,0.000000,10.000000,10.000000
0.000000,1.000000,10.000000,17,scarcity_peak,forecast,2.775000,0.000000,10.000000,10.000000
0.000000,1.000000,10.000000,17,scarcity_peak,hindsight,2.775000,0.000000,10.000000,10.000000
0.000000,1.000000,10.000000,18,negative_midday,idle,0.000000,1.950000,10.000000,10.000000
0.000000,1.000000,10.000000,18,negative_midday,clock,1.725000,0.225000,10.000000,10.000000
0.000000,1.000000,10.000000,18,negative_midday,forecast,1.950000,0.000000,10.000000,10.000000
0.000000,1.000000,10.000000,18,negative_midday,hindsight,1.950000,0.000000,10.000000,10.000000
0.000000,1.000000,10.000000,19,flat_missed_event,idle,0.000000,0.000000,10.000000,10.000000
0.000000,1.000000,10.000000,19,flat_missed_event,clock,-0.000000,0.000000,10.000000,10.000000
0.000000,1.000000,10.000000,19,flat_missed_event,forecast,0.000000,0.000000,10.000000,10.000000
0.000000,1.000000,10.000000,19,flat_missed_event,hindsight,0.000000,0.000000,10.000000,10.000000
0.000000,1.000000,10.000000,20,evening_peak,idle,0.000000,1.275000,10.000000,10.000000
0.000000,1.000000,10.000000,20,evening_peak,clock,1.275000,0.000000,10.000000,10.000000
0.000000,1.000000,10.000000,20,evening_peak,forecast,1.275000,0.000000,10.000000,10.000000
0.000000,1.000000,10.000000,20,evening_peak,hindsight,1.275000,0.000000,10.000000,10.000000
0.000000,1.000000,10.000000,21,scarcity_peak,idle,0.000000,2.775000,10.000000,10.000000
0.000000,1.000000,10.000000,21,scarcity_peak,clock,2.775000,0.000000,10.000000,10.000000
0.000000,1.000000,10.000000,21,scarcity_peak,forecast,2.775000,0.000000,10.000000,10.000000
0.000000,1.000000,10.000000,21,scarcity_peak,hindsight,2.775000,0.000000,10.000000,10.000000
0.000000,1.000000,10.000000,22,negative_midday,idle,0.000000,1.950000,10.000000,10.000000
0.000000,1.000000,10.000000,22,negative_midday,clock,1.725000,0.225000,10.000000,10.000000
0.000000,1.000000,10.000000,22,negative_midday,forecast,1.950000,0.000000,10.000000,10.000000
0.000000,1.000000,10.000000,22,negative_midday,hindsight,1.950000,0.000000,10.000000,10.000000
0.000000,1.000000,10.000000,23,flat_missed_event,idle,0.000000,0.000000,10.000000,10.000000
0.000000,1.000000,10.000000,23,flat_missed_event,clock,-0.000000,0.000000,10.000000,10.000000
0.000000,1.000000,10.000000,23,flat_missed_event,forecast,0.000000,0.000000,10.000000,10.000000
0.000000,1.000000,10.000000,23,flat_missed_event,hindsight,0.000000,0.000000,10.000000,10.000000
0.000000,1.000000,10.000000,24,evening_peak,idle,0.000000,1.275000,10.000000,10.000000
0.000000,1.000000,10.000000,24,evening_peak,clock,1.275000,0.000000,10.000000,10.000000
0.000000,1.000000,10.000000,24,evening_peak,forecast,1.275000,0.000000,10.000000,10.000000
0.000000,1.000000,10.000000,24,evening_peak,hindsight,1.275000,0.000000,10.000000,10.000000
0.000000,1.000000,10.000000,25,scarcity_peak,idle,0.000000,2.775000,10.000000,10.000000
0.000000,1.000000,10.000000,25,scarcity_peak,clock,2.775000,0.000000,10.000000,10.000000
0.000000,1.000000,10.000000,25,scarcity_peak,forecast,2.775000,0.000000,10.000000,10.000000
0.000000,1.000000,10.000000,25,scarcity_peak,hindsight,2.775000,0.000000,10.000000,10.000000
0.000000,1.000000,10.000000,26,negative_midday,idle,0.000000,1.950000,10.000000,10.000000
0.000000,1.000000,10.000000,26,negative_midday,clock,1.725000,0.225000,10.000000,10.000000
0.000000,1.000000,10.000000,26,negative_midday,forecast,1.950000,0.000000,10.000000,10.000000
0.000000,1.000000,10.000000,26,negative_midday,hindsight,1.950000,0.000000,10.000000,10.000000
0.000000,1.000000,10.000000,27,flat_missed_event,idle,0.000000,0.000000,10.000000,10.000000
0.000000,1.000000,10.000000,27,flat_missed_event,clock,-0.000000,0.000000,10.000000,10.000000
0.000000,1.000000,10.000000,27,flat_missed_event,forecast,0.000000,0.000000,10.000000,10.000000
0.000000,1.000000,10.000000,27,flat_missed_event,hindsight,0.000000,0.000000,10.000000,10.000000
0.000000,1.000000,10.000000,28,evening_peak,idle,0.000000,1.275000,10.000000,10.000000
0.000000,1.000000,10.000000,28,evening_peak,clock,1.275000,0.000000,10.000000,10.000000
0.000000,1.000000,10.000000,28,evening_peak,forecast,1.275000,0.000000,10.000000,10.000000
0.000000,1.000000,10.000000,28,evening_peak,hindsight,1.275000,0.000000,10.000000,10.000000
0.000000,1.000000,10.000000,29,scarcity_peak,idle,0.000000,2.775000,10.000000,10.000000
0.000000,1.000000,10.000000,29,scarcity_peak,clock,2.775000,0.000000,10.000000,10.000000
0.000000,1.000000,10.000000,29,scarcity_peak,forecast,2.775000,0.000000,10.000000,10.000000
0.000000,1.000000,10.000000,29,scarcity_peak,hindsight,2.775000,0.000000,10.000000,10.000000
0.000000,1.000000,10.000000,30,negative_midday,idle,0.000000,1.950000,10.000000,10.000000
0.000000,1.000000,10.000000,30,negative_midday,clock,1.725000,0.225000,10.000000,10.000000
0.000000,1.000000,10.000000,30,negative_midday,forecast,1.950000,0.000000,10.000000,10.000000
0.000000,1.000000,10.000000,30,negative_midday,hindsight,1.950000,0.000000,10.000000,10.000000
0.000000,1.000000,10.000000,31,flat_missed_event,idle,0.000000,0.000000,10.000000,10.000000
0.000000,1.000000,10.000000,31,flat_missed_event,clock,-0.000000,0.000000,10.000000,10.000000
0.000000,1.000000,10.000000,31,flat_missed_event,forecast,0.000000,0.000000,10.000000,10.000000
0.000000,1.000000,10.000000,31,flat_missed_event,hindsight,0.000000,0.000000,10.000000,10.000000
0.000000,1.000000,10.000000,32,evening_peak,idle,0.000000,1.275000,10.000000,10.000000
0.000000,1.000000,10.000000,32,evening_peak,clock,1.275000,0.000000,10.000000,10.000000
0.000000,1.000000,10.000000,32,evening_peak,forecast,1.275000,0.000000,10.000000,10.000000
0.000000,1.000000,10.000000,32,evening_peak,hindsight,1.275000,0.000000,10.000000,10.000000
0.000000,1.000000,10.000000,33,scarcity_peak,idle,0.000000,2.775000,10.000000,10.000000
0.000000,1.000000,10.000000,33,scarcity_peak,clock,2.775000,0.000000,10.000000,10.000000
0.000000,1.000000,10.000000,33,scarcity_peak,forecast,2.775000,0.000000,10.000000,10.000000
0.000000,1.000000,10.000000,33,scarcity_peak,hindsight,2.775000,0.000000,10.000000,10.000000
0.000000,1.000000,10.000000,34,negative_midday,idle,0.000000,1.950000,10.000000,10.000000
0.000000,1.000000,10.000000,34,negative_midday,clock,1.725000,0.225000,10.000000,10.000000
0.000000,1.000000,10.000000,34,negative_midday,forecast,1.950000,0.000000,10.000000,10.000000
0.000000,1.000000,10.000000,34,negative_midday,hindsight,1.950000,0.000000,10.000000,10.000000
0.000000,1.000000,10.000000,35,flat_missed_event,idle,0.000000,0.000000,10.000000,10.000000
0.000000,1.000000,10.000000,35,flat_missed_event,clock,-0.000000,0.000000,10.000000,10.000000
0.000000,1.000000,10.000000,35,flat_missed_event,forecast,0.000000,0.000000,10.000000,10.000000
0.000000,1.000000,10.000000,35,flat_missed_event,hindsight,0.000000,0.000000,10.000000,10.000000
0.000000,1.000000,10.000000,36,evening_peak,idle,0.000000,1.275000,10.000000,10.000000
0.000000,1.000000,10.000000,36,evening_peak,clock,1.275000,0.000000,10.000000,10.000000
0.000000,1.000000,10.000000,36,evening_peak,forecast,1.275000,0.000000,10.000000,10.000000
0.000000,1.000000,10.000000,36,evening_peak,hindsight,1.275000,0.000000,10.000000,10.000000
0.000000,1.000000,10.000000,37,scarcity_peak,idle,0.000000,2.775000,10.000000,10.000000
0.000000,1.000000,10.000000,37,scarcity_peak,clock,2.775000,0.000000,10.000000,10.000000
0.000000,1.000000,10.000000,37,scarcity_peak,forecast,2.775000,0.000000,10.000000,10.000000
0.000000,1.000000,10.000000,37,scarcity_peak,hindsight,2.775000,0.000000,10.000000,10.000000
0.000000,1.000000,10.000000,38,negative_midday,idle,0.000000,1.950000,10.000000,10.000000
0.000000,1.000000,10.000000,38,negative_midday,clock,1.725000,0.225000,10.000000,10.000000
0.000000,1.000000,10.000000,38,negative_midday,forecast,1.950000,0.000000,10.000000,10.000000
0.000000,1.000000,10.000000,38,negative_midday,hindsight,1.950000,0.000000,10.000000,10.000000
0.000000,1.000000,10.000000,39,flat_missed_event,idle,0.000000,0.000000,10.000000,10.000000
0.000000,1.000000,10.000000,39,flat_missed_event,clock,-0.000000,0.000000,10.000000,10.000000
0.000000,1.000000,10.000000,39,flat_missed_event,forecast,0.000000,0.000000,10.000000,10.000000
0.000000,1.000000,10.000000,39,flat_missed_event,hindsight,0.000000,0.000000,10.000000,10.000000
0.000000,1.000000,10.000000,40,evening_peak,idle,0.000000,1.275000,10.000000,10.000000
0.000000,1.000000,10.000000,40,evening_peak,clock,1.275000,0.000000,10.000000,10.000000
0.000000,1.000000,10.000000,40,evening_peak,forecast,1.275000,0.000000,10.000000,10.000000
0.000000,1.000000,10.000000,40,evening_peak,hindsight,1.275000,0.000000,10.000000,10.000000
0.000000,1.000000,10.000000,41,scarcity_peak,idle,0.000000,2.775000,10.000000,10.000000
0.000000,1.000000,10.000000,41,scarcity_peak,clock,2.775000,0.000000,10.000000,10.000000
0.000000,1.000000,10.000000,41,scarcity_peak,forecast,2.775000,0.000000,10.000000,10.000000
0.000000,1.000000,10.000000,41,scarcity_peak,hindsight,2.775000,0.000000,10.000000,10.000000
0.000000,1.000000,10.000000,42,negative_midday,idle,0.000000,1.950000,10.000000,10.000000
0.000000,1.000000,10.000000,42,negative_midday,clock,1.725000,0.225000,10.000000,10.000000
0.000000,1.000000,10.000000,42,negative_midday,forecast,1.950000,0.000000,10.000000,10.000000
0.000000,1.000000,10.000000,42,negative_midday,hindsight,1.950000,0.000000,10.000000,10.000000
0.000000,1.000000,10.000000,43,flat_missed_event,idle,0.000000,0.000000,10.000000,10.000000
0.000000,1.000000,10.000000,43,flat_missed_event,clock,-0.000000,0.000000,10.000000,10.000000
0.000000,1.000000,10.000000,43,flat_missed_event,forecast,0.000000,0.000000,10.000000,10.000000
0.000000,1.000000,10.000000,43,flat_missed_event,hindsight,0.000000,0.000000,10.000000,10.000000
0.000000,1.000000,10.000000,44,evening_peak,idle,0.000000,1.275000,10.000000,10.000000
0.000000,1.000000,10.000000,44,evening_peak,clock,1.275000,0.000000,10.000000,10.000000
0.000000,1.000000,10.000000,44,evening_peak,forecast,1.275000,0.000000,10.000000,10.000000
0.000000,1.000000,10.000000,44,evening_peak,hindsight,1.275000,0.000000,10.000000,10.000000
0.000000,1.000000,10.000000,45,scarcity_peak,idle,0.000000,2.775000,10.000000,10.000000
0.000000,1.000000,10.000000,45,scarcity_peak,clock,2.775000,0.000000,10.000000,10.000000
0.000000,1.000000,10.000000,45,scarcity_peak,forecast,2.775000,0.000000,10.000000,10.000000
0.000000,1.000000,10.000000,45,scarcity_peak,hindsight,2.775000,0.000000,10.000000,10.000000
0.000000,1.000000,10.000000,46,negative_midday,idle,0.000000,1.950000,10.000000,10.000000
0.000000,1.000000,10.000000,46,negative_midday,clock,1.725000,0.225000,10.000000,10.000000
0.000000,1.000000,10.000000,46,negative_midday,forecast,1.950000,0.000000,10.000000,10.000000
0.000000,1.000000,10.000000,46,negative_midday,hindsight,1.950000,0.000000,10.000000,10.000000
0.000000,1.000000,10.000000,47,flat_missed_event,idle,0.000000,0.000000,10.000000,10.000000
0.000000,1.000000,10.000000,47,flat_missed_event,clock,-0.000000,0.000000,10.000000,10.000000
0.000000,1.000000,10.000000,47,flat_missed_event,forecast,0.000000,0.000000,10.000000,10.000000
0.000000,1.000000,10.000000,47,flat_missed_event,hindsight,0.000000,0.000000,10.000000,10.000000
0.000000,1.000000,10.000000,48,evening_peak,idle,0.000000,1.275000,10.000000,10.000000
0.000000,1.000000,10.000000,48,evening_peak,clock,1.275000,0.000000,10.000000,10.000000
0.000000,1.000000,10.000000,48,evening_peak,forecast,1.275000,0.000000,10.000000,10.000000
0.000000,1.000000,10.000000,48,evening_peak,hindsight,1.275000,0.000000,10.000000,10.000000
0.000000,1.000000,10.000000,49,scarcity_peak,idle,0.000000,2.775000,10.000000,10.000000
0.000000,1.000000,10.000000,49,scarcity_peak,clock,2.775000,0.000000,10.000000,10.000000
0.000000,1.000000,10.000000,49,scarcity_peak,forecast,2.775000,0.000000,10.000000,10.000000
0.000000,1.000000,10.000000,49,scarcity_peak,hindsight,2.775000,0.000000,10.000000,10.000000
0.000000,1.000000,10.000000,50,negative_midday,idle,0.000000,1.950000,10.000000,10.000000
0.000000,1.000000,10.000000,50,negative_midday,clock,1.725000,0.225000,10.000000,10.000000
0.000000,1.000000,10.000000,50,negative_midday,forecast,1.950000,0.000000,10.000000,10.000000
0.000000,1.000000,10.000000,50,negative_midday,hindsight,1.950000,0.000000,10.000000,10.000000
0.000000,1.000000,10.000000,51,flat_missed_event,idle,0.000000,0.000000,10.000000,10.000000
0.000000,1.000000,10.000000,51,flat_missed_event,clock,-0.000000,0.000000,10.000000,10.000000
0.000000,1.000000,10.000000,51,flat_missed_event,forecast,0.000000,0.000000,10.000000,10.000000
0.000000,1.000000,10.000000,51,flat_missed_event,hindsight,0.000000,0.000000,10.000000,10.000000
0.000000,1.000000,10.000000,52,evening_peak,idle,0.000000,1.275000,10.000000,10.000000
0.000000,1.000000,10.000000,52,evening_peak,clock,1.275000,0.000000,10.000000,10.000000
0.000000,1.000000,10.000000,52,evening_peak,forecast,1.275000,0.000000,10.000000,10.000000
0.000000,1.000000,10.000000,52,evening_peak,hindsight,1.275000,0.000000,10.000000,10.000000
0.000000,1.000000,10.000000,53,scarcity_peak,idle,0.000000,2.775000,10.000000,10.000000
0.000000,1.000000,10.000000,53,scarcity_peak,clock,2.775000,0.000000,10.000000,10.000000
0.000000,1.000000,10.000000,53,scarcity_peak,forecast,2.775000,0.000000,10.000000,10.000000
0.000000,1.000000,10.000000,53,scarcity_peak,hindsight,2.775000,0.000000,10.000000,10.000000
0.000000,1.000000,10.000000,54,negative_midday,idle,0.000000,1.950000,10.000000,10.000000
0.000000,1.000000,10.000000,54,negative_midday,clock,1.725000,0.225000,10.000000,10.000000
0.000000,1.000000,10.000000,54,negative_midday,forecast,1.950000,0.000000,10.000000,10.000000
0.000000,1.000000,10.000000,54,negative_midday,hindsight,1.950000,0.000000,10.000000,10.000000
0.000000,1.000000,10.000000,55,flat_missed_event,idle,0.000000,0.000000,10.000000,10.000000
0.000000,1.000000,10.000000,55,flat_missed_event,clock,-0.000000,0.000000,10.000000,10.000000
0.000000,1.000000,10.000000,55,flat_missed_event,forecast,0.000000,0.000000,10.000000,10.000000
0.000000,1.000000,10.000000,55,flat_missed_event,hindsight,0.000000,0.000000,10.000000,10.000000
0.000000,1.000000,10.000000,56,evening_peak,idle,0.000000,1.275000,10.000000,10.000000
0.000000,1.000000,10.000000,56,evening_peak,clock,1.275000,0.000000,10.000000,10.000000
0.000000,1.000000,10.000000,56,evening_peak,forecast,1.275000,0.000000,10.000000,10.000000
0.000000,1.000000,10.000000,56,evening_peak,hindsight,1.275000,0.000000,10.000000,10.000000
0.000000,1.000000,10.000000,57,scarcity_peak,idle,0.000000,2.775000,10.000000,10.000000
0.000000,1.000000,10.000000,57,scarcity_peak,clock,2.775000,0.000000,10.000000,10.000000
0.000000,1.000000,10.000000,57,scarcity_peak,forecast,2.775000,0.000000,10.000000,10.000000
0.000000,1.000000,10.000000,57,scarcity_peak,hindsight,2.775000,0.000000,10.000000,10.000000
0.000000,1.000000,10.000000,58,negative_midday,idle,0.000000,1.950000,10.000000,10.000000
0.000000,1.000000,10.000000,58,negative_midday,clock,1.725000,0.225000,10.000000,10.000000
0.000000,1.000000,10.000000,58,negative_midday,forecast,1.950000,0.000000,10.000000,10.000000
0.000000,1.000000,10.000000,58,negative_midday,hindsight,1.950000,0.000000,10.000000,10.000000
0.000000,1.000000,10.000000,59,flat_missed_event,idle,0.000000,0.000000,10.000000,10.000000
0.000000,1.000000,10.000000,59,flat_missed_event,clock,-0.000000,0.000000,10.000000,10.000000
0.000000,1.000000,10.000000,59,flat_missed_event,forecast,0.000000,0.000000,10.000000,10.000000
0.000000,1.000000,10.000000,59,flat_missed_event,hindsight,0.000000,0.000000,10.000000,10.000000
0.000000,1.000000,10.000000,60,evening_peak,idle,0.000000,1.275000,10.000000,10.000000
0.000000,1.000000,10.000000,60,evening_peak,clock,1.275000,0.000000,10.000000,10.000000
0.000000,1.000000,10.000000,60,evening_peak,forecast,1.275000,0.000000,10.000000,10.000000
0.000000,1.000000,10.000000,60,evening_peak,hindsight,1.275000,0.000000,10.000000,10.000000
0.000000,1.000000,10.000000,61,scarcity_peak,idle,0.000000,2.775000,10.000000,10.000000
0.000000,1.000000,10.000000,61,scarcity_peak,clock,2.775000,0.000000,10.000000,10.000000
0.000000,1.000000,10.000000,61,scarcity_peak,forecast,2.775000,0.000000,10.000000,10.000000
0.000000,1.000000,10.000000,61,scarcity_peak,hindsight,2.775000,0.000000,10.000000,10.000000
0.000000,1.000000,10.000000,62,negative_midday,idle,0.000000,1.950000,10.000000,10.000000
0.000000,1.000000,10.000000,62,negative_midday,clock,1.725000,0.225000,10.000000,10.000000
0.000000,1.000000,10.000000,62,negative_midday,forecast,1.950000,0.000000,10.000000,10.000000
0.000000,1.000000,10.000000,62,negative_midday,hindsight,1.950000,0.000000,10.000000,10.000000
0.000000,1.000000,10.000000,63,flat_missed_event,idle,0.000000,0.000000,10.000000,10.000000
0.000000,1.000000,10.000000,63,flat_missed_event,clock,-0.000000,0.000000,10.000000,10.000000
0.000000,1.000000,10.000000,63,flat_missed_event,forecast,0.000000,0.000000,10.000000,10.000000
0.000000,1.000000,10.000000,63,flat_missed_event,hindsight,0.000000,0.000000,10.000000,10.000000
0.000000,1.000000,10.000000,64,evening_peak,idle,0.000000,1.275000,10.000000,10.000000
0.000000,1.000000,10.000000,64,evening_peak,clock,1.275000,0.000000,10.000000,10.000000
0.000000,1.000000,10.000000,64,evening_peak,forecast,1.275000,0.000000,10.000000,10.000000
0.000000,1.000000,10.000000,64,evening_peak,hindsight,1.275000,0.000000,10.000000,10.000000
0.000000,1.000000,10.000000,65,scarcity_peak,idle,0.000000,2.775000,10.000000,10.000000
0.000000,1.000000,10.000000,65,scarcity_peak,clock,2.775000,0.000000,10.000000,10.000000
0.000000,1.000000,10.000000,65,scarcity_peak,forecast,2.775000,0.000000,10.000000,10.000000
0.000000,1.000000,10.000000,65,scarcity_peak,hindsight,2.775000,0.000000,10.000000,10.000000
0.000000,1.000000,10.000000,66,negative_midday,idle,0.000000,1.950000,10.000000,10.000000
0.000000,1.000000,10.000000,66,negative_midday,clock,1.725000,0.225000,10.000000,10.000000
0.000000,1.000000,10.000000,66,negative_midday,forecast,1.950000,0.000000,10.000000,10.000000
0.000000,1.000000,10.000000,66,negative_midday,hindsight,1.950000,0.000000,10.000000,10.000000
0.000000,1.000000,10.000000,67,flat_missed_event,idle,0.000000,0.000000,10.000000,10.000000
0.000000,1.000000,10.000000,67,flat_missed_event,clock,-0.000000,0.000000,10.000000,10.000000
0.000000,1.000000,10.000000,67,flat_missed_event,forecast,0.000000,0.000000,10.000000,10.000000
0.000000,1.000000,10.000000,67,flat_missed_event,hindsight,0.000000,0.000000,10.000000,10.000000
0.000000,1.000000,10.000000,68,evening_peak,idle,0.000000,1.275000,10.000000,10.000000
0.000000,1.000000,10.000000,68,evening_peak,clock,1.275000,0.000000,10.000000,10.000000
0.000000,1.000000,10.000000,68,evening_peak,forecast,1.275000,0.000000,10.000000,10.000000
0.000000,1.000000,10.000000,68,evening_peak,hindsight,1.275000,0.000000,10.000000,10.000000
0.000000,1.000000,10.000000,69,scarcity_peak,idle,0.000000,2.775000,10.000000,10.000000
0.000000,1.000000,10.000000,69,scarcity_peak,clock,2.775000,0.000000,10.000000,10.000000
0.000000,1.000000,10.000000,69,scarcity_peak,forecast,2.775000,0.000000,10.000000,10.000000
0.000000,1.000000,10.000000,69,scarcity_peak,hindsight,2.775000,0.000000,10.000000,10.000000
0.000000,1.000000,10.000000,70,negative_midday,idle,0.000000,1.950000,10.000000,10.000000
0.000000,1.000000,10.000000,70,negative_midday,clock,1.725000,0.225000,10.000000,10.000000
0.000000,1.000000,10.000000,70,negative_midday,forecast,1.950000,0.000000,10.000000,10.000000
0.000000,1.000000,10.000000,70,negative_midday,hindsight,1.950000,0.000000,10.000000,10.000000
0.000000,1.000000,10.000000,71,flat_missed_event,idle,0.000000,0.000000,10.000000,10.000000
0.000000,1.000000,10.000000,71,flat_missed_event,clock,-0.000000,0.000000,10.000000,10.000000
0.000000,1.000000,10.000000,71,flat_missed_event,forecast,0.000000,0.000000,10.000000,10.000000
0.000000,1.000000,10.000000,71,flat_missed_event,hindsight,0.000000,0.000000,10.000000,10.000000
0.000000,1.000000,10.000000,72,evening_peak,idle,0.000000,1.275000,10.000000,10.000000
0.000000,1.000000,10.000000,72,evening_peak,clock,1.275000,0.000000,10.000000,10.000000
0.000000,1.000000,10.000000,72,evening_peak,forecast,1.275000,0.000000,10.000000,10.000000
0.000000,1.000000,10.000000,72,evening_peak,hindsight,1.275000,0.000000,10.000000,10.000000
0.000000,1.000000,10.000000,73,scarcity_peak,idle,0.000000,2.775000,10.000000,10.000000
0.000000,1.000000,10.000000,73,scarcity_peak,clock,2.775000,0.000000,10.000000,10.000000
0.000000,1.000000,10.000000,73,scarcity_peak,forecast,2.775000,0.000000,10.000000,10.000000
0.000000,1.000000,10.000000,73,scarcity_peak,hindsight,2.775000,0.000000,10.000000,10.000000
0.000000,1.000000,10.000000,74,negative_midday,idle,0.000000,1.950000,10.000000,10.000000
0.000000,1.000000,10.000000,74,negative_midday,clock,1.725000,0.225000,10.000000,10.000000
0.000000,1.000000,10.000000,74,negative_midday,forecast,1.950000,0.000000,10.000000,10.000000
0.000000,1.000000,10.000000,74,negative_midday,hindsight,1.950000,0.000000,10.000000,10.000000
0.000000,1.000000,10.000000,75,flat_missed_event,idle,0.000000,0.000000,10.000000,10.000000
0.000000,1.000000,10.000000,75,flat_missed_event,clock,-0.000000,0.000000,10.000000,10.000000
0.000000,1.000000,10.000000,75,flat_missed_event,forecast,0.000000,0.000000,10.000000,10.000000
0.000000,1.000000,10.000000,75,flat_missed_event,hindsight,0.000000,0.000000,10.000000,10.000000
0.000000,1.000000,10.000000,76,evening_peak,idle,0.000000,1.275000,10.000000,10.000000
0.000000,1.000000,10.000000,76,evening_peak,clock,1.275000,0.000000,10.000000,10.000000
0.000000,1.000000,10.000000,76,evening_peak,forecast,1.275000,0.000000,10.000000,10.000000
0.000000,1.000000,10.000000,76,evening_peak,hindsight,1.275000,0.000000,10.000000,10.000000
0.000000,1.000000,10.000000,77,scarcity_peak,idle,0.000000,2.775000,10.000000,10.000000
0.000000,1.000000,10.000000,77,scarcity_peak,clock,2.775000,0.000000,10.000000,10.000000
0.000000,1.000000,10.000000,77,scarcity_peak,forecast,2.775000,0.000000,10.000000,10.000000
0.000000,1.000000,10.000000,77,scarcity_peak,hindsight,2.775000,0.000000,10.000000,10.000000
0.000000,1.000000,10.000000,78,negative_midday,idle,0.000000,1.950000,10.000000,10.000000
0.000000,1.000000,10.000000,78,negative_midday,clock,1.725000,0.225000,10.000000,10.000000
0.000000,1.000000,10.000000,78,negative_midday,forecast,1.950000,0.000000,10.000000,10.000000
0.000000,1.000000,10.000000,78,negative_midday,hindsight,1.950000,0.000000,10.000000,10.000000
0.000000,1.000000,10.000000,79,flat_missed_event,idle,0.000000,0.000000,10.000000,10.000000
0.000000,1.000000,10.000000,79,flat_missed_event,clock,-0.000000,0.000000,10.000000,10.000000
0.000000,1.000000,10.000000,79,flat_missed_event,forecast,0.000000,0.000000,10.000000,10.000000
0.000000,1.000000,10.000000,79,flat_missed_event,hindsight,0.000000,0.000000,10.000000,10.000000
0.000000,1.000000,10.000000,80,evening_peak,idle,0.000000,1.275000,10.000000,10.000000
0.000000,1.000000,10.000000,80,evening_peak,clock,1.275000,0.000000,10.000000,10.000000
0.000000,1.000000,10.000000,80,evening_peak,forecast,1.275000,0.000000,10.000000,10.000000
0.000000,1.000000,10.000000,80,evening_peak,hindsight,1.275000,0.000000,10.000000,10.000000
0.000000,1.000000,10.000000,81,scarcity_peak,idle,0.000000,2.775000,10.000000,10.000000
0.000000,1.000000,10.000000,81,scarcity_peak,clock,2.775000,0.000000,10.000000,10.000000
0.000000,1.000000,10.000000,81,scarcity_peak,forecast,2.775000,0.000000,10.000000,10.000000
0.000000,1.000000,10.000000,81,scarcity_peak,hindsight,2.775000,0.000000,10.000000,10.000000
0.000000,1.000000,10.000000,82,negative_midday,idle,0.000000,1.950000,10.000000,10.000000
0.000000,1.000000,10.000000,82,negative_midday,clock,1.725000,0.225000,10.000000,10.000000
0.000000,1.000000,10.000000,82,negative_midday,forecast,1.950000,0.000000,10.000000,10.000000
0.000000,1.000000,10.000000,82,negative_midday,hindsight,1.950000,0.000000,10.000000,10.000000
0.000000,1.000000,10.000000,83,flat_missed_event,idle,0.000000,0.000000,10.000000,10.000000
0.000000,1.000000,10.000000,83,flat_missed_event,clock,-0.000000,0.000000,10.000000,10.000000
0.000000,1.000000,10.000000,83,flat_missed_event,forecast,0.000000,0.000000,10.000000,10.000000
0.000000,1.000000,10.000000,83,flat_missed_event,hindsight,0.000000,0.000000,10.000000,10.000000
0.000000,1.000000,10.000000,84,evening_peak,idle,0.000000,1.275000,10.000000,10.000000
0.000000,1.000000,10.000000,84,evening_peak,clock,1.275000,0.000000,10.000000,10.000000
0.000000,1.000000,10.000000,84,evening_peak,forecast,1.275000,0.000000,10.000000,10.000000
0.000000,1.000000,10.000000,84,evening_peak,hindsight,1.275000,0.000000,10.000000,10.000000
0.000000,1.000000,10.000000,85,scarcity_peak,idle,0.000000,2.775000,10.000000,10.000000
0.000000,1.000000,10.000000,85,scarcity_peak,clock,2.775000,0.000000,10.000000,10.000000
0.000000,1.000000,10.000000,85,scarcity_peak,forecast,2.775000,0.000000,10.000000,10.000000
0.000000,1.000000,10.000000,85,scarcity_peak,hindsight,2.775000,0.000000,10.000000,10.000000
0.000000,1.000000,10.000000,86,negative_midday,idle,0.000000,1.950000,10.000000,10.000000
0.000000,1.000000,10.000000,86,negative_midday,clock,1.725000,0.225000,10.000000,10.000000
0.000000,1.000000,10.000000,86,negative_midday,forecast,1.950000,0.000000,10.000000,10.000000
0.000000,1.000000,10.000000,86,negative_midday,hindsight,1.950000,0.000000,10.000000,10.000000
0.000000,1.000000,10.000000,87,flat_missed_event,idle,0.000000,0.000000,10.000000,10.000000
0.000000,1.000000,10.000000,87,flat_missed_event,clock,-0.000000,0.000000,10.000000,10.000000
0.000000,1.000000,10.000000,87,flat_missed_event,forecast,0.000000,0.000000,10.000000,10.000000
0.000000,1.000000,10.000000,87,flat_missed_event,hindsight,0.000000,0.000000,10.000000,10.000000
0.000000,1.000000,10.000000,88,evening_peak,idle,0.000000,1.275000,10.000000,10.000000
0.000000,1.000000,10.000000,88,evening_peak,clock,1.275000,0.000000,10.000000,10.000000
0.000000,1.000000,10.000000,88,evening_peak,forecast,1.275000,0.000000,10.000000,10.000000
0.000000,1.000000,10.000000,88,evening_peak,hindsight,1.275000,0.000000,10.000000,10.000000
0.000000,1.000000,10.000000,89,scarcity_peak,idle,0.000000,2.775000,10.000000,10.000000
0.000000,1.000000,10.000000,89,scarcity_peak,clock,2.775000,0.000000,10.000000,10.000000
0.000000,1.000000,10.000000,89,scarcity_peak,forecast,2.775000,0.000000,10.000000,10.000000
0.000000,1.000000,10.000000,89,scarcity_peak,hindsight,2.775000,0.000000,10.000000,10.000000
0.000000,1.000000,10.000000,90,negative_midday,idle,0.000000,1.950000,10.000000,10.000000
0.000000,1.000000,10.000000,90,negative_midday,clock,1.725000,0.225000,10.000000,10.000000
0.000000,1.000000,10.000000,90,negative_midday,forecast,1.950000,0.000000,10.000000,10.000000
0.000000,1.000000,10.000000,90,negative_midday,hindsight,1.950000,0.000000,10.000000,10.000000
0.000000,1.000000,10.000000,91,flat_missed_event,idle,0.000000,0.000000,10.000000,10.000000
0.000000,1.000000,10.000000,91,flat_missed_event,clock,-0.000000,0.000000,10.000000,10.000000
0.000000,1.000000,10.000000,91,flat_missed_event,forecast,0.000000,0.000000,10.000000,10.000000
0.000000,1.000000,10.000000,91,flat_missed_event,hindsight,0.000000,0.000000,10.000000,10.000000
0.000000,1.000000,10.000000,92,evening_peak,idle,0.000000,1.275000,10.000000,10.000000
0.000000,1.000000,10.000000,92,evening_peak,clock,1.275000,0.000000,10.000000,10.000000
0.000000,1.000000,10.000000,92,evening_peak,forecast,1.275000,0.000000,10.000000,10.000000
0.000000,1.000000,10.000000,92,evening_peak,hindsight,1.275000,0.000000,10.000000,10.000000
0.000000,1.000000,10.000000,93,scarcity_peak,idle,0.000000,2.775000,10.000000,10.000000
0.000000,1.000000,10.000000,93,scarcity_peak,clock,2.775000,0.000000,10.000000,10.000000
0.000000,1.000000,10.000000,93,scarcity_peak,forecast,2.775000,0.000000,10.000000,10.000000
0.000000,1.000000,10.000000,93,scarcity_peak,hindsight,2.775000,0.000000,10.000000,10.000000
0.000000,1.000000,10.000000,94,negative_midday,idle,0.000000,1.950000,10.000000,10.000000
0.000000,1.000000,10.000000,94,negative_midday,clock,1.725000,0.225000,10.000000,10.000000
0.000000,1.000000,10.000000,94,negative_midday,forecast,1.950000,0.000000,10.000000,10.000000
0.000000,1.000000,10.000000,94,negative_midday,hindsight,1.950000,0.000000,10.000000,10.000000
0.000000,1.000000,10.000000,95,flat_missed_event,idle,0.000000,0.000000,10.000000,10.000000
0.000000,1.000000,10.000000,95,flat_missed_event,clock,-0.000000,0.000000,10.000000,10.000000
0.000000,1.000000,10.000000,95,flat_missed_event,forecast,0.000000,0.000000,10.000000,10.000000
0.000000,1.000000,10.000000,95,flat_missed_event,hindsight,0.000000,0.000000,10.000000,10.000000
0.000000,1.000000,10.000000,96,evening_peak,idle,0.000000,1.275000,10.000000,10.000000
0.000000,1.000000,10.000000,96,evening_peak,clock,1.275000,0.000000,10.000000,10.000000
0.000000,1.000000,10.000000,96,evening_peak,forecast,1.275000,0.000000,10.000000,10.000000
0.000000,1.000000,10.000000,96,evening_peak,hindsight,1.275000,0.000000,10.000000,10.000000
0.000000,1.000000,10.000000,97,scarcity_peak,idle,0.000000,2.775000,10.000000,10.000000
0.000000,1.000000,10.000000,97,scarcity_peak,clock,2.775000,0.000000,10.000000,10.000000
0.000000,1.000000,10.000000,97,scarcity_peak,forecast,2.775000,0.000000,10.000000,10.000000
0.000000,1.000000,10.000000,97,scarcity_peak,hindsight,2.775000,0.000000,10.000000,10.000000
0.000000,1.000000,10.000000,98,negative_midday,idle,0.000000,1.950000,10.000000,10.000000
0.000000,1.000000,10.000000,98,negative_midday,clock,1.725000,0.225000,10.000000,10.000000
0.000000,1.000000,10.000000,98,negative_midday,forecast,1.950000,0.000000,10.000000,10.000000
0.000000,1.000000,10.000000,98,negative_midday,hindsight,1.950000,0.000000,10.000000,10.000000
0.000000,1.000000,10.000000,99,flat_missed_event,idle,0.000000,0.000000,10.000000,10.000000
0.000000,1.000000,10.000000,99,flat_missed_event,clock,-0.000000,0.000000,10.000000,10.000000
0.000000,1.000000,10.000000,99,flat_missed_event,forecast,0.000000,0.000000,10.000000,10.000000
0.000000,1.000000,10.000000,99,flat_missed_event,hindsight,0.000000,0.000000,10.000000,10.000000
0.000000,1.000000,10.000000,100,evening_peak,idle,0.000000,1.275000,10.000000,10.000000
0.000000,1.000000,10.000000,100,evening_peak,clock,1.275000,0.000000,10.000000,10.000000
0.000000,1.000000,10.000000,100,evening_peak,forecast,1.275000,0.000000,10.000000,10.000000
0.000000,1.000000,10.000000,100,evening_peak,hindsight,1.275000,0.000000,10.000000,10.000000
0.000000,1.000000,10.000000,101,scarcity_peak,idle,0.000000,2.775000,10.000000,10.000000
0.000000,1.000000,10.000000,101,scarcity_peak,clock,2.775000,0.000000,10.000000,10.000000
0.000000,1.000000,10.000000,101,scarcity_peak,forecast,2.775000,0.000000,10.000000,10.000000
0.000000,1.000000,10.000000,101,scarcity_peak,hindsight,2.775000,0.000000,10.000000,10.000000
0.000000,1.000000,10.000000,102,negative_midday,idle,0.000000,1.950000,10.000000,10.000000
0.000000,1.000000,10.000000,102,negative_midday,clock,1.725000,0.225000,10.000000,10.000000
0.000000,1.000000,10.000000,102,negative_midday,forecast,1.950000,0.000000,10.000000,10.000000
0.000000,1.000000,10.000000,102,negative_midday,hindsight,1.950000,0.000000,10.000000,10.000000
0.000000,1.000000,10.000000,103,flat_missed_event,idle,0.000000,0.000000,10.000000,10.000000
0.000000,1.000000,10.000000,103,flat_missed_event,clock,-0.000000,0.000000,10.000000,10.000000
0.000000,1.000000,10.000000,103,flat_missed_event,forecast,0.000000,0.000000,10.000000,10.000000
0.000000,1.000000,10.000000,103,flat_missed_event,hindsight,0.000000,0.000000,10.000000,10.000000
0.000000,1.000000,10.000000,104,evening_peak,idle,0.000000,1.275000,10.000000,10.000000
0.000000,1.000000,10.000000,104,evening_peak,clock,1.275000,0.000000,10.000000,10.000000
0.000000,1.000000,10.000000,104,evening_peak,forecast,1.275000,0.000000,10.000000,10.000000
0.000000,1.000000,10.000000,104,evening_peak,hindsight,1.275000,0.000000,10.000000,10.000000
0.000000,1.000000,10.000000,105,scarcity_peak,idle,0.000000,2.775000,10.000000,10.000000
0.000000,1.000000,10.000000,105,scarcity_peak,clock,2.775000,0.000000,10.000000,10.000000
0.000000,1.000000,10.000000,105,scarcity_peak,forecast,2.775000,0.000000,10.000000,10.000000
0.000000,1.000000,10.000000,105,scarcity_peak,hindsight,2.775000,0.000000,10.000000,10.000000
0.000000,1.000000,10.000000,106,negative_midday,idle,0.000000,1.950000,10.000000,10.000000
0.000000,1.000000,10.000000,106,negative_midday,clock,1.725000,0.225000,10.000000,10.000000
0.000000,1.000000,10.000000,106,negative_midday,forecast,1.950000,0.000000,10.000000,10.000000
0.000000,1.000000,10.000000,106,negative_midday,hindsight,1.950000,0.000000,10.000000,10.000000
0.000000,1.000000,10.000000,107,flat_missed_event,idle,0.000000,0.000000,10.000000,10.000000
0.000000,1.000000,10.000000,107,flat_missed_event,clock,-0.000000,0.000000,10.000000,10.000000
0.000000,1.000000,10.000000,107,flat_missed_event,forecast,0.000000,0.000000,10.000000,10.000000
0.000000,1.000000,10.000000,107,flat_missed_event,hindsight,0.000000,0.000000,10.000000,10.000000
0.000000,1.000000,10.000000,108,evening_peak,idle,0.000000,1.275000,10.000000,10.000000
0.000000,1.000000,10.000000,108,evening_peak,clock,1.275000,0.000000,10.000000,10.000000
0.000000,1.000000,10.000000,108,evening_peak,forecast,1.275000,0.000000,10.000000,10.000000
0.000000,1.000000,10.000000,108,evening_peak,hindsight,1.275000,0.000000,10.000000,10.000000
0.000000,1.000000,10.000000,109,scarcity_peak,idle,0.000000,2.775000,10.000000,10.000000
0.000000,1.000000,10.000000,109,scarcity_peak,clock,2.775000,0.000000,10.000000,10.000000
0.000000,1.000000,10.000000,109,scarcity_peak,forecast,2.775000,0.000000,10.000000,10.000000
0.000000,1.000000,10.000000,109,scarcity_peak,hindsight,2.775000,0.000000,10.000000,10.000000
0.000000,1.000000,10.000000,110,negative_midday,idle,0.000000,1.950000,10.000000,10.000000
0.000000,1.000000,10.000000,110,negative_midday,clock,1.725000,0.225000,10.000000,10.000000
0.000000,1.000000,10.000000,110,negative_midday,forecast,1.950000,0.000000,10.000000,10.000000
0.000000,1.000000,10.000000,110,negative_midday,hindsight,1.950000,0.000000,10.000000,10.000000
0.000000,1.000000,10.000000,111,flat_missed_event,idle,0.000000,0.000000,10.000000,10.000000
0.000000,1.000000,10.000000,111,flat_missed_event,clock,-0.000000,0.000000,10.000000,10.000000
0.000000,1.000000,10.000000,111,flat_missed_event,forecast,0.000000,0.000000,10.000000,10.000000
0.000000,1.000000,10.000000,111,flat_missed_event,hindsight,0.000000,0.000000,10.000000,10.000000
0.000000,1.000000,10.000000,112,evening_peak,idle,0.000000,1.275000,10.000000,10.000000
0.000000,1.000000,10.000000,112,evening_peak,clock,1.275000,0.000000,10.000000,10.000000
0.000000,1.000000,10.000000,112,evening_peak,forecast,1.275000,0.000000,10.000000,10.000000
0.000000,1.000000,10.000000,112,evening_peak,hindsight,1.275000,0.000000,10.000000,10.000000
0.000000,1.000000,10.000000,113,scarcity_peak,idle,0.000000,2.775000,10.000000,10.000000
0.000000,1.000000,10.000000,113,scarcity_peak,clock,2.775000,0.000000,10.000000,10.000000
0.000000,1.000000,10.000000,113,scarcity_peak,forecast,2.775000,0.000000,10.000000,10.000000
0.000000,1.000000,10.000000,113,scarcity_peak,hindsight,2.775000,0.000000,10.000000,10.000000
0.000000,1.000000,10.000000,114,negative_midday,idle,0.000000,1.950000,10.000000,10.000000
0.000000,1.000000,10.000000,114,negative_midday,clock,1.725000,0.225000,10.000000,10.000000
0.000000,1.000000,10.000000,114,negative_midday,forecast,1.950000,0.000000,10.000000,10.000000
0.000000,1.000000,10.000000,114,negative_midday,hindsight,1.950000,0.000000,10.000000,10.000000
0.000000,1.000000,10.000000,115,flat_missed_event,idle,0.000000,0.000000,10.000000,10.000000
0.000000,1.000000,10.000000,115,flat_missed_event,clock,-0.000000,0.000000,10.000000,10.000000
0.000000,1.000000,10.000000,115,flat_missed_event,forecast,0.000000,0.000000,10.000000,10.000000
0.000000,1.000000,10.000000,115,flat_missed_event,hindsight,0.000000,0.000000,10.000000,10.000000
0.000000,1.000000,10.000000,116,evening_peak,idle,0.000000,1.275000,10.000000,10.000000
0.000000,1.000000,10.000000,116,evening_peak,clock,1.275000,0.000000,10.000000,10.000000
0.000000,1.000000,10.000000,116,evening_peak,forecast,1.275000,0.000000,10.000000,10.000000
0.000000,1.000000,10.000000,116,evening_peak,hindsight,1.275000,0.000000,10.000000,10.000000
0.000000,1.000000,10.000000,117,scarcity_peak,idle,0.000000,2.775000,10.000000,10.000000
0.000000,1.000000,10.000000,117,scarcity_peak,clock,2.775000,0.000000,10.000000,10.000000
0.000000,1.000000,10.000000,117,scarcity_peak,forecast,2.775000,0.000000,10.000000,10.000000
0.000000,1.000000,10.000000,117,scarcity_peak,hindsight,2.775000,0.000000,10.000000,10.000000
0.000000,1.000000,10.000000,118,negative_midday,idle,0.000000,1.950000,10.000000,10.000000
0.000000,1.000000,10.000000,118,negative_midday,clock,1.725000,0.225000,10.000000,10.000000
0.000000,1.000000,10.000000,118,negative_midday,forecast,1.950000,0.000000,10.000000,10.000000
0.000000,1.000000,10.000000,118,negative_midday,hindsight,1.950000,0.000000,10.000000,10.000000
0.000000,1.000000,10.000000,119,flat_missed_event,idle,0.000000,0.000000,10.000000,10.000000
0.000000,1.000000,10.000000,119,flat_missed_event,clock,-0.000000,0.000000,10.000000,10.000000
0.000000,1.000000,10.000000,119,flat_missed_event,forecast,0.000000,0.000000,10.000000,10.000000
0.000000,1.000000,10.000000,119,flat_missed_event,hindsight,0.000000,0.000000,10.000000,10.000000
0.000000,0.880000,0.000000,0,evening_peak,idle,0.000000,1.825000,0.000000,0.000000
0.000000,0.880000,0.000000,0,evening_peak,clock,1.825000,0.000000,0.000000,0.000000
0.000000,0.880000,0.000000,0,evening_peak,forecast,1.825000,0.000000,0.000000,0.000000
0.000000,0.880000,0.000000,0,evening_peak,hindsight,1.825000,0.000000,0.000000,0.000000
0.000000,0.880000,0.000000,1,scarcity_peak,idle,0.000000,3.325000,0.000000,0.000000
0.000000,0.880000,0.000000,1,scarcity_peak,clock,3.325000,0.000000,0.000000,0.000000
0.000000,0.880000,0.000000,1,scarcity_peak,forecast,3.325000,0.000000,0.000000,0.000000
0.000000,0.880000,0.000000,1,scarcity_peak,hindsight,3.325000,0.000000,0.000000,0.000000
0.000000,0.880000,0.000000,2,negative_midday,idle,0.000000,2.500000,0.000000,0.000000
0.000000,0.880000,0.000000,2,negative_midday,clock,2.500000,0.000000,0.000000,0.000000
0.000000,0.880000,0.000000,2,negative_midday,forecast,2.500000,0.000000,0.000000,0.000000
0.000000,0.880000,0.000000,2,negative_midday,hindsight,2.500000,0.000000,0.000000,0.000000
0.000000,0.880000,0.000000,3,flat_missed_event,idle,0.000000,0.000000,0.000000,0.000000
0.000000,0.880000,0.000000,3,flat_missed_event,clock,-0.120000,0.120000,0.000000,0.000000
0.000000,0.880000,0.000000,3,flat_missed_event,forecast,0.000000,0.000000,0.000000,0.000000
0.000000,0.880000,0.000000,3,flat_missed_event,hindsight,0.000000,0.000000,0.000000,0.000000
0.000000,0.880000,0.000000,4,evening_peak,idle,0.000000,1.825000,0.000000,0.000000
0.000000,0.880000,0.000000,4,evening_peak,clock,1.825000,0.000000,0.000000,0.000000
0.000000,0.880000,0.000000,4,evening_peak,forecast,1.825000,0.000000,0.000000,0.000000
0.000000,0.880000,0.000000,4,evening_peak,hindsight,1.825000,0.000000,0.000000,0.000000
0.000000,0.880000,0.000000,5,scarcity_peak,idle,0.000000,3.325000,0.000000,0.000000
0.000000,0.880000,0.000000,5,scarcity_peak,clock,3.325000,0.000000,0.000000,0.000000
0.000000,0.880000,0.000000,5,scarcity_peak,forecast,3.325000,0.000000,0.000000,0.000000
0.000000,0.880000,0.000000,5,scarcity_peak,hindsight,3.325000,0.000000,0.000000,0.000000
0.000000,0.880000,0.000000,6,negative_midday,idle,0.000000,2.500000,0.000000,0.000000
0.000000,0.880000,0.000000,6,negative_midday,clock,2.500000,0.000000,0.000000,0.000000
0.000000,0.880000,0.000000,6,negative_midday,forecast,2.500000,0.000000,0.000000,0.000000
0.000000,0.880000,0.000000,6,negative_midday,hindsight,2.500000,0.000000,0.000000,0.000000
0.000000,0.880000,0.000000,7,flat_missed_event,idle,0.000000,0.000000,0.000000,0.000000
0.000000,0.880000,0.000000,7,flat_missed_event,clock,-0.120000,0.120000,0.000000,0.000000
0.000000,0.880000,0.000000,7,flat_missed_event,forecast,0.000000,0.000000,0.000000,0.000000
0.000000,0.880000,0.000000,7,flat_missed_event,hindsight,0.000000,0.000000,0.000000,0.000000
0.000000,0.880000,0.000000,8,evening_peak,idle,0.000000,1.825000,0.000000,0.000000
0.000000,0.880000,0.000000,8,evening_peak,clock,1.825000,0.000000,0.000000,0.000000
0.000000,0.880000,0.000000,8,evening_peak,forecast,1.825000,0.000000,0.000000,0.000000
0.000000,0.880000,0.000000,8,evening_peak,hindsight,1.825000,0.000000,0.000000,0.000000
0.000000,0.880000,0.000000,9,scarcity_peak,idle,0.000000,3.325000,0.000000,0.000000
0.000000,0.880000,0.000000,9,scarcity_peak,clock,3.325000,0.000000,0.000000,0.000000
0.000000,0.880000,0.000000,9,scarcity_peak,forecast,3.325000,0.000000,0.000000,0.000000
0.000000,0.880000,0.000000,9,scarcity_peak,hindsight,3.325000,0.000000,0.000000,0.000000
0.000000,0.880000,0.000000,10,negative_midday,idle,0.000000,2.500000,0.000000,0.000000
0.000000,0.880000,0.000000,10,negative_midday,clock,2.500000,0.000000,0.000000,0.000000
0.000000,0.880000,0.000000,10,negative_midday,forecast,2.500000,0.000000,0.000000,0.000000
0.000000,0.880000,0.000000,10,negative_midday,hindsight,2.500000,0.000000,0.000000,0.000000
0.000000,0.880000,0.000000,11,flat_missed_event,idle,0.000000,0.000000,0.000000,0.000000
0.000000,0.880000,0.000000,11,flat_missed_event,clock,-0.120000,0.120000,0.000000,0.000000
0.000000,0.880000,0.000000,11,flat_missed_event,forecast,0.000000,0.000000,0.000000,0.000000
0.000000,0.880000,0.000000,11,flat_missed_event,hindsight,0.000000,0.000000,0.000000,0.000000
0.000000,0.880000,0.000000,12,evening_peak,idle,0.000000,1.825000,0.000000,0.000000
0.000000,0.880000,0.000000,12,evening_peak,clock,1.825000,0.000000,0.000000,0.000000
0.000000,0.880000,0.000000,12,evening_peak,forecast,1.825000,0.000000,0.000000,0.000000
0.000000,0.880000,0.000000,12,evening_peak,hindsight,1.825000,0.000000,0.000000,0.000000
0.000000,0.880000,0.000000,13,scarcity_peak,idle,0.000000,3.325000,0.000000,0.000000
0.000000,0.880000,0.000000,13,scarcity_peak,clock,3.325000,0.000000,0.000000,0.000000
0.000000,0.880000,0.000000,13,scarcity_peak,forecast,3.325000,0.000000,0.000000,0.000000
0.000000,0.880000,0.000000,13,scarcity_peak,hindsight,3.325000,0.000000,0.000000,0.000000
0.000000,0.880000,0.000000,14,negative_midday,idle,0.000000,2.500000,0.000000,0.000000
0.000000,0.880000,0.000000,14,negative_midday,clock,2.500000,0.000000,0.000000,0.000000
0.000000,0.880000,0.000000,14,negative_midday,forecast,2.500000,0.000000,0.000000,0.000000
0.000000,0.880000,0.000000,14,negative_midday,hindsight,2.500000,0.000000,0.000000,0.000000
0.000000,0.880000,0.000000,15,flat_missed_event,idle,0.000000,0.000000,0.000000,0.000000
0.000000,0.880000,0.000000,15,flat_missed_event,clock,-0.120000,0.120000,0.000000,0.000000
0.000000,0.880000,0.000000,15,flat_missed_event,forecast,0.000000,0.000000,0.000000,0.000000
0.000000,0.880000,0.000000,15,flat_missed_event,hindsight,0.000000,0.000000,0.000000,0.000000
0.000000,0.880000,0.000000,16,evening_peak,idle,0.000000,1.825000,0.000000,0.000000
0.000000,0.880000,0.000000,16,evening_peak,clock,1.825000,0.000000,0.000000,0.000000
0.000000,0.880000,0.000000,16,evening_peak,forecast,1.825000,0.000000,0.000000,0.000000
0.000000,0.880000,0.000000,16,evening_peak,hindsight,1.825000,0.000000,0.000000,0.000000
0.000000,0.880000,0.000000,17,scarcity_peak,idle,0.000000,3.325000,0.000000,0.000000
0.000000,0.880000,0.000000,17,scarcity_peak,clock,3.325000,0.000000,0.000000,0.000000
0.000000,0.880000,0.000000,17,scarcity_peak,forecast,3.325000,0.000000,0.000000,0.000000
0.000000,0.880000,0.000000,17,scarcity_peak,hindsight,3.325000,0.000000,0.000000,0.000000
0.000000,0.880000,0.000000,18,negative_midday,idle,0.000000,2.500000,0.000000,0.000000
0.000000,0.880000,0.000000,18,negative_midday,clock,2.500000,0.000000,0.000000,0.000000
0.000000,0.880000,0.000000,18,negative_midday,forecast,2.500000,0.000000,0.000000,0.000000
0.000000,0.880000,0.000000,18,negative_midday,hindsight,2.500000,0.000000,0.000000,0.000000
0.000000,0.880000,0.000000,19,flat_missed_event,idle,0.000000,0.000000,0.000000,0.000000
0.000000,0.880000,0.000000,19,flat_missed_event,clock,-0.120000,0.120000,0.000000,0.000000
0.000000,0.880000,0.000000,19,flat_missed_event,forecast,0.000000,0.000000,0.000000,0.000000
0.000000,0.880000,0.000000,19,flat_missed_event,hindsight,0.000000,0.000000,0.000000,0.000000
0.000000,0.880000,0.000000,20,evening_peak,idle,0.000000,1.825000,0.000000,0.000000
0.000000,0.880000,0.000000,20,evening_peak,clock,1.825000,0.000000,0.000000,0.000000
0.000000,0.880000,0.000000,20,evening_peak,forecast,1.825000,0.000000,0.000000,0.000000
0.000000,0.880000,0.000000,20,evening_peak,hindsight,1.825000,0.000000,0.000000,0.000000
0.000000,0.880000,0.000000,21,scarcity_peak,idle,0.000000,3.325000,0.000000,0.000000
0.000000,0.880000,0.000000,21,scarcity_peak,clock,3.325000,0.000000,0.000000,0.000000
0.000000,0.880000,0.000000,21,scarcity_peak,forecast,3.325000,0.000000,0.000000,0.000000
0.000000,0.880000,0.000000,21,scarcity_peak,hindsight,3.325000,0.000000,0.000000,0.000000
0.000000,0.880000,0.000000,22,negative_midday,idle,0.000000,2.500000,0.000000,0.000000
0.000000,0.880000,0.000000,22,negative_midday,clock,2.500000,0.000000,0.000000,0.000000
0.000000,0.880000,0.000000,22,negative_midday,forecast,2.500000,0.000000,0.000000,0.000000
0.000000,0.880000,0.000000,22,negative_midday,hindsight,2.500000,0.000000,0.000000,0.000000
0.000000,0.880000,0.000000,23,flat_missed_event,idle,0.000000,0.000000,0.000000,0.000000
0.000000,0.880000,0.000000,23,flat_missed_event,clock,-0.120000,0.120000,0.000000,0.000000
0.000000,0.880000,0.000000,23,flat_missed_event,forecast,0.000000,0.000000,0.000000,0.000000
0.000000,0.880000,0.000000,23,flat_missed_event,hindsight,0.000000,0.000000,0.000000,0.000000
0.000000,0.880000,0.000000,24,evening_peak,idle,0.000000,1.825000,0.000000,0.000000
0.000000,0.880000,0.000000,24,evening_peak,clock,1.825000,0.000000,0.000000,0.000000
0.000000,0.880000,0.000000,24,evening_peak,forecast,1.825000,0.000000,0.000000,0.000000
0.000000,0.880000,0.000000,24,evening_peak,hindsight,1.825000,0.000000,0.000000,0.000000
0.000000,0.880000,0.000000,25,scarcity_peak,idle,0.000000,3.325000,0.000000,0.000000
0.000000,0.880000,0.000000,25,scarcity_peak,clock,3.325000,0.000000,0.000000,0.000000
0.000000,0.880000,0.000000,25,scarcity_peak,forecast,3.325000,0.000000,0.000000,0.000000
0.000000,0.880000,0.000000,25,scarcity_peak,hindsight,3.325000,0.000000,0.000000,0.000000
0.000000,0.880000,0.000000,26,negative_midday,idle,0.000000,2.500000,0.000000,0.000000
0.000000,0.880000,0.000000,26,negative_midday,clock,2.500000,0.000000,0.000000,0.000000
0.000000,0.880000,0.000000,26,negative_midday,forecast,2.500000,0.000000,0.000000,0.000000
0.000000,0.880000,0.000000,26,negative_midday,hindsight,2.500000,0.000000,0.000000,0.000000
0.000000,0.880000,0.000000,27,flat_missed_event,idle,0.000000,0.000000,0.000000,0.000000
0.000000,0.880000,0.000000,27,flat_missed_event,clock,-0.120000,0.120000,0.000000,0.000000
0.000000,0.880000,0.000000,27,flat_missed_event,forecast,0.000000,0.000000,0.000000,0.000000
0.000000,0.880000,0.000000,27,flat_missed_event,hindsight,0.000000,0.000000,0.000000,0.000000
0.000000,0.880000,0.000000,28,evening_peak,idle,0.000000,1.825000,0.000000,0.000000
0.000000,0.880000,0.000000,28,evening_peak,clock,1.825000,0.000000,0.000000,0.000000
0.000000,0.880000,0.000000,28,evening_peak,forecast,1.825000,0.000000,0.000000,0.000000
0.000000,0.880000,0.000000,28,evening_peak,hindsight,1.825000,0.000000,0.000000,0.000000
0.000000,0.880000,0.000000,29,scarcity_peak,idle,0.000000,3.325000,0.000000,0.000000
0.000000,0.880000,0.000000,29,scarcity_peak,clock,3.325000,0.000000,0.000000,0.000000
0.000000,0.880000,0.000000,29,scarcity_peak,forecast,3.325000,0.000000,0.000000,0.000000
0.000000,0.880000,0.000000,29,scarcity_peak,hindsight,3.325000,0.000000,0.000000,0.000000
0.000000,0.880000,0.000000,30,negative_midday,idle,0.000000,2.500000,0.000000,0.000000
0.000000,0.880000,0.000000,30,negative_midday,clock,2.500000,0.000000,0.000000,0.000000
0.000000,0.880000,0.000000,30,negative_midday,forecast,2.500000,0.000000,0.000000,0.000000
0.000000,0.880000,0.000000,30,negative_midday,hindsight,2.500000,0.000000,0.000000,0.000000
0.000000,0.880000,0.000000,31,flat_missed_event,idle,0.000000,0.000000,0.000000,0.000000
0.000000,0.880000,0.000000,31,flat_missed_event,clock,-0.120000,0.120000,0.000000,0.000000
0.000000,0.880000,0.000000,31,flat_missed_event,forecast,0.000000,0.000000,0.000000,0.000000
0.000000,0.880000,0.000000,31,flat_missed_event,hindsight,0.000000,0.000000,0.000000,0.000000
0.000000,0.880000,0.000000,32,evening_peak,idle,0.000000,1.825000,0.000000,0.000000
0.000000,0.880000,0.000000,32,evening_peak,clock,1.825000,0.000000,0.000000,0.000000
0.000000,0.880000,0.000000,32,evening_peak,forecast,1.825000,0.000000,0.000000,0.000000
0.000000,0.880000,0.000000,32,evening_peak,hindsight,1.825000,0.000000,0.000000,0.000000
0.000000,0.880000,0.000000,33,scarcity_peak,idle,0.000000,3.325000,0.000000,0.000000
0.000000,0.880000,0.000000,33,scarcity_peak,clock,3.325000,0.000000,0.000000,0.000000
0.000000,0.880000,0.000000,33,scarcity_peak,forecast,3.325000,0.000000,0.000000,0.000000
0.000000,0.880000,0.000000,33,scarcity_peak,hindsight,3.325000,0.000000,0.000000,0.000000
0.000000,0.880000,0.000000,34,negative_midday,idle,0.000000,2.500000,0.000000,0.000000
0.000000,0.880000,0.000000,34,negative_midday,clock,2.500000,0.000000,0.000000,0.000000
0.000000,0.880000,0.000000,34,negative_midday,forecast,2.500000,0.000000,0.000000,0.000000
0.000000,0.880000,0.000000,34,negative_midday,hindsight,2.500000,0.000000,0.000000,0.000000
0.000000,0.880000,0.000000,35,flat_missed_event,idle,0.000000,0.000000,0.000000,0.000000
0.000000,0.880000,0.000000,35,flat_missed_event,clock,-0.120000,0.120000,0.000000,0.000000
0.000000,0.880000,0.000000,35,flat_missed_event,forecast,0.000000,0.000000,0.000000,0.000000
0.000000,0.880000,0.000000,35,flat_missed_event,hindsight,0.000000,0.000000,0.000000,0.000000
0.000000,0.880000,0.000000,36,evening_peak,idle,0.000000,1.825000,0.000000,0.000000
0.000000,0.880000,0.000000,36,evening_peak,clock,1.825000,0.000000,0.000000,0.000000
0.000000,0.880000,0.000000,36,evening_peak,forecast,1.825000,0.000000,0.000000,0.000000
0.000000,0.880000,0.000000,36,evening_peak,hindsight,1.825000,0.000000,0.000000,0.000000
0.000000,0.880000,0.000000,37,scarcity_peak,idle,0.000000,3.325000,0.000000,0.000000
0.000000,0.880000,0.000000,37,scarcity_peak,clock,3.325000,0.000000,0.000000,0.000000
0.000000,0.880000,0.000000,37,scarcity_peak,forecast,3.325000,0.000000,0.000000,0.000000
0.000000,0.880000,0.000000,37,scarcity_peak,hindsight,3.325000,0.000000,0.000000,0.000000
0.000000,0.880000,0.000000,38,negative_midday,idle,0.000000,2.500000,0.000000,0.000000
0.000000,0.880000,0.000000,38,negative_midday,clock,2.500000,0.000000,0.000000,0.000000
0.000000,0.880000,0.000000,38,negative_midday,forecast,2.500000,0.000000,0.000000,0.000000
0.000000,0.880000,0.000000,38,negative_midday,hindsight,2.500000,0.000000,0.000000,0.000000
0.000000,0.880000,0.000000,39,flat_missed_event,idle,0.000000,0.000000,0.000000,0.000000
0.000000,0.880000,0.000000,39,flat_missed_event,clock,-0.120000,0.120000,0.000000,0.000000
0.000000,0.880000,0.000000,39,flat_missed_event,forecast,0.000000,0.000000,0.000000,0.000000
0.000000,0.880000,0.000000,39,flat_missed_event,hindsight,0.000000,0.000000,0.000000,0.000000
0.000000,0.880000,0.000000,40,evening_peak,idle,0.000000,1.825000,0.000000,0.000000
0.000000,0.880000,0.000000,40,evening_peak,clock,1.825000,0.000000,0.000000,0.000000
0.000000,0.880000,0.000000,40,evening_peak,forecast,1.825000,0.000000,0.000000,0.000000
0.000000,0.880000,0.000000,40,evening_peak,hindsight,1.825000,0.000000,0.000000,0.000000
0.000000,0.880000,0.000000,41,scarcity_peak,idle,0.000000,3.325000,0.000000,0.000000
0.000000,0.880000,0.000000,41,scarcity_peak,clock,3.325000,0.000000,0.000000,0.000000
0.000000,0.880000,0.000000,41,scarcity_peak,forecast,3.325000,0.000000,0.000000,0.000000
0.000000,0.880000,0.000000,41,scarcity_peak,hindsight,3.325000,0.000000,0.000000,0.000000
0.000000,0.880000,0.000000,42,negative_midday,idle,0.000000,2.500000,0.000000,0.000000
0.000000,0.880000,0.000000,42,negative_midday,clock,2.500000,0.000000,0.000000,0.000000
0.000000,0.880000,0.000000,42,negative_midday,forecast,2.500000,0.000000,0.000000,0.000000
0.000000,0.880000,0.000000,42,negative_midday,hindsight,2.500000,0.000000,0.000000,0.000000
0.000000,0.880000,0.000000,43,flat_missed_event,idle,0.000000,0.000000,0.000000,0.000000
0.000000,0.880000,0.000000,43,flat_missed_event,clock,-0.120000,0.120000,0.000000,0.000000
0.000000,0.880000,0.000000,43,flat_missed_event,forecast,0.000000,0.000000,0.000000,0.000000
0.000000,0.880000,0.000000,43,flat_missed_event,hindsight,0.000000,0.000000,0.000000,0.000000
0.000000,0.880000,0.000000,44,evening_peak,idle,0.000000,1.825000,0.000000,0.000000
0.000000,0.880000,0.000000,44,evening_peak,clock,1.825000,0.000000,0.000000,0.000000
0.000000,0.880000,0.000000,44,evening_peak,forecast,1.825000,0.000000,0.000000,0.000000
0.000000,0.880000,0.000000,44,evening_peak,hindsight,1.825000,0.000000,0.000000,0.000000
0.000000,0.880000,0.000000,45,scarcity_peak,idle,0.000000,3.325000,0.000000,0.000000
0.000000,0.880000,0.000000,45,scarcity_peak,clock,3.325000,0.000000,0.000000,0.000000
0.000000,0.880000,0.000000,45,scarcity_peak,forecast,3.325000,0.000000,0.000000,0.000000
0.000000,0.880000,0.000000,45,scarcity_peak,hindsight,3.325000,0.000000,0.000000,0.000000
0.000000,0.880000,0.000000,46,negative_midday,idle,0.000000,2.500000,0.000000,0.000000
0.000000,0.880000,0.000000,46,negative_midday,clock,2.500000,0.000000,0.000000,0.000000
0.000000,0.880000,0.000000,46,negative_midday,forecast,2.500000,0.000000,0.000000,0.000000
0.000000,0.880000,0.000000,46,negative_midday,hindsight,2.500000,0.000000,0.000000,0.000000
0.000000,0.880000,0.000000,47,flat_missed_event,idle,0.000000,0.000000,0.000000,0.000000
0.000000,0.880000,0.000000,47,flat_missed_event,clock,-0.120000,0.120000,0.000000,0.000000
0.000000,0.880000,0.000000,47,flat_missed_event,forecast,0.000000,0.000000,0.000000,0.000000
0.000000,0.880000,0.000000,47,flat_missed_event,hindsight,0.000000,0.000000,0.000000,0.000000
0.000000,0.880000,0.000000,48,evening_peak,idle,0.000000,1.825000,0.000000,0.000000
0.000000,0.880000,0.000000,48,evening_peak,clock,1.825000,0.000000,0.000000,0.000000
0.000000,0.880000,0.000000,48,evening_peak,forecast,1.825000,0.000000,0.000000,0.000000
0.000000,0.880000,0.000000,48,evening_peak,hindsight,1.825000,0.000000,0.000000,0.000000
0.000000,0.880000,0.000000,49,scarcity_peak,idle,0.000000,3.325000,0.000000,0.000000
0.000000,0.880000,0.000000,49,scarcity_peak,clock,3.325000,0.000000,0.000000,0.000000
0.000000,0.880000,0.000000,49,scarcity_peak,forecast,3.325000,0.000000,0.000000,0.000000
0.000000,0.880000,0.000000,49,scarcity_peak,hindsight,3.325000,0.000000,0.000000,0.000000
0.000000,0.880000,0.000000,50,negative_midday,idle,0.000000,2.500000,0.000000,0.000000
0.000000,0.880000,0.000000,50,negative_midday,clock,2.500000,0.000000,0.000000,0.000000
0.000000,0.880000,0.000000,50,negative_midday,forecast,2.500000,0.000000,0.000000,0.000000
0.000000,0.880000,0.000000,50,negative_midday,hindsight,2.500000,0.000000,0.000000,0.000000
0.000000,0.880000,0.000000,51,flat_missed_event,idle,0.000000,0.000000,0.000000,0.000000
0.000000,0.880000,0.000000,51,flat_missed_event,clock,-0.120000,0.120000,0.000000,0.000000
0.000000,0.880000,0.000000,51,flat_missed_event,forecast,0.000000,0.000000,0.000000,0.000000
0.000000,0.880000,0.000000,51,flat_missed_event,hindsight,0.000000,0.000000,0.000000,0.000000
0.000000,0.880000,0.000000,52,evening_peak,idle,0.000000,1.825000,0.000000,0.000000
0.000000,0.880000,0.000000,52,evening_peak,clock,1.825000,0.000000,0.000000,0.000000
0.000000,0.880000,0.000000,52,evening_peak,forecast,1.825000,0.000000,0.000000,0.000000
0.000000,0.880000,0.000000,52,evening_peak,hindsight,1.825000,0.000000,0.000000,0.000000
0.000000,0.880000,0.000000,53,scarcity_peak,idle,0.000000,3.325000,0.000000,0.000000
0.000000,0.880000,0.000000,53,scarcity_peak,clock,3.325000,0.000000,0.000000,0.000000
0.000000,0.880000,0.000000,53,scarcity_peak,forecast,3.325000,0.000000,0.000000,0.000000
0.000000,0.880000,0.000000,53,scarcity_peak,hindsight,3.325000,0.000000,0.000000,0.000000
0.000000,0.880000,0.000000,54,negative_midday,idle,0.000000,2.500000,0.000000,0.000000
0.000000,0.880000,0.000000,54,negative_midday,clock,2.500000,0.000000,0.000000,0.000000
0.000000,0.880000,0.000000,54,negative_midday,forecast,2.500000,0.000000,0.000000,0.000000
0.000000,0.880000,0.000000,54,negative_midday,hindsight,2.500000,0.000000,0.000000,0.000000
0.000000,0.880000,0.000000,55,flat_missed_event,idle,0.000000,0.000000,0.000000,0.000000
0.000000,0.880000,0.000000,55,flat_missed_event,clock,-0.120000,0.120000,0.000000,0.000000
0.000000,0.880000,0.000000,55,flat_missed_event,forecast,0.000000,0.000000,0.000000,0.000000
0.000000,0.880000,0.000000,55,flat_missed_event,hindsight,0.000000,0.000000,0.000000,0.000000
0.000000,0.880000,0.000000,56,evening_peak,idle,0.000000,1.825000,0.000000,0.000000
0.000000,0.880000,0.000000,56,evening_peak,clock,1.825000,0.000000,0.000000,0.000000
0.000000,0.880000,0.000000,56,evening_peak,forecast,1.825000,0.000000,0.000000,0.000000
0.000000,0.880000,0.000000,56,evening_peak,hindsight,1.825000,0.000000,0.000000,0.000000
0.000000,0.880000,0.000000,57,scarcity_peak,idle,0.000000,3.325000,0.000000,0.000000
0.000000,0.880000,0.000000,57,scarcity_peak,clock,3.325000,0.000000,0.000000,0.000000
0.000000,0.880000,0.000000,57,scarcity_peak,forecast,3.325000,0.000000,0.000000,0.000000
0.000000,0.880000,0.000000,57,scarcity_peak,hindsight,3.325000,0.000000,0.000000,0.000000
0.000000,0.880000,0.000000,58,negative_midday,idle,0.000000,2.500000,0.000000,0.000000
0.000000,0.880000,0.000000,58,negative_midday,clock,2.500000,0.000000,0.000000,0.000000
0.000000,0.880000,0.000000,58,negative_midday,forecast,2.500000,0.000000,0.000000,0.000000
0.000000,0.880000,0.000000,58,negative_midday,hindsight,2.500000,0.000000,0.000000,0.000000
0.000000,0.880000,0.000000,59,flat_missed_event,idle,0.000000,0.000000,0.000000,0.000000
0.000000,0.880000,0.000000,59,flat_missed_event,clock,-0.120000,0.120000,0.000000,0.000000
0.000000,0.880000,0.000000,59,flat_missed_event,forecast,0.000000,0.000000,0.000000,0.000000
0.000000,0.880000,0.000000,59,flat_missed_event,hindsight,0.000000,0.000000,0.000000,0.000000
0.000000,0.880000,0.000000,60,evening_peak,idle,0.000000,1.825000,0.000000,0.000000
0.000000,0.880000,0.000000,60,evening_peak,clock,1.825000,0.000000,0.000000,0.000000
0.000000,0.880000,0.000000,60,evening_peak,forecast,1.825000,0.000000,0.000000,0.000000
0.000000,0.880000,0.000000,60,evening_peak,hindsight,1.825000,0.000000,0.000000,0.000000
0.000000,0.880000,0.000000,61,scarcity_peak,idle,0.000000,3.325000,0.000000,0.000000
0.000000,0.880000,0.000000,61,scarcity_peak,clock,3.325000,0.000000,0.000000,0.000000
0.000000,0.880000,0.000000,61,scarcity_peak,forecast,3.325000,0.000000,0.000000,0.000000
0.000000,0.880000,0.000000,61,scarcity_peak,hindsight,3.325000,0.000000,0.000000,0.000000
0.000000,0.880000,0.000000,62,negative_midday,idle,0.000000,2.500000,0.000000,0.000000
0.000000,0.880000,0.000000,62,negative_midday,clock,2.500000,0.000000,0.000000,0.000000
0.000000,0.880000,0.000000,62,negative_midday,forecast,2.500000,0.000000,0.000000,0.000000
0.000000,0.880000,0.000000,62,negative_midday,hindsight,2.500000,0.000000,0.000000,0.000000
0.000000,0.880000,0.000000,63,flat_missed_event,idle,0.000000,0.000000,0.000000,0.000000
0.000000,0.880000,0.000000,63,flat_missed_event,clock,-0.120000,0.120000,0.000000,0.000000
0.000000,0.880000,0.000000,63,flat_missed_event,forecast,0.000000,0.000000,0.000000,0.000000
0.000000,0.880000,0.000000,63,flat_missed_event,hindsight,0.000000,0.000000,0.000000,0.000000
0.000000,0.880000,0.000000,64,evening_peak,idle,0.000000,1.825000,0.000000,0.000000
0.000000,0.880000,0.000000,64,evening_peak,clock,1.825000,0.000000,0.000000,0.000000
0.000000,0.880000,0.000000,64,evening_peak,forecast,1.825000,0.000000,0.000000,0.000000
0.000000,0.880000,0.000000,64,evening_peak,hindsight,1.825000,0.000000,0.000000,0.000000
0.000000,0.880000,0.000000,65,scarcity_peak,idle,0.000000,3.325000,0.000000,0.000000
0.000000,0.880000,0.000000,65,scarcity_peak,clock,3.325000,0.000000,0.000000,0.000000
0.000000,0.880000,0.000000,65,scarcity_peak,forecast,3.325000,0.000000,0.000000,0.000000
0.000000,0.880000,0.000000,65,scarcity_peak,hindsight,3.325000,0.000000,0.000000,0.000000
0.000000,0.880000,0.000000,66,negative_midday,idle,0.000000,2.500000,0.000000,0.000000
0.000000,0.880000,0.000000,66,negative_midday,clock,2.500000,0.000000,0.000000,0.000000
0.000000,0.880000,0.000000,66,negative_midday,forecast,2.500000,0.000000,0.000000,0.000000
0.000000,0.880000,0.000000,66,negative_midday,hindsight,2.500000,0.000000,0.000000,0.000000
0.000000,0.880000,0.000000,67,flat_missed_event,idle,0.000000,0.000000,0.000000,0.000000
0.000000,0.880000,0.000000,67,flat_missed_event,clock,-0.120000,0.120000,0.000000,0.000000
0.000000,0.880000,0.000000,67,flat_missed_event,forecast,0.000000,0.000000,0.000000,0.000000
0.000000,0.880000,0.000000,67,flat_missed_event,hindsight,0.000000,0.000000,0.000000,0.000000
0.000000,0.880000,0.000000,68,evening_peak,idle,0.000000,1.825000,0.000000,0.000000
0.000000,0.880000,0.000000,68,evening_peak,clock,1.825000,0.000000,0.000000,0.000000
0.000000,0.880000,0.000000,68,evening_peak,forecast,1.825000,0.000000,0.000000,0.000000
0.000000,0.880000,0.000000,68,evening_peak,hindsight,1.825000,0.000000,0.000000,0.000000
0.000000,0.880000,0.000000,69,scarcity_peak,idle,0.000000,3.325000,0.000000,0.000000
0.000000,0.880000,0.000000,69,scarcity_peak,clock,3.325000,0.000000,0.000000,0.000000
0.000000,0.880000,0.000000,69,scarcity_peak,forecast,3.325000,0.000000,0.000000,0.000000
0.000000,0.880000,0.000000,69,scarcity_peak,hindsight,3.325000,0.000000,0.000000,0.000000
0.000000,0.880000,0.000000,70,negative_midday,idle,0.000000,2.500000,0.000000,0.000000
0.000000,0.880000,0.000000,70,negative_midday,clock,2.500000,0.000000,0.000000,0.000000
0.000000,0.880000,0.000000,70,negative_midday,forecast,2.500000,0.000000,0.000000,0.000000
0.000000,0.880000,0.000000,70,negative_midday,hindsight,2.500000,0.000000,0.000000,0.000000
0.000000,0.880000,0.000000,71,flat_missed_event,idle,0.000000,0.000000,0.000000,0.000000
0.000000,0.880000,0.000000,71,flat_missed_event,clock,-0.120000,0.120000,0.000000,0.000000
0.000000,0.880000,0.000000,71,flat_missed_event,forecast,0.000000,0.000000,0.000000,0.000000
0.000000,0.880000,0.000000,71,flat_missed_event,hindsight,0.000000,0.000000,0.000000,0.000000
0.000000,0.880000,0.000000,72,evening_peak,idle,0.000000,1.825000,0.000000,0.000000
0.000000,0.880000,0.000000,72,evening_peak,clock,1.825000,0.000000,0.000000,0.000000
0.000000,0.880000,0.000000,72,evening_peak,forecast,1.825000,0.000000,0.000000,0.000000
0.000000,0.880000,0.000000,72,evening_peak,hindsight,1.825000,0.000000,0.000000,0.000000
0.000000,0.880000,0.000000,73,scarcity_peak,idle,0.000000,3.325000,0.000000,0.000000
0.000000,0.880000,0.000000,73,scarcity_peak,clock,3.325000,0.000000,0.000000,0.000000
0.000000,0.880000,0.000000,73,scarcity_peak,forecast,3.325000,0.000000,0.000000,0.000000
0.000000,0.880000,0.000000,73,scarcity_peak,hindsight,3.325000,0.000000,0.000000,0.000000
0.000000,0.880000,0.000000,74,negative_midday,idle,0.000000,2.500000,0.000000,0.000000
0.000000,0.880000,0.000000,74,negative_midday,clock,2.500000,0.000000,0.000000,0.000000
0.000000,0.880000,0.000000,74,negative_midday,forecast,2.500000,0.000000,0.000000,0.000000
0.000000,0.880000,0.000000,74,negative_midday,hindsight,2.500000,0.000000,0.000000,0.000000
0.000000,0.880000,0.000000,75,flat_missed_event,idle,0.000000,0.000000,0.000000,0.000000
0.000000,0.880000,0.000000,75,flat_missed_event,clock,-0.120000,0.120000,0.000000,0.000000
0.000000,0.880000,0.000000,75,flat_missed_event,forecast,0.000000,0.000000,0.000000,0.000000
0.000000,0.880000,0.000000,75,flat_missed_event,hindsight,0.000000,0.000000,0.000000,0.000000
0.000000,0.880000,0.000000,76,evening_peak,idle,0.000000,1.825000,0.000000,0.000000
0.000000,0.880000,0.000000,76,evening_peak,clock,1.825000,0.000000,0.000000,0.000000
0.000000,0.880000,0.000000,76,evening_peak,forecast,1.825000,0.000000,0.000000,0.000000
0.000000,0.880000,0.000000,76,evening_peak,hindsight,1.825000,0.000000,0.000000,0.000000
0.000000,0.880000,0.000000,77,scarcity_peak,idle,0.000000,3.325000,0.000000,0.000000
0.000000,0.880000,0.000000,77,scarcity_peak,clock,3.325000,0.000000,0.000000,0.000000
0.000000,0.880000,0.000000,77,scarcity_peak,forecast,3.325000,0.000000,0.000000,0.000000
0.000000,0.880000,0.000000,77,scarcity_peak,hindsight,3.325000,0.000000,0.000000,0.000000
0.000000,0.880000,0.000000,78,negative_midday,idle,0.000000,2.500000,0.000000,0.000000
0.000000,0.880000,0.000000,78,negative_midday,clock,2.500000,0.000000,0.000000,0.000000
0.000000,0.880000,0.000000,78,negative_midday,forecast,2.500000,0.000000,0.000000,0.000000
0.000000,0.880000,0.000000,78,negative_midday,hindsight,2.500000,0.000000,0.000000,0.000000
0.000000,0.880000,0.000000,79,flat_missed_event,idle,0.000000,0.000000,0.000000,0.000000
0.000000,0.880000,0.000000,79,flat_missed_event,clock,-0.120000,0.120000,0.000000,0.000000
0.000000,0.880000,0.000000,79,flat_missed_event,forecast,0.000000,0.000000,0.000000,0.000000
0.000000,0.880000,0.000000,79,flat_missed_event,hindsight,0.000000,0.000000,0.000000,0.000000
0.000000,0.880000,0.000000,80,evening_peak,idle,0.000000,1.825000,0.000000,0.000000
0.000000,0.880000,0.000000,80,evening_peak,clock,1.825000,0.000000,0.000000,0.000000
0.000000,0.880000,0.000000,80,evening_peak,forecast,1.825000,0.000000,0.000000,0.000000
0.000000,0.880000,0.000000,80,evening_peak,hindsight,1.825000,0.000000,0.000000,0.000000
0.000000,0.880000,0.000000,81,scarcity_peak,idle,0.000000,3.325000,0.000000,0.000000
0.000000,0.880000,0.000000,81,scarcity_peak,clock,3.325000,0.000000,0.000000,0.000000
0.000000,0.880000,0.000000,81,scarcity_peak,forecast,3.325000,0.000000,0.000000,0.000000
0.000000,0.880000,0.000000,81,scarcity_peak,hindsight,3.325000,0.000000,0.000000,0.000000
0.000000,0.880000,0.000000,82,negative_midday,idle,0.000000,2.500000,0.000000,0.000000
0.000000,0.880000,0.000000,82,negative_midday,clock,2.500000,0.000000,0.000000,0.000000
0.000000,0.880000,0.000000,82,negative_midday,forecast,2.500000,0.000000,0.000000,0.000000
0.000000,0.880000,0.000000,82,negative_midday,hindsight,2.500000,0.000000,0.000000,0.000000
0.000000,0.880000,0.000000,83,flat_missed_event,idle,0.000000,0.000000,0.000000,0.000000
0.000000,0.880000,0.000000,83,flat_missed_event,clock,-0.120000,0.120000,0.000000,0.000000
0.000000,0.880000,0.000000,83,flat_missed_event,forecast,0.000000,0.000000,0.000000,0.000000
0.000000,0.880000,0.000000,83,flat_missed_event,hindsight,0.000000,0.000000,0.000000,0.000000
0.000000,0.880000,0.000000,84,evening_peak,idle,0.000000,1.825000,0.000000,0.000000
0.000000,0.880000,0.000000,84,evening_peak,clock,1.825000,0.000000,0.000000,0.000000
0.000000,0.880000,0.000000,84,evening_peak,forecast,1.825000,0.000000,0.000000,0.000000
0.000000,0.880000,0.000000,84,evening_peak,hindsight,1.825000,0.000000,0.000000,0.000000
0.000000,0.880000,0.000000,85,scarcity_peak,idle,0.000000,3.325000,0.000000,0.000000
0.000000,0.880000,0.000000,85,scarcity_peak,clock,3.325000,0.000000,0.000000,0.000000
0.000000,0.880000,0.000000,85,scarcity_peak,forecast,3.325000,0.000000,0.000000,0.000000
0.000000,0.880000,0.000000,85,scarcity_peak,hindsight,3.325000,0.000000,0.000000,0.000000
0.000000,0.880000,0.000000,86,negative_midday,idle,0.000000,2.500000,0.000000,0.000000
0.000000,0.880000,0.000000,86,negative_midday,clock,2.500000,0.000000,0.000000,0.000000
0.000000,0.880000,0.000000,86,negative_midday,forecast,2.500000,0.000000,0.000000,0.000000
0.000000,0.880000,0.000000,86,negative_midday,hindsight,2.500000,0.000000,0.000000,0.000000
0.000000,0.880000,0.000000,87,flat_missed_event,idle,0.000000,0.000000,0.000000,0.000000
0.000000,0.880000,0.000000,87,flat_missed_event,clock,-0.120000,0.120000,0.000000,0.000000
0.000000,0.880000,0.000000,87,flat_missed_event,forecast,0.000000,0.000000,0.000000,0.000000
0.000000,0.880000,0.000000,87,flat_missed_event,hindsight,0.000000,0.000000,0.000000,0.000000
0.000000,0.880000,0.000000,88,evening_peak,idle,0.000000,1.825000,0.000000,0.000000
0.000000,0.880000,0.000000,88,evening_peak,clock,1.825000,0.000000,0.000000,0.000000
0.000000,0.880000,0.000000,88,evening_peak,forecast,1.825000,0.000000,0.000000,0.000000
0.000000,0.880000,0.000000,88,evening_peak,hindsight,1.825000,0.000000,0.000000,0.000000
0.000000,0.880000,0.000000,89,scarcity_peak,idle,0.000000,3.325000,0.000000,0.000000
0.000000,0.880000,0.000000,89,scarcity_peak,clock,3.325000,0.000000,0.000000,0.000000
0.000000,0.880000,0.000000,89,scarcity_peak,forecast,3.325000,0.000000,0.000000,0.000000
0.000000,0.880000,0.000000,89,scarcity_peak,hindsight,3.325000,0.000000,0.000000,0.000000
0.000000,0.880000,0.000000,90,negative_midday,idle,0.000000,2.500000,0.000000,0.000000
0.000000,0.880000,0.000000,90,negative_midday,clock,2.500000,0.000000,0.000000,0.000000
0.000000,0.880000,0.000000,90,negative_midday,forecast,2.500000,0.000000,0.000000,0.000000
0.000000,0.880000,0.000000,90,negative_midday,hindsight,2.500000,0.000000,0.000000,0.000000
0.000000,0.880000,0.000000,91,flat_missed_event,idle,0.000000,0.000000,0.000000,0.000000
0.000000,0.880000,0.000000,91,flat_missed_event,clock,-0.120000,0.120000,0.000000,0.000000
0.000000,0.880000,0.000000,91,flat_missed_event,forecast,0.000000,0.000000,0.000000,0.000000
0.000000,0.880000,0.000000,91,flat_missed_event,hindsight,0.000000,0.000000,0.000000,0.000000
0.000000,0.880000,0.000000,92,evening_peak,idle,0.000000,1.825000,0.000000,0.000000
0.000000,0.880000,0.000000,92,evening_peak,clock,1.825000,0.000000,0.000000,0.000000
0.000000,0.880000,0.000000,92,evening_peak,forecast,1.825000,0.000000,0.000000,0.000000
0.000000,0.880000,0.000000,92,evening_peak,hindsight,1.825000,0.000000,0.000000,0.000000
0.000000,0.880000,0.000000,93,scarcity_peak,idle,0.000000,3.325000,0.000000,0.000000
0.000000,0.880000,0.000000,93,scarcity_peak,clock,3.325000,0.000000,0.000000,0.000000
0.000000,0.880000,0.000000,93,scarcity_peak,forecast,3.325000,0.000000,0.000000,0.000000
0.000000,0.880000,0.000000,93,scarcity_peak,hindsight,3.325000,0.000000,0.000000,0.000000
0.000000,0.880000,0.000000,94,negative_midday,idle,0.000000,2.500000,0.000000,0.000000
0.000000,0.880000,0.000000,94,negative_midday,clock,2.500000,0.000000,0.000000,0.000000
0.000000,0.880000,0.000000,94,negative_midday,forecast,2.500000,0.000000,0.000000,0.000000
0.000000,0.880000,0.000000,94,negative_midday,hindsight,2.500000,0.000000,0.000000,0.000000
0.000000,0.880000,0.000000,95,flat_missed_event,idle,0.000000,0.000000,0.000000,0.000000
0.000000,0.880000,0.000000,95,flat_missed_event,clock,-0.120000,0.120000,0.000000,0.000000
0.000000,0.880000,0.000000,95,flat_missed_event,forecast,0.000000,0.000000,0.000000,0.000000
0.000000,0.880000,0.000000,95,flat_missed_event,hindsight,0.000000,0.000000,0.000000,0.000000
0.000000,0.880000,0.000000,96,evening_peak,idle,0.000000,1.825000,0.000000,0.000000
0.000000,0.880000,0.000000,96,evening_peak,clock,1.825000,0.000000,0.000000,0.000000
0.000000,0.880000,0.000000,96,evening_peak,forecast,1.825000,0.000000,0.000000,0.000000
0.000000,0.880000,0.000000,96,evening_peak,hindsight,1.825000,0.000000,0.000000,0.000000
0.000000,0.880000,0.000000,97,scarcity_peak,idle,0.000000,3.325000,0.000000,0.000000
0.000000,0.880000,0.000000,97,scarcity_peak,clock,3.325000,0.000000,0.000000,0.000000
0.000000,0.880000,0.000000,97,scarcity_peak,forecast,3.325000,0.000000,0.000000,0.000000
0.000000,0.880000,0.000000,97,scarcity_peak,hindsight,3.325000,0.000000,0.000000,0.000000
0.000000,0.880000,0.000000,98,negative_midday,idle,0.000000,2.500000,0.000000,0.000000
0.000000,0.880000,0.000000,98,negative_midday,clock,2.500000,0.000000,0.000000,0.000000
0.000000,0.880000,0.000000,98,negative_midday,forecast,2.500000,0.000000,0.000000,0.000000
0.000000,0.880000,0.000000,98,negative_midday,hindsight,2.500000,0.000000,0.000000,0.000000
0.000000,0.880000,0.000000,99,flat_missed_event,idle,0.000000,0.000000,0.000000,0.000000
0.000000,0.880000,0.000000,99,flat_missed_event,clock,-0.120000,0.120000,0.000000,0.000000
0.000000,0.880000,0.000000,99,flat_missed_event,forecast,0.000000,0.000000,0.000000,0.000000
0.000000,0.880000,0.000000,99,flat_missed_event,hindsight,0.000000,0.000000,0.000000,0.000000
0.000000,0.880000,0.000000,100,evening_peak,idle,0.000000,1.825000,0.000000,0.000000
0.000000,0.880000,0.000000,100,evening_peak,clock,1.825000,0.000000,0.000000,0.000000
0.000000,0.880000,0.000000,100,evening_peak,forecast,1.825000,0.000000,0.000000,0.000000
0.000000,0.880000,0.000000,100,evening_peak,hindsight,1.825000,0.000000,0.000000,0.000000
0.000000,0.880000,0.000000,101,scarcity_peak,idle,0.000000,3.325000,0.000000,0.000000
0.000000,0.880000,0.000000,101,scarcity_peak,clock,3.325000,0.000000,0.000000,0.000000
0.000000,0.880000,0.000000,101,scarcity_peak,forecast,3.325000,0.000000,0.000000,0.000000
0.000000,0.880000,0.000000,101,scarcity_peak,hindsight,3.325000,0.000000,0.000000,0.000000
0.000000,0.880000,0.000000,102,negative_midday,idle,0.000000,2.500000,0.000000,0.000000
0.000000,0.880000,0.000000,102,negative_midday,clock,2.500000,0.000000,0.000000,0.000000
0.000000,0.880000,0.000000,102,negative_midday,forecast,2.500000,0.000000,0.000000,0.000000
0.000000,0.880000,0.000000,102,negative_midday,hindsight,2.500000,0.000000,0.000000,0.000000
0.000000,0.880000,0.000000,103,flat_missed_event,idle,0.000000,0.000000,0.000000,0.000000
0.000000,0.880000,0.000000,103,flat_missed_event,clock,-0.120000,0.120000,0.000000,0.000000
0.000000,0.880000,0.000000,103,flat_missed_event,forecast,0.000000,0.000000,0.000000,0.000000
0.000000,0.880000,0.000000,103,flat_missed_event,hindsight,0.000000,0.000000,0.000000,0.000000
0.000000,0.880000,0.000000,104,evening_peak,idle,0.000000,1.825000,0.000000,0.000000
0.000000,0.880000,0.000000,104,evening_peak,clock,1.825000,0.000000,0.000000,0.000000
0.000000,0.880000,0.000000,104,evening_peak,forecast,1.825000,0.000000,0.000000,0.000000
0.000000,0.880000,0.000000,104,evening_peak,hindsight,1.825000,0.000000,0.000000,0.000000
0.000000,0.880000,0.000000,105,scarcity_peak,idle,0.000000,3.325000,0.000000,0.000000
0.000000,0.880000,0.000000,105,scarcity_peak,clock,3.325000,0.000000,0.000000,0.000000
0.000000,0.880000,0.000000,105,scarcity_peak,forecast,3.325000,0.000000,0.000000,0.000000
0.000000,0.880000,0.000000,105,scarcity_peak,hindsight,3.325000,0.000000,0.000000,0.000000
0.000000,0.880000,0.000000,106,negative_midday,idle,0.000000,2.500000,0.000000,0.000000
0.000000,0.880000,0.000000,106,negative_midday,clock,2.500000,0.000000,0.000000,0.000000
0.000000,0.880000,0.000000,106,negative_midday,forecast,2.500000,0.000000,0.000000,0.000000
0.000000,0.880000,0.000000,106,negative_midday,hindsight,2.500000,0.000000,0.000000,0.000000
0.000000,0.880000,0.000000,107,flat_missed_event,idle,0.000000,0.000000,0.000000,0.000000
0.000000,0.880000,0.000000,107,flat_missed_event,clock,-0.120000,0.120000,0.000000,0.000000
0.000000,0.880000,0.000000,107,flat_missed_event,forecast,0.000000,0.000000,0.000000,0.000000
0.000000,0.880000,0.000000,107,flat_missed_event,hindsight,0.000000,0.000000,0.000000,0.000000
0.000000,0.880000,0.000000,108,evening_peak,idle,0.000000,1.825000,0.000000,0.000000
0.000000,0.880000,0.000000,108,evening_peak,clock,1.825000,0.000000,0.000000,0.000000
0.000000,0.880000,0.000000,108,evening_peak,forecast,1.825000,0.000000,0.000000,0.000000
0.000000,0.880000,0.000000,108,evening_peak,hindsight,1.825000,0.000000,0.000000,0.000000
0.000000,0.880000,0.000000,109,scarcity_peak,idle,0.000000,3.325000,0.000000,0.000000
0.000000,0.880000,0.000000,109,scarcity_peak,clock,3.325000,0.000000,0.000000,0.000000
0.000000,0.880000,0.000000,109,scarcity_peak,forecast,3.325000,0.000000,0.000000,0.000000
0.000000,0.880000,0.000000,109,scarcity_peak,hindsight,3.325000,0.000000,0.000000,0.000000
0.000000,0.880000,0.000000,110,negative_midday,idle,0.000000,2.500000,0.000000,0.000000
0.000000,0.880000,0.000000,110,negative_midday,clock,2.500000,0.000000,0.000000,0.000000
0.000000,0.880000,0.000000,110,negative_midday,forecast,2.500000,0.000000,0.000000,0.000000
0.000000,0.880000,0.000000,110,negative_midday,hindsight,2.500000,0.000000,0.000000,0.000000
0.000000,0.880000,0.000000,111,flat_missed_event,idle,0.000000,0.000000,0.000000,0.000000
0.000000,0.880000,0.000000,111,flat_missed_event,clock,-0.120000,0.120000,0.000000,0.000000
0.000000,0.880000,0.000000,111,flat_missed_event,forecast,0.000000,0.000000,0.000000,0.000000
0.000000,0.880000,0.000000,111,flat_missed_event,hindsight,0.000000,0.000000,0.000000,0.000000
0.000000,0.880000,0.000000,112,evening_peak,idle,0.000000,1.825000,0.000000,0.000000
0.000000,0.880000,0.000000,112,evening_peak,clock,1.825000,0.000000,0.000000,0.000000
0.000000,0.880000,0.000000,112,evening_peak,forecast,1.825000,0.000000,0.000000,0.000000
0.000000,0.880000,0.000000,112,evening_peak,hindsight,1.825000,0.000000,0.000000,0.000000
0.000000,0.880000,0.000000,113,scarcity_peak,idle,0.000000,3.325000,0.000000,0.000000
0.000000,0.880000,0.000000,113,scarcity_peak,clock,3.325000,0.000000,0.000000,0.000000
0.000000,0.880000,0.000000,113,scarcity_peak,forecast,3.325000,0.000000,0.000000,0.000000
0.000000,0.880000,0.000000,113,scarcity_peak,hindsight,3.325000,0.000000,0.000000,0.000000
0.000000,0.880000,0.000000,114,negative_midday,idle,0.000000,2.500000,0.000000,0.000000
0.000000,0.880000,0.000000,114,negative_midday,clock,2.500000,0.000000,0.000000,0.000000
0.000000,0.880000,0.000000,114,negative_midday,forecast,2.500000,0.000000,0.000000,0.000000
0.000000,0.880000,0.000000,114,negative_midday,hindsight,2.500000,0.000000,0.000000,0.000000
0.000000,0.880000,0.000000,115,flat_missed_event,idle,0.000000,0.000000,0.000000,0.000000
0.000000,0.880000,0.000000,115,flat_missed_event,clock,-0.120000,0.120000,0.000000,0.000000
0.000000,0.880000,0.000000,115,flat_missed_event,forecast,0.000000,0.000000,0.000000,0.000000
0.000000,0.880000,0.000000,115,flat_missed_event,hindsight,0.000000,0.000000,0.000000,0.000000
0.000000,0.880000,0.000000,116,evening_peak,idle,0.000000,1.825000,0.000000,0.000000
0.000000,0.880000,0.000000,116,evening_peak,clock,1.825000,0.000000,0.000000,0.000000
0.000000,0.880000,0.000000,116,evening_peak,forecast,1.825000,0.000000,0.000000,0.000000
0.000000,0.880000,0.000000,116,evening_peak,hindsight,1.825000,0.000000,0.000000,0.000000
0.000000,0.880000,0.000000,117,scarcity_peak,idle,0.000000,3.325000,0.000000,0.000000
0.000000,0.880000,0.000000,117,scarcity_peak,clock,3.325000,0.000000,0.000000,0.000000
0.000000,0.880000,0.000000,117,scarcity_peak,forecast,3.325000,0.000000,0.000000,0.000000
0.000000,0.880000,0.000000,117,scarcity_peak,hindsight,3.325000,0.000000,0.000000,0.000000
0.000000,0.880000,0.000000,118,negative_midday,idle,0.000000,2.500000,0.000000,0.000000
0.000000,0.880000,0.000000,118,negative_midday,clock,2.500000,0.000000,0.000000,0.000000
0.000000,0.880000,0.000000,118,negative_midday,forecast,2.500000,0.000000,0.000000,0.000000
0.000000,0.880000,0.000000,118,negative_midday,hindsight,2.500000,0.000000,0.000000,0.000000
0.000000,0.880000,0.000000,119,flat_missed_event,idle,0.000000,0.000000,0.000000,0.000000
0.000000,0.880000,0.000000,119,flat_missed_event,clock,-0.120000,0.120000,0.000000,0.000000
0.000000,0.880000,0.000000,119,flat_missed_event,forecast,0.000000,0.000000,0.000000,0.000000
0.000000,0.880000,0.000000,119,flat_missed_event,hindsight,0.000000,0.000000,0.000000,0.000000
0.000000,0.880000,5.000000,0,evening_peak,idle,0.000000,1.460000,5.000000,5.000000
0.000000,0.880000,5.000000,0,evening_peak,clock,1.460000,0.000000,5.000000,5.000000
0.000000,0.880000,5.000000,0,evening_peak,forecast,1.460000,0.000000,5.000000,5.000000
0.000000,0.880000,5.000000,0,evening_peak,hindsight,1.460000,0.000000,5.000000,5.000000
0.000000,0.880000,5.000000,1,scarcity_peak,idle,0.000000,2.960000,5.000000,5.000000
0.000000,0.880000,5.000000,1,scarcity_peak,clock,2.960000,0.000000,5.000000,5.000000
0.000000,0.880000,5.000000,1,scarcity_peak,forecast,2.960000,0.000000,5.000000,5.000000
0.000000,0.880000,5.000000,1,scarcity_peak,hindsight,2.960000,0.000000,5.000000,5.000000
0.000000,0.880000,5.000000,2,negative_midday,idle,0.000000,2.135000,5.000000,5.000000
0.000000,0.880000,5.000000,2,negative_midday,clock,2.135000,0.000000,5.000000,5.000000
0.000000,0.880000,5.000000,2,negative_midday,forecast,2.135000,0.000000,5.000000,5.000000
0.000000,0.880000,5.000000,2,negative_midday,hindsight,2.135000,0.000000,5.000000,5.000000
0.000000,0.880000,5.000000,3,flat_missed_event,idle,0.000000,0.000000,5.000000,5.000000
0.000000,0.880000,5.000000,3,flat_missed_event,clock,-0.096000,0.096000,5.000000,5.000000
0.000000,0.880000,5.000000,3,flat_missed_event,forecast,0.000000,0.000000,5.000000,5.000000
0.000000,0.880000,5.000000,3,flat_missed_event,hindsight,0.000000,0.000000,5.000000,5.000000
0.000000,0.880000,5.000000,4,evening_peak,idle,0.000000,1.460000,5.000000,5.000000
0.000000,0.880000,5.000000,4,evening_peak,clock,1.460000,0.000000,5.000000,5.000000
0.000000,0.880000,5.000000,4,evening_peak,forecast,1.460000,0.000000,5.000000,5.000000
0.000000,0.880000,5.000000,4,evening_peak,hindsight,1.460000,0.000000,5.000000,5.000000
0.000000,0.880000,5.000000,5,scarcity_peak,idle,0.000000,2.960000,5.000000,5.000000
0.000000,0.880000,5.000000,5,scarcity_peak,clock,2.960000,0.000000,5.000000,5.000000
0.000000,0.880000,5.000000,5,scarcity_peak,forecast,2.960000,0.000000,5.000000,5.000000
0.000000,0.880000,5.000000,5,scarcity_peak,hindsight,2.960000,0.000000,5.000000,5.000000
0.000000,0.880000,5.000000,6,negative_midday,idle,0.000000,2.135000,5.000000,5.000000
0.000000,0.880000,5.000000,6,negative_midday,clock,2.135000,0.000000,5.000000,5.000000
0.000000,0.880000,5.000000,6,negative_midday,forecast,2.135000,0.000000,5.000000,5.000000
0.000000,0.880000,5.000000,6,negative_midday,hindsight,2.135000,0.000000,5.000000,5.000000
0.000000,0.880000,5.000000,7,flat_missed_event,idle,0.000000,0.000000,5.000000,5.000000
0.000000,0.880000,5.000000,7,flat_missed_event,clock,-0.096000,0.096000,5.000000,5.000000
0.000000,0.880000,5.000000,7,flat_missed_event,forecast,0.000000,0.000000,5.000000,5.000000
0.000000,0.880000,5.000000,7,flat_missed_event,hindsight,0.000000,0.000000,5.000000,5.000000
0.000000,0.880000,5.000000,8,evening_peak,idle,0.000000,1.460000,5.000000,5.000000
0.000000,0.880000,5.000000,8,evening_peak,clock,1.460000,0.000000,5.000000,5.000000
0.000000,0.880000,5.000000,8,evening_peak,forecast,1.460000,0.000000,5.000000,5.000000
0.000000,0.880000,5.000000,8,evening_peak,hindsight,1.460000,0.000000,5.000000,5.000000
0.000000,0.880000,5.000000,9,scarcity_peak,idle,0.000000,2.960000,5.000000,5.000000
0.000000,0.880000,5.000000,9,scarcity_peak,clock,2.960000,0.000000,5.000000,5.000000
0.000000,0.880000,5.000000,9,scarcity_peak,forecast,2.960000,0.000000,5.000000,5.000000
0.000000,0.880000,5.000000,9,scarcity_peak,hindsight,2.960000,0.000000,5.000000,5.000000
0.000000,0.880000,5.000000,10,negative_midday,idle,0.000000,2.135000,5.000000,5.000000
0.000000,0.880000,5.000000,10,negative_midday,clock,2.135000,0.000000,5.000000,5.000000
0.000000,0.880000,5.000000,10,negative_midday,forecast,2.135000,0.000000,5.000000,5.000000
0.000000,0.880000,5.000000,10,negative_midday,hindsight,2.135000,0.000000,5.000000,5.000000
0.000000,0.880000,5.000000,11,flat_missed_event,idle,0.000000,0.000000,5.000000,5.000000
0.000000,0.880000,5.000000,11,flat_missed_event,clock,-0.096000,0.096000,5.000000,5.000000
0.000000,0.880000,5.000000,11,flat_missed_event,forecast,0.000000,0.000000,5.000000,5.000000
0.000000,0.880000,5.000000,11,flat_missed_event,hindsight,0.000000,0.000000,5.000000,5.000000
0.000000,0.880000,5.000000,12,evening_peak,idle,0.000000,1.460000,5.000000,5.000000
0.000000,0.880000,5.000000,12,evening_peak,clock,1.460000,0.000000,5.000000,5.000000
0.000000,0.880000,5.000000,12,evening_peak,forecast,1.460000,0.000000,5.000000,5.000000
0.000000,0.880000,5.000000,12,evening_peak,hindsight,1.460000,0.000000,5.000000,5.000000
0.000000,0.880000,5.000000,13,scarcity_peak,idle,0.000000,2.960000,5.000000,5.000000
0.000000,0.880000,5.000000,13,scarcity_peak,clock,2.960000,0.000000,5.000000,5.000000
0.000000,0.880000,5.000000,13,scarcity_peak,forecast,2.960000,0.000000,5.000000,5.000000
0.000000,0.880000,5.000000,13,scarcity_peak,hindsight,2.960000,0.000000,5.000000,5.000000
0.000000,0.880000,5.000000,14,negative_midday,idle,0.000000,2.135000,5.000000,5.000000
0.000000,0.880000,5.000000,14,negative_midday,clock,2.135000,0.000000,5.000000,5.000000
0.000000,0.880000,5.000000,14,negative_midday,forecast,2.135000,0.000000,5.000000,5.000000
0.000000,0.880000,5.000000,14,negative_midday,hindsight,2.135000,0.000000,5.000000,5.000000
0.000000,0.880000,5.000000,15,flat_missed_event,idle,0.000000,0.000000,5.000000,5.000000
0.000000,0.880000,5.000000,15,flat_missed_event,clock,-0.096000,0.096000,5.000000,5.000000
0.000000,0.880000,5.000000,15,flat_missed_event,forecast,0.000000,0.000000,5.000000,5.000000
0.000000,0.880000,5.000000,15,flat_missed_event,hindsight,0.000000,0.000000,5.000000,5.000000
0.000000,0.880000,5.000000,16,evening_peak,idle,0.000000,1.460000,5.000000,5.000000
0.000000,0.880000,5.000000,16,evening_peak,clock,1.460000,0.000000,5.000000,5.000000
0.000000,0.880000,5.000000,16,evening_peak,forecast,1.460000,0.000000,5.000000,5.000000
0.000000,0.880000,5.000000,16,evening_peak,hindsight,1.460000,0.000000,5.000000,5.000000
0.000000,0.880000,5.000000,17,scarcity_peak,idle,0.000000,2.960000,5.000000,5.000000
0.000000,0.880000,5.000000,17,scarcity_peak,clock,2.960000,0.000000,5.000000,5.000000
0.000000,0.880000,5.000000,17,scarcity_peak,forecast,2.960000,0.000000,5.000000,5.000000
0.000000,0.880000,5.000000,17,scarcity_peak,hindsight,2.960000,0.000000,5.000000,5.000000
0.000000,0.880000,5.000000,18,negative_midday,idle,0.000000,2.135000,5.000000,5.000000
0.000000,0.880000,5.000000,18,negative_midday,clock,2.135000,0.000000,5.000000,5.000000
0.000000,0.880000,5.000000,18,negative_midday,forecast,2.135000,0.000000,5.000000,5.000000
0.000000,0.880000,5.000000,18,negative_midday,hindsight,2.135000,0.000000,5.000000,5.000000
0.000000,0.880000,5.000000,19,flat_missed_event,idle,0.000000,0.000000,5.000000,5.000000
0.000000,0.880000,5.000000,19,flat_missed_event,clock,-0.096000,0.096000,5.000000,5.000000
0.000000,0.880000,5.000000,19,flat_missed_event,forecast,0.000000,0.000000,5.000000,5.000000
0.000000,0.880000,5.000000,19,flat_missed_event,hindsight,0.000000,0.000000,5.000000,5.000000
0.000000,0.880000,5.000000,20,evening_peak,idle,0.000000,1.460000,5.000000,5.000000
0.000000,0.880000,5.000000,20,evening_peak,clock,1.460000,0.000000,5.000000,5.000000
0.000000,0.880000,5.000000,20,evening_peak,forecast,1.460000,0.000000,5.000000,5.000000
0.000000,0.880000,5.000000,20,evening_peak,hindsight,1.460000,0.000000,5.000000,5.000000
0.000000,0.880000,5.000000,21,scarcity_peak,idle,0.000000,2.960000,5.000000,5.000000
0.000000,0.880000,5.000000,21,scarcity_peak,clock,2.960000,0.000000,5.000000,5.000000
0.000000,0.880000,5.000000,21,scarcity_peak,forecast,2.960000,0.000000,5.000000,5.000000
0.000000,0.880000,5.000000,21,scarcity_peak,hindsight,2.960000,0.000000,5.000000,5.000000
0.000000,0.880000,5.000000,22,negative_midday,idle,0.000000,2.135000,5.000000,5.000000
0.000000,0.880000,5.000000,22,negative_midday,clock,2.135000,0.000000,5.000000,5.000000
0.000000,0.880000,5.000000,22,negative_midday,forecast,2.135000,0.000000,5.000000,5.000000
0.000000,0.880000,5.000000,22,negative_midday,hindsight,2.135000,0.000000,5.000000,5.000000
0.000000,0.880000,5.000000,23,flat_missed_event,idle,0.000000,0.000000,5.000000,5.000000
0.000000,0.880000,5.000000,23,flat_missed_event,clock,-0.096000,0.096000,5.000000,5.000000
0.000000,0.880000,5.000000,23,flat_missed_event,forecast,0.000000,0.000000,5.000000,5.000000
0.000000,0.880000,5.000000,23,flat_missed_event,hindsight,0.000000,0.000000,5.000000,5.000000
0.000000,0.880000,5.000000,24,evening_peak,idle,0.000000,1.460000,5.000000,5.000000
0.000000,0.880000,5.000000,24,evening_peak,clock,1.460000,0.000000,5.000000,5.000000
0.000000,0.880000,5.000000,24,evening_peak,forecast,1.460000,0.000000,5.000000,5.000000
0.000000,0.880000,5.000000,24,evening_peak,hindsight,1.460000,0.000000,5.000000,5.000000
0.000000,0.880000,5.000000,25,scarcity_peak,idle,0.000000,2.960000,5.000000,5.000000
0.000000,0.880000,5.000000,25,scarcity_peak,clock,2.960000,0.000000,5.000000,5.000000
0.000000,0.880000,5.000000,25,scarcity_peak,forecast,2.960000,0.000000,5.000000,5.000000
0.000000,0.880000,5.000000,25,scarcity_peak,hindsight,2.960000,0.000000,5.000000,5.000000
0.000000,0.880000,5.000000,26,negative_midday,idle,0.000000,2.135000,5.000000,5.000000
0.000000,0.880000,5.000000,26,negative_midday,clock,2.135000,0.000000,5.000000,5.000000
0.000000,0.880000,5.000000,26,negative_midday,forecast,2.135000,0.000000,5.000000,5.000000
0.000000,0.880000,5.000000,26,negative_midday,hindsight,2.135000,0.000000,5.000000,5.000000
0.000000,0.880000,5.000000,27,flat_missed_event,idle,0.000000,0.000000,5.000000,5.000000
0.000000,0.880000,5.000000,27,flat_missed_event,clock,-0.096000,0.096000,5.000000,5.000000
0.000000,0.880000,5.000000,27,flat_missed_event,forecast,0.000000,0.000000,5.000000,5.000000
0.000000,0.880000,5.000000,27,flat_missed_event,hindsight,0.000000,0.000000,5.000000,5.000000
0.000000,0.880000,5.000000,28,evening_peak,idle,0.000000,1.460000,5.000000,5.000000
0.000000,0.880000,5.000000,28,evening_peak,clock,1.460000,0.000000,5.000000,5.000000
0.000000,0.880000,5.000000,28,evening_peak,forecast,1.460000,0.000000,5.000000,5.000000
0.000000,0.880000,5.000000,28,evening_peak,hindsight,1.460000,0.000000,5.000000,5.000000
0.000000,0.880000,5.000000,29,scarcity_peak,idle,0.000000,2.960000,5.000000,5.000000
0.000000,0.880000,5.000000,29,scarcity_peak,clock,2.960000,0.000000,5.000000,5.000000
0.000000,0.880000,5.000000,29,scarcity_peak,forecast,2.960000,0.000000,5.000000,5.000000
0.000000,0.880000,5.000000,29,scarcity_peak,hindsight,2.960000,0.000000,5.000000,5.000000
0.000000,0.880000,5.000000,30,negative_midday,idle,0.000000,2.135000,5.000000,5.000000
0.000000,0.880000,5.000000,30,negative_midday,clock,2.135000,0.000000,5.000000,5.000000
0.000000,0.880000,5.000000,30,negative_midday,forecast,2.135000,0.000000,5.000000,5.000000
0.000000,0.880000,5.000000,30,negative_midday,hindsight,2.135000,0.000000,5.000000,5.000000
0.000000,0.880000,5.000000,31,flat_missed_event,idle,0.000000,0.000000,5.000000,5.000000
0.000000,0.880000,5.000000,31,flat_missed_event,clock,-0.096000,0.096000,5.000000,5.000000
0.000000,0.880000,5.000000,31,flat_missed_event,forecast,0.000000,0.000000,5.000000,5.000000
0.000000,0.880000,5.000000,31,flat_missed_event,hindsight,0.000000,0.000000,5.000000,5.000000
0.000000,0.880000,5.000000,32,evening_peak,idle,0.000000,1.460000,5.000000,5.000000
0.000000,0.880000,5.000000,32,evening_peak,clock,1.460000,0.000000,5.000000,5.000000
0.000000,0.880000,5.000000,32,evening_peak,forecast,1.460000,0.000000,5.000000,5.000000
0.000000,0.880000,5.000000,32,evening_peak,hindsight,1.460000,0.000000,5.000000,5.000000
0.000000,0.880000,5.000000,33,scarcity_peak,idle,0.000000,2.960000,5.000000,5.000000
0.000000,0.880000,5.000000,33,scarcity_peak,clock,2.960000,0.000000,5.000000,5.000000
0.000000,0.880000,5.000000,33,scarcity_peak,forecast,2.960000,0.000000,5.000000,5.000000
0.000000,0.880000,5.000000,33,scarcity_peak,hindsight,2.960000,0.000000,5.000000,5.000000
0.000000,0.880000,5.000000,34,negative_midday,idle,0.000000,2.135000,5.000000,5.000000
0.000000,0.880000,5.000000,34,negative_midday,clock,2.135000,0.000000,5.000000,5.000000
0.000000,0.880000,5.000000,34,negative_midday,forecast,2.135000,0.000000,5.000000,5.000000
0.000000,0.880000,5.000000,34,negative_midday,hindsight,2.135000,0.000000,5.000000,5.000000
0.000000,0.880000,5.000000,35,flat_missed_event,idle,0.000000,0.000000,5.000000,5.000000
0.000000,0.880000,5.000000,35,flat_missed_event,clock,-0.096000,0.096000,5.000000,5.000000
0.000000,0.880000,5.000000,35,flat_missed_event,forecast,0.000000,0.000000,5.000000,5.000000
0.000000,0.880000,5.000000,35,flat_missed_event,hindsight,0.000000,0.000000,5.000000,5.000000
0.000000,0.880000,5.000000,36,evening_peak,idle,0.000000,1.460000,5.000000,5.000000
0.000000,0.880000,5.000000,36,evening_peak,clock,1.460000,0.000000,5.000000,5.000000
0.000000,0.880000,5.000000,36,evening_peak,forecast,1.460000,0.000000,5.000000,5.000000
0.000000,0.880000,5.000000,36,evening_peak,hindsight,1.460000,0.000000,5.000000,5.000000
0.000000,0.880000,5.000000,37,scarcity_peak,idle,0.000000,2.960000,5.000000,5.000000
0.000000,0.880000,5.000000,37,scarcity_peak,clock,2.960000,0.000000,5.000000,5.000000
0.000000,0.880000,5.000000,37,scarcity_peak,forecast,2.960000,0.000000,5.000000,5.000000
0.000000,0.880000,5.000000,37,scarcity_peak,hindsight,2.960000,0.000000,5.000000,5.000000
0.000000,0.880000,5.000000,38,negative_midday,idle,0.000000,2.135000,5.000000,5.000000
0.000000,0.880000,5.000000,38,negative_midday,clock,2.135000,0.000000,5.000000,5.000000
0.000000,0.880000,5.000000,38,negative_midday,forecast,2.135000,0.000000,5.000000,5.000000
0.000000,0.880000,5.000000,38,negative_midday,hindsight,2.135000,0.000000,5.000000,5.000000
0.000000,0.880000,5.000000,39,flat_missed_event,idle,0.000000,0.000000,5.000000,5.000000
0.000000,0.880000,5.000000,39,flat_missed_event,clock,-0.096000,0.096000,5.000000,5.000000
0.000000,0.880000,5.000000,39,flat_missed_event,forecast,0.000000,0.000000,5.000000,5.000000
0.000000,0.880000,5.000000,39,flat_missed_event,hindsight,0.000000,0.000000,5.000000,5.000000
0.000000,0.880000,5.000000,40,evening_peak,idle,0.000000,1.460000,5.000000,5.000000
0.000000,0.880000,5.000000,40,evening_peak,clock,1.460000,0.000000,5.000000,5.000000
0.000000,0.880000,5.000000,40,evening_peak,forecast,1.460000,0.000000,5.000000,5.000000
0.000000,0.880000,5.000000,40,evening_peak,hindsight,1.460000,0.000000,5.000000,5.000000
0.000000,0.880000,5.000000,41,scarcity_peak,idle,0.000000,2.960000,5.000000,5.000000
0.000000,0.880000,5.000000,41,scarcity_peak,clock,2.960000,0.000000,5.000000,5.000000
0.000000,0.880000,5.000000,41,scarcity_peak,forecast,2.960000,0.000000,5.000000,5.000000
0.000000,0.880000,5.000000,41,scarcity_peak,hindsight,2.960000,0.000000,5.000000,5.000000
0.000000,0.880000,5.000000,42,negative_midday,idle,0.000000,2.135000,5.000000,5.000000
0.000000,0.880000,5.000000,42,negative_midday,clock,2.135000,0.000000,5.000000,5.000000
0.000000,0.880000,5.000000,42,negative_midday,forecast,2.135000,0.000000,5.000000,5.000000
0.000000,0.880000,5.000000,42,negative_midday,hindsight,2.135000,0.000000,5.000000,5.000000
0.000000,0.880000,5.000000,43,flat_missed_event,idle,0.000000,0.000000,5.000000,5.000000
0.000000,0.880000,5.000000,43,flat_missed_event,clock,-0.096000,0.096000,5.000000,5.000000
0.000000,0.880000,5.000000,43,flat_missed_event,forecast,0.000000,0.000000,5.000000,5.000000
0.000000,0.880000,5.000000,43,flat_missed_event,hindsight,0.000000,0.000000,5.000000,5.000000
0.000000,0.880000,5.000000,44,evening_peak,idle,0.000000,1.460000,5.000000,5.000000
0.000000,0.880000,5.000000,44,evening_peak,clock,1.460000,0.000000,5.000000,5.000000
0.000000,0.880000,5.000000,44,evening_peak,forecast,1.460000,0.000000,5.000000,5.000000
0.000000,0.880000,5.000000,44,evening_peak,hindsight,1.460000,0.000000,5.000000,5.000000
0.000000,0.880000,5.000000,45,scarcity_peak,idle,0.000000,2.960000,5.000000,5.000000
0.000000,0.880000,5.000000,45,scarcity_peak,clock,2.960000,0.000000,5.000000,5.000000
0.000000,0.880000,5.000000,45,scarcity_peak,forecast,2.960000,0.000000,5.000000,5.000000
0.000000,0.880000,5.000000,45,scarcity_peak,hindsight,2.960000,0.000000,5.000000,5.000000
0.000000,0.880000,5.000000,46,negative_midday,idle,0.000000,2.135000,5.000000,5.000000
0.000000,0.880000,5.000000,46,negative_midday,clock,2.135000,0.000000,5.000000,5.000000
0.000000,0.880000,5.000000,46,negative_midday,forecast,2.135000,0.000000,5.000000,5.000000
0.000000,0.880000,5.000000,46,negative_midday,hindsight,2.135000,0.000000,5.000000,5.000000
0.000000,0.880000,5.000000,47,flat_missed_event,idle,0.000000,0.000000,5.000000,5.000000
0.000000,0.880000,5.000000,47,flat_missed_event,clock,-0.096000,0.096000,5.000000,5.000000
0.000000,0.880000,5.000000,47,flat_missed_event,forecast,0.000000,0.000000,5.000000,5.000000
0.000000,0.880000,5.000000,47,flat_missed_event,hindsight,0.000000,0.000000,5.000000,5.000000
0.000000,0.880000,5.000000,48,evening_peak,idle,0.000000,1.460000,5.000000,5.000000
0.000000,0.880000,5.000000,48,evening_peak,clock,1.460000,0.000000,5.000000,5.000000
0.000000,0.880000,5.000000,48,evening_peak,forecast,1.460000,0.000000,5.000000,5.000000
0.000000,0.880000,5.000000,48,evening_peak,hindsight,1.460000,0.000000,5.000000,5.000000
0.000000,0.880000,5.000000,49,scarcity_peak,idle,0.000000,2.960000,5.000000,5.000000
0.000000,0.880000,5.000000,49,scarcity_peak,clock,2.960000,0.000000,5.000000,5.000000
0.000000,0.880000,5.000000,49,scarcity_peak,forecast,2.960000,0.000000,5.000000,5.000000
0.000000,0.880000,5.000000,49,scarcity_peak,hindsight,2.960000,0.000000,5.000000,5.000000
0.000000,0.880000,5.000000,50,negative_midday,idle,0.000000,2.135000,5.000000,5.000000
0.000000,0.880000,5.000000,50,negative_midday,clock,2.135000,0.000000,5.000000,5.000000
0.000000,0.880000,5.000000,50,negative_midday,forecast,2.135000,0.000000,5.000000,5.000000
0.000000,0.880000,5.000000,50,negative_midday,hindsight,2.135000,0.000000,5.000000,5.000000
0.000000,0.880000,5.000000,51,flat_missed_event,idle,0.000000,0.000000,5.000000,5.000000
0.000000,0.880000,5.000000,51,flat_missed_event,clock,-0.096000,0.096000,5.000000,5.000000
0.000000,0.880000,5.000000,51,flat_missed_event,forecast,0.000000,0.000000,5.000000,5.000000
0.000000,0.880000,5.000000,51,flat_missed_event,hindsight,0.000000,0.000000,5.000000,5.000000
0.000000,0.880000,5.000000,52,evening_peak,idle,0.000000,1.460000,5.000000,5.000000
0.000000,0.880000,5.000000,52,evening_peak,clock,1.460000,0.000000,5.000000,5.000000
0.000000,0.880000,5.000000,52,evening_peak,forecast,1.460000,0.000000,5.000000,5.000000
0.000000,0.880000,5.000000,52,evening_peak,hindsight,1.460000,0.000000,5.000000,5.000000
0.000000,0.880000,5.000000,53,scarcity_peak,idle,0.000000,2.960000,5.000000,5.000000
0.000000,0.880000,5.000000,53,scarcity_peak,clock,2.960000,0.000000,5.000000,5.000000
0.000000,0.880000,5.000000,53,scarcity_peak,forecast,2.960000,0.000000,5.000000,5.000000
0.000000,0.880000,5.000000,53,scarcity_peak,hindsight,2.960000,0.000000,5.000000,5.000000
0.000000,0.880000,5.000000,54,negative_midday,idle,0.000000,2.135000,5.000000,5.000000
0.000000,0.880000,5.000000,54,negative_midday,clock,2.135000,0.000000,5.000000,5.000000
0.000000,0.880000,5.000000,54,negative_midday,forecast,2.135000,0.000000,5.000000,5.000000
0.000000,0.880000,5.000000,54,negative_midday,hindsight,2.135000,0.000000,5.000000,5.000000
0.000000,0.880000,5.000000,55,flat_missed_event,idle,0.000000,0.000000,5.000000,5.000000
0.000000,0.880000,5.000000,55,flat_missed_event,clock,-0.096000,0.096000,5.000000,5.000000
0.000000,0.880000,5.000000,55,flat_missed_event,forecast,0.000000,0.000000,5.000000,5.000000
0.000000,0.880000,5.000000,55,flat_missed_event,hindsight,0.000000,0.000000,5.000000,5.000000
0.000000,0.880000,5.000000,56,evening_peak,idle,0.000000,1.460000,5.000000,5.000000
0.000000,0.880000,5.000000,56,evening_peak,clock,1.460000,0.000000,5.000000,5.000000
0.000000,0.880000,5.000000,56,evening_peak,forecast,1.460000,0.000000,5.000000,5.000000
0.000000,0.880000,5.000000,56,evening_peak,hindsight,1.460000,0.000000,5.000000,5.000000
0.000000,0.880000,5.000000,57,scarcity_peak,idle,0.000000,2.960000,5.000000,5.000000
0.000000,0.880000,5.000000,57,scarcity_peak,clock,2.960000,0.000000,5.000000,5.000000
0.000000,0.880000,5.000000,57,scarcity_peak,forecast,2.960000,0.000000,5.000000,5.000000
0.000000,0.880000,5.000000,57,scarcity_peak,hindsight,2.960000,0.000000,5.000000,5.000000
0.000000,0.880000,5.000000,58,negative_midday,idle,0.000000,2.135000,5.000000,5.000000
0.000000,0.880000,5.000000,58,negative_midday,clock,2.135000,0.000000,5.000000,5.000000
0.000000,0.880000,5.000000,58,negative_midday,forecast,2.135000,0.000000,5.000000,5.000000
0.000000,0.880000,5.000000,58,negative_midday,hindsight,2.135000,0.000000,5.000000,5.000000
0.000000,0.880000,5.000000,59,flat_missed_event,idle,0.000000,0.000000,5.000000,5.000000
0.000000,0.880000,5.000000,59,flat_missed_event,clock,-0.096000,0.096000,5.000000,5.000000
0.000000,0.880000,5.000000,59,flat_missed_event,forecast,0.000000,0.000000,5.000000,5.000000
0.000000,0.880000,5.000000,59,flat_missed_event,hindsight,0.000000,0.000000,5.000000,5.000000
0.000000,0.880000,5.000000,60,evening_peak,idle,0.000000,1.460000,5.000000,5.000000
0.000000,0.880000,5.000000,60,evening_peak,clock,1.460000,0.000000,5.000000,5.000000
0.000000,0.880000,5.000000,60,evening_peak,forecast,1.460000,0.000000,5.000000,5.000000
0.000000,0.880000,5.000000,60,evening_peak,hindsight,1.460000,0.000000,5.000000,5.000000
0.000000,0.880000,5.000000,61,scarcity_peak,idle,0.000000,2.960000,5.000000,5.000000
0.000000,0.880000,5.000000,61,scarcity_peak,clock,2.960000,0.000000,5.000000,5.000000
0.000000,0.880000,5.000000,61,scarcity_peak,forecast,2.960000,0.000000,5.000000,5.000000
0.000000,0.880000,5.000000,61,scarcity_peak,hindsight,2.960000,0.000000,5.000000,5.000000
0.000000,0.880000,5.000000,62,negative_midday,idle,0.000000,2.135000,5.000000,5.000000
0.000000,0.880000,5.000000,62,negative_midday,clock,2.135000,0.000000,5.000000,5.000000
0.000000,0.880000,5.000000,62,negative_midday,forecast,2.135000,0.000000,5.000000,5.000000
0.000000,0.880000,5.000000,62,negative_midday,hindsight,2.135000,0.000000,5.000000,5.000000
0.000000,0.880000,5.000000,63,flat_missed_event,idle,0.000000,0.000000,5.000000,5.000000
0.000000,0.880000,5.000000,63,flat_missed_event,clock,-0.096000,0.096000,5.000000,5.000000
0.000000,0.880000,5.000000,63,flat_missed_event,forecast,0.000000,0.000000,5.000000,5.000000
0.000000,0.880000,5.000000,63,flat_missed_event,hindsight,0.000000,0.000000,5.000000,5.000000
0.000000,0.880000,5.000000,64,evening_peak,idle,0.000000,1.460000,5.000000,5.000000
0.000000,0.880000,5.000000,64,evening_peak,clock,1.460000,0.000000,5.000000,5.000000
0.000000,0.880000,5.000000,64,evening_peak,forecast,1.460000,0.000000,5.000000,5.000000
0.000000,0.880000,5.000000,64,evening_peak,hindsight,1.460000,0.000000,5.000000,5.000000
0.000000,0.880000,5.000000,65,scarcity_peak,idle,0.000000,2.960000,5.000000,5.000000
0.000000,0.880000,5.000000,65,scarcity_peak,clock,2.960000,0.000000,5.000000,5.000000
0.000000,0.880000,5.000000,65,scarcity_peak,forecast,2.960000,0.000000,5.000000,5.000000
0.000000,0.880000,5.000000,65,scarcity_peak,hindsight,2.960000,0.000000,5.000000,5.000000
0.000000,0.880000,5.000000,66,negative_midday,idle,0.000000,2.135000,5.000000,5.000000
0.000000,0.880000,5.000000,66,negative_midday,clock,2.135000,0.000000,5.000000,5.000000
0.000000,0.880000,5.000000,66,negative_midday,forecast,2.135000,0.000000,5.000000,5.000000
0.000000,0.880000,5.000000,66,negative_midday,hindsight,2.135000,0.000000,5.000000,5.000000
0.000000,0.880000,5.000000,67,flat_missed_event,idle,0.000000,0.000000,5.000000,5.000000
0.000000,0.880000,5.000000,67,flat_missed_event,clock,-0.096000,0.096000,5.000000,5.000000
0.000000,0.880000,5.000000,67,flat_missed_event,forecast,0.000000,0.000000,5.000000,5.000000
0.000000,0.880000,5.000000,67,flat_missed_event,hindsight,0.000000,0.000000,5.000000,5.000000
0.000000,0.880000,5.000000,68,evening_peak,idle,0.000000,1.460000,5.000000,5.000000
0.000000,0.880000,5.000000,68,evening_peak,clock,1.460000,0.000000,5.000000,5.000000
0.000000,0.880000,5.000000,68,evening_peak,forecast,1.460000,0.000000,5.000000,5.000000
0.000000,0.880000,5.000000,68,evening_peak,hindsight,1.460000,0.000000,5.000000,5.000000
0.000000,0.880000,5.000000,69,scarcity_peak,idle,0.000000,2.960000,5.000000,5.000000
0.000000,0.880000,5.000000,69,scarcity_peak,clock,2.960000,0.000000,5.000000,5.000000
0.000000,0.880000,5.000000,69,scarcity_peak,forecast,2.960000,0.000000,5.000000,5.000000
0.000000,0.880000,5.000000,69,scarcity_peak,hindsight,2.960000,0.000000,5.000000,5.000000
0.000000,0.880000,5.000000,70,negative_midday,idle,0.000000,2.135000,5.000000,5.000000
0.000000,0.880000,5.000000,70,negative_midday,clock,2.135000,0.000000,5.000000,5.000000
0.000000,0.880000,5.000000,70,negative_midday,forecast,2.135000,0.000000,5.000000,5.000000
0.000000,0.880000,5.000000,70,negative_midday,hindsight,2.135000,0.000000,5.000000,5.000000
0.000000,0.880000,5.000000,71,flat_missed_event,idle,0.000000,0.000000,5.000000,5.000000
0.000000,0.880000,5.000000,71,flat_missed_event,clock,-0.096000,0.096000,5.000000,5.000000
0.000000,0.880000,5.000000,71,flat_missed_event,forecast,0.000000,0.000000,5.000000,5.000000
0.000000,0.880000,5.000000,71,flat_missed_event,hindsight,0.000000,0.000000,5.000000,5.000000
0.000000,0.880000,5.000000,72,evening_peak,idle,0.000000,1.460000,5.000000,5.000000
0.000000,0.880000,5.000000,72,evening_peak,clock,1.460000,0.000000,5.000000,5.000000
0.000000,0.880000,5.000000,72,evening_peak,forecast,1.460000,0.000000,5.000000,5.000000
0.000000,0.880000,5.000000,72,evening_peak,hindsight,1.460000,0.000000,5.000000,5.000000
0.000000,0.880000,5.000000,73,scarcity_peak,idle,0.000000,2.960000,5.000000,5.000000
0.000000,0.880000,5.000000,73,scarcity_peak,clock,2.960000,0.000000,5.000000,5.000000
0.000000,0.880000,5.000000,73,scarcity_peak,forecast,2.960000,0.000000,5.000000,5.000000
0.000000,0.880000,5.000000,73,scarcity_peak,hindsight,2.960000,0.000000,5.000000,5.000000
0.000000,0.880000,5.000000,74,negative_midday,idle,0.000000,2.135000,5.000000,5.000000
0.000000,0.880000,5.000000,74,negative_midday,clock,2.135000,0.000000,5.000000,5.000000
0.000000,0.880000,5.000000,74,negative_midday,forecast,2.135000,0.000000,5.000000,5.000000
0.000000,0.880000,5.000000,74,negative_midday,hindsight,2.135000,0.000000,5.000000,5.000000
0.000000,0.880000,5.000000,75,flat_missed_event,idle,0.000000,0.000000,5.000000,5.000000
0.000000,0.880000,5.000000,75,flat_missed_event,clock,-0.096000,0.096000,5.000000,5.000000
0.000000,0.880000,5.000000,75,flat_missed_event,forecast,0.000000,0.000000,5.000000,5.000000
0.000000,0.880000,5.000000,75,flat_missed_event,hindsight,0.000000,0.000000,5.000000,5.000000
0.000000,0.880000,5.000000,76,evening_peak,idle,0.000000,1.460000,5.000000,5.000000
0.000000,0.880000,5.000000,76,evening_peak,clock,1.460000,0.000000,5.000000,5.000000
0.000000,0.880000,5.000000,76,evening_peak,forecast,1.460000,0.000000,5.000000,5.000000
0.000000,0.880000,5.000000,76,evening_peak,hindsight,1.460000,0.000000,5.000000,5.000000
0.000000,0.880000,5.000000,77,scarcity_peak,idle,0.000000,2.960000,5.000000,5.000000
0.000000,0.880000,5.000000,77,scarcity_peak,clock,2.960000,0.000000,5.000000,5.000000
0.000000,0.880000,5.000000,77,scarcity_peak,forecast,2.960000,0.000000,5.000000,5.000000
0.000000,0.880000,5.000000,77,scarcity_peak,hindsight,2.960000,0.000000,5.000000,5.000000
0.000000,0.880000,5.000000,78,negative_midday,idle,0.000000,2.135000,5.000000,5.000000
0.000000,0.880000,5.000000,78,negative_midday,clock,2.135000,0.000000,5.000000,5.000000
0.000000,0.880000,5.000000,78,negative_midday,forecast,2.135000,0.000000,5.000000,5.000000
0.000000,0.880000,5.000000,78,negative_midday,hindsight,2.135000,0.000000,5.000000,5.000000
0.000000,0.880000,5.000000,79,flat_missed_event,idle,0.000000,0.000000,5.000000,5.000000
0.000000,0.880000,5.000000,79,flat_missed_event,clock,-0.096000,0.096000,5.000000,5.000000
0.000000,0.880000,5.000000,79,flat_missed_event,forecast,0.000000,0.000000,5.000000,5.000000
0.000000,0.880000,5.000000,79,flat_missed_event,hindsight,0.000000,0.000000,5.000000,5.000000
0.000000,0.880000,5.000000,80,evening_peak,idle,0.000000,1.460000,5.000000,5.000000
0.000000,0.880000,5.000000,80,evening_peak,clock,1.460000,0.000000,5.000000,5.000000
0.000000,0.880000,5.000000,80,evening_peak,forecast,1.460000,0.000000,5.000000,5.000000
0.000000,0.880000,5.000000,80,evening_peak,hindsight,1.460000,0.000000,5.000000,5.000000
0.000000,0.880000,5.000000,81,scarcity_peak,idle,0.000000,2.960000,5.000000,5.000000
0.000000,0.880000,5.000000,81,scarcity_peak,clock,2.960000,0.000000,5.000000,5.000000
0.000000,0.880000,5.000000,81,scarcity_peak,forecast,2.960000,0.000000,5.000000,5.000000
0.000000,0.880000,5.000000,81,scarcity_peak,hindsight,2.960000,0.000000,5.000000,5.000000
0.000000,0.880000,5.000000,82,negative_midday,idle,0.000000,2.135000,5.000000,5.000000
0.000000,0.880000,5.000000,82,negative_midday,clock,2.135000,0.000000,5.000000,5.000000
0.000000,0.880000,5.000000,82,negative_midday,forecast,2.135000,0.000000,5.000000,5.000000
0.000000,0.880000,5.000000,82,negative_midday,hindsight,2.135000,0.000000,5.000000,5.000000
0.000000,0.880000,5.000000,83,flat_missed_event,idle,0.000000,0.000000,5.000000,5.000000
0.000000,0.880000,5.000000,83,flat_missed_event,clock,-0.096000,0.096000,5.000000,5.000000
0.000000,0.880000,5.000000,83,flat_missed_event,forecast,0.000000,0.000000,5.000000,5.000000
0.000000,0.880000,5.000000,83,flat_missed_event,hindsight,0.000000,0.000000,5.000000,5.000000
0.000000,0.880000,5.000000,84,evening_peak,idle,0.000000,1.460000,5.000000,5.000000
0.000000,0.880000,5.000000,84,evening_peak,clock,1.460000,0.000000,5.000000,5.000000
0.000000,0.880000,5.000000,84,evening_peak,forecast,1.460000,0.000000,5.000000,5.000000
0.000000,0.880000,5.000000,84,evening_peak,hindsight,1.460000,0.000000,5.000000,5.000000
0.000000,0.880000,5.000000,85,scarcity_peak,idle,0.000000,2.960000,5.000000,5.000000
0.000000,0.880000,5.000000,85,scarcity_peak,clock,2.960000,0.000000,5.000000,5.000000
0.000000,0.880000,5.000000,85,scarcity_peak,forecast,2.960000,0.000000,5.000000,5.000000
0.000000,0.880000,5.000000,85,scarcity_peak,hindsight,2.960000,0.000000,5.000000,5.000000
0.000000,0.880000,5.000000,86,negative_midday,idle,0.000000,2.135000,5.000000,5.000000
0.000000,0.880000,5.000000,86,negative_midday,clock,2.135000,0.000000,5.000000,5.000000
0.000000,0.880000,5.000000,86,negative_midday,forecast,2.135000,0.000000,5.000000,5.000000
0.000000,0.880000,5.000000,86,negative_midday,hindsight,2.135000,0.000000,5.000000,5.000000
0.000000,0.880000,5.000000,87,flat_missed_event,idle,0.000000,0.000000,5.000000,5.000000
0.000000,0.880000,5.000000,87,flat_missed_event,clock,-0.096000,0.096000,5.000000,5.000000
0.000000,0.880000,5.000000,87,flat_missed_event,forecast,0.000000,0.000000,5.000000,5.000000
0.000000,0.880000,5.000000,87,flat_missed_event,hindsight,0.000000,0.000000,5.000000,5.000000
0.000000,0.880000,5.000000,88,evening_peak,idle,0.000000,1.460000,5.000000,5.000000
0.000000,0.880000,5.000000,88,evening_peak,clock,1.460000,0.000000,5.000000,5.000000
0.000000,0.880000,5.000000,88,evening_peak,forecast,1.460000,0.000000,5.000000,5.000000
0.000000,0.880000,5.000000,88,evening_peak,hindsight,1.460000,0.000000,5.000000,5.000000
0.000000,0.880000,5.000000,89,scarcity_peak,idle,0.000000,2.960000,5.000000,5.000000
0.000000,0.880000,5.000000,89,scarcity_peak,clock,2.960000,0.000000,5.000000,5.000000
0.000000,0.880000,5.000000,89,scarcity_peak,forecast,2.960000,0.000000,5.000000,5.000000
0.000000,0.880000,5.000000,89,scarcity_peak,hindsight,2.960000,0.000000,5.000000,5.000000
0.000000,0.880000,5.000000,90,negative_midday,idle,0.000000,2.135000,5.000000,5.000000
0.000000,0.880000,5.000000,90,negative_midday,clock,2.135000,0.000000,5.000000,5.000000
0.000000,0.880000,5.000000,90,negative_midday,forecast,2.135000,0.000000,5.000000,5.000000
0.000000,0.880000,5.000000,90,negative_midday,hindsight,2.135000,0.000000,5.000000,5.000000
0.000000,0.880000,5.000000,91,flat_missed_event,idle,0.000000,0.000000,5.000000,5.000000
0.000000,0.880000,5.000000,91,flat_missed_event,clock,-0.096000,0.096000,5.000000,5.000000
0.000000,0.880000,5.000000,91,flat_missed_event,forecast,0.000000,0.000000,5.000000,5.000000
0.000000,0.880000,5.000000,91,flat_missed_event,hindsight,0.000000,0.000000,5.000000,5.000000
0.000000,0.880000,5.000000,92,evening_peak,idle,0.000000,1.460000,5.000000,5.000000
0.000000,0.880000,5.000000,92,evening_peak,clock,1.460000,0.000000,5.000000,5.000000
0.000000,0.880000,5.000000,92,evening_peak,forecast,1.460000,0.000000,5.000000,5.000000
0.000000,0.880000,5.000000,92,evening_peak,hindsight,1.460000,0.000000,5.000000,5.000000
0.000000,0.880000,5.000000,93,scarcity_peak,idle,0.000000,2.960000,5.000000,5.000000
0.000000,0.880000,5.000000,93,scarcity_peak,clock,2.960000,0.000000,5.000000,5.000000
0.000000,0.880000,5.000000,93,scarcity_peak,forecast,2.960000,0.000000,5.000000,5.000000
0.000000,0.880000,5.000000,93,scarcity_peak,hindsight,2.960000,0.000000,5.000000,5.000000
0.000000,0.880000,5.000000,94,negative_midday,idle,0.000000,2.135000,5.000000,5.000000
0.000000,0.880000,5.000000,94,negative_midday,clock,2.135000,0.000000,5.000000,5.000000
0.000000,0.880000,5.000000,94,negative_midday,forecast,2.135000,0.000000,5.000000,5.000000
0.000000,0.880000,5.000000,94,negative_midday,hindsight,2.135000,0.000000,5.000000,5.000000
0.000000,0.880000,5.000000,95,flat_missed_event,idle,0.000000,0.000000,5.000000,5.000000
0.000000,0.880000,5.000000,95,flat_missed_event,clock,-0.096000,0.096000,5.000000,5.000000
0.000000,0.880000,5.000000,95,flat_missed_event,forecast,0.000000,0.000000,5.000000,5.000000
0.000000,0.880000,5.000000,95,flat_missed_event,hindsight,0.000000,0.000000,5.000000,5.000000
0.000000,0.880000,5.000000,96,evening_peak,idle,0.000000,1.460000,5.000000,5.000000
0.000000,0.880000,5.000000,96,evening_peak,clock,1.460000,0.000000,5.000000,5.000000
0.000000,0.880000,5.000000,96,evening_peak,forecast,1.460000,0.000000,5.000000,5.000000
0.000000,0.880000,5.000000,96,evening_peak,hindsight,1.460000,0.000000,5.000000,5.000000
0.000000,0.880000,5.000000,97,scarcity_peak,idle,0.000000,2.960000,5.000000,5.000000
0.000000,0.880000,5.000000,97,scarcity_peak,clock,2.960000,0.000000,5.000000,5.000000
0.000000,0.880000,5.000000,97,scarcity_peak,forecast,2.960000,0.000000,5.000000,5.000000
0.000000,0.880000,5.000000,97,scarcity_peak,hindsight,2.960000,0.000000,5.000000,5.000000
0.000000,0.880000,5.000000,98,negative_midday,idle,0.000000,2.135000,5.000000,5.000000
0.000000,0.880000,5.000000,98,negative_midday,clock,2.135000,0.000000,5.000000,5.000000
0.000000,0.880000,5.000000,98,negative_midday,forecast,2.135000,0.000000,5.000000,5.000000
0.000000,0.880000,5.000000,98,negative_midday,hindsight,2.135000,0.000000,5.000000,5.000000
0.000000,0.880000,5.000000,99,flat_missed_event,idle,0.000000,0.000000,5.000000,5.000000
0.000000,0.880000,5.000000,99,flat_missed_event,clock,-0.096000,0.096000,5.000000,5.000000
0.000000,0.880000,5.000000,99,flat_missed_event,forecast,0.000000,0.000000,5.000000,5.000000
0.000000,0.880000,5.000000,99,flat_missed_event,hindsight,0.000000,0.000000,5.000000,5.000000
0.000000,0.880000,5.000000,100,evening_peak,idle,0.000000,1.460000,5.000000,5.000000
0.000000,0.880000,5.000000,100,evening_peak,clock,1.460000,0.000000,5.000000,5.000000
0.000000,0.880000,5.000000,100,evening_peak,forecast,1.460000,0.000000,5.000000,5.000000
0.000000,0.880000,5.000000,100,evening_peak,hindsight,1.460000,0.000000,5.000000,5.000000
0.000000,0.880000,5.000000,101,scarcity_peak,idle,0.000000,2.960000,5.000000,5.000000
0.000000,0.880000,5.000000,101,scarcity_peak,clock,2.960000,0.000000,5.000000,5.000000
0.000000,0.880000,5.000000,101,scarcity_peak,forecast,2.960000,0.000000,5.000000,5.000000
0.000000,0.880000,5.000000,101,scarcity_peak,hindsight,2.960000,0.000000,5.000000,5.000000
0.000000,0.880000,5.000000,102,negative_midday,idle,0.000000,2.135000,5.000000,5.000000
0.000000,0.880000,5.000000,102,negative_midday,clock,2.135000,0.000000,5.000000,5.000000
0.000000,0.880000,5.000000,102,negative_midday,forecast,2.135000,0.000000,5.000000,5.000000
0.000000,0.880000,5.000000,102,negative_midday,hindsight,2.135000,0.000000,5.000000,5.000000
0.000000,0.880000,5.000000,103,flat_missed_event,idle,0.000000,0.000000,5.000000,5.000000
0.000000,0.880000,5.000000,103,flat_missed_event,clock,-0.096000,0.096000,5.000000,5.000000
0.000000,0.880000,5.000000,103,flat_missed_event,forecast,0.000000,0.000000,5.000000,5.000000
0.000000,0.880000,5.000000,103,flat_missed_event,hindsight,0.000000,0.000000,5.000000,5.000000
0.000000,0.880000,5.000000,104,evening_peak,idle,0.000000,1.460000,5.000000,5.000000
0.000000,0.880000,5.000000,104,evening_peak,clock,1.460000,0.000000,5.000000,5.000000
0.000000,0.880000,5.000000,104,evening_peak,forecast,1.460000,0.000000,5.000000,5.000000
0.000000,0.880000,5.000000,104,evening_peak,hindsight,1.460000,0.000000,5.000000,5.000000
0.000000,0.880000,5.000000,105,scarcity_peak,idle,0.000000,2.960000,5.000000,5.000000
0.000000,0.880000,5.000000,105,scarcity_peak,clock,2.960000,0.000000,5.000000,5.000000
0.000000,0.880000,5.000000,105,scarcity_peak,forecast,2.960000,0.000000,5.000000,5.000000
0.000000,0.880000,5.000000,105,scarcity_peak,hindsight,2.960000,0.000000,5.000000,5.000000
0.000000,0.880000,5.000000,106,negative_midday,idle,0.000000,2.135000,5.000000,5.000000
0.000000,0.880000,5.000000,106,negative_midday,clock,2.135000,0.000000,5.000000,5.000000
0.000000,0.880000,5.000000,106,negative_midday,forecast,2.135000,0.000000,5.000000,5.000000
0.000000,0.880000,5.000000,106,negative_midday,hindsight,2.135000,0.000000,5.000000,5.000000
0.000000,0.880000,5.000000,107,flat_missed_event,idle,0.000000,0.000000,5.000000,5.000000
0.000000,0.880000,5.000000,107,flat_missed_event,clock,-0.096000,0.096000,5.000000,5.000000
0.000000,0.880000,5.000000,107,flat_missed_event,forecast,0.000000,0.000000,5.000000,5.000000
0.000000,0.880000,5.000000,107,flat_missed_event,hindsight,0.000000,0.000000,5.000000,5.000000
0.000000,0.880000,5.000000,108,evening_peak,idle,0.000000,1.460000,5.000000,5.000000
0.000000,0.880000,5.000000,108,evening_peak,clock,1.460000,0.000000,5.000000,5.000000
0.000000,0.880000,5.000000,108,evening_peak,forecast,1.460000,0.000000,5.000000,5.000000
0.000000,0.880000,5.000000,108,evening_peak,hindsight,1.460000,0.000000,5.000000,5.000000
0.000000,0.880000,5.000000,109,scarcity_peak,idle,0.000000,2.960000,5.000000,5.000000
0.000000,0.880000,5.000000,109,scarcity_peak,clock,2.960000,0.000000,5.000000,5.000000
0.000000,0.880000,5.000000,109,scarcity_peak,forecast,2.960000,0.000000,5.000000,5.000000
0.000000,0.880000,5.000000,109,scarcity_peak,hindsight,2.960000,0.000000,5.000000,5.000000
0.000000,0.880000,5.000000,110,negative_midday,idle,0.000000,2.135000,5.000000,5.000000
0.000000,0.880000,5.000000,110,negative_midday,clock,2.135000,0.000000,5.000000,5.000000
0.000000,0.880000,5.000000,110,negative_midday,forecast,2.135000,0.000000,5.000000,5.000000
0.000000,0.880000,5.000000,110,negative_midday,hindsight,2.135000,0.000000,5.000000,5.000000
0.000000,0.880000,5.000000,111,flat_missed_event,idle,0.000000,0.000000,5.000000,5.000000
0.000000,0.880000,5.000000,111,flat_missed_event,clock,-0.096000,0.096000,5.000000,5.000000
0.000000,0.880000,5.000000,111,flat_missed_event,forecast,0.000000,0.000000,5.000000,5.000000
0.000000,0.880000,5.000000,111,flat_missed_event,hindsight,0.000000,0.000000,5.000000,5.000000
0.000000,0.880000,5.000000,112,evening_peak,idle,0.000000,1.460000,5.000000,5.000000
0.000000,0.880000,5.000000,112,evening_peak,clock,1.460000,0.000000,5.000000,5.000000
0.000000,0.880000,5.000000,112,evening_peak,forecast,1.460000,0.000000,5.000000,5.000000
0.000000,0.880000,5.000000,112,evening_peak,hindsight,1.460000,0.000000,5.000000,5.000000
0.000000,0.880000,5.000000,113,scarcity_peak,idle,0.000000,2.960000,5.000000,5.000000
0.000000,0.880000,5.000000,113,scarcity_peak,clock,2.960000,0.000000,5.000000,5.000000
0.000000,0.880000,5.000000,113,scarcity_peak,forecast,2.960000,0.000000,5.000000,5.000000
0.000000,0.880000,5.000000,113,scarcity_peak,hindsight,2.960000,0.000000,5.000000,5.000000
0.000000,0.880000,5.000000,114,negative_midday,idle,0.000000,2.135000,5.000000,5.000000
0.000000,0.880000,5.000000,114,negative_midday,clock,2.135000,0.000000,5.000000,5.000000
0.000000,0.880000,5.000000,114,negative_midday,forecast,2.135000,0.000000,5.000000,5.000000
0.000000,0.880000,5.000000,114,negative_midday,hindsight,2.135000,0.000000,5.000000,5.000000
0.000000,0.880000,5.000000,115,flat_missed_event,idle,0.000000,0.000000,5.000000,5.000000
0.000000,0.880000,5.000000,115,flat_missed_event,clock,-0.096000,0.096000,5.000000,5.000000
0.000000,0.880000,5.000000,115,flat_missed_event,forecast,0.000000,0.000000,5.000000,5.000000
0.000000,0.880000,5.000000,115,flat_missed_event,hindsight,0.000000,0.000000,5.000000,5.000000
0.000000,0.880000,5.000000,116,evening_peak,idle,0.000000,1.460000,5.000000,5.000000
0.000000,0.880000,5.000000,116,evening_peak,clock,1.460000,0.000000,5.000000,5.000000
0.000000,0.880000,5.000000,116,evening_peak,forecast,1.460000,0.000000,5.000000,5.000000
0.000000,0.880000,5.000000,116,evening_peak,hindsight,1.460000,0.000000,5.000000,5.000000
0.000000,0.880000,5.000000,117,scarcity_peak,idle,0.000000,2.960000,5.000000,5.000000
0.000000,0.880000,5.000000,117,scarcity_peak,clock,2.960000,0.000000,5.000000,5.000000
0.000000,0.880000,5.000000,117,scarcity_peak,forecast,2.960000,0.000000,5.000000,5.000000
0.000000,0.880000,5.000000,117,scarcity_peak,hindsight,2.960000,0.000000,5.000000,5.000000
0.000000,0.880000,5.000000,118,negative_midday,idle,0.000000,2.135000,5.000000,5.000000
0.000000,0.880000,5.000000,118,negative_midday,clock,2.135000,0.000000,5.000000,5.000000
0.000000,0.880000,5.000000,118,negative_midday,forecast,2.135000,0.000000,5.000000,5.000000
0.000000,0.880000,5.000000,118,negative_midday,hindsight,2.135000,0.000000,5.000000,5.000000
0.000000,0.880000,5.000000,119,flat_missed_event,idle,0.000000,0.000000,5.000000,5.000000
0.000000,0.880000,5.000000,119,flat_missed_event,clock,-0.096000,0.096000,5.000000,5.000000
0.000000,0.880000,5.000000,119,flat_missed_event,forecast,0.000000,0.000000,5.000000,5.000000
0.000000,0.880000,5.000000,119,flat_missed_event,hindsight,0.000000,0.000000,5.000000,5.000000
0.000000,0.880000,10.000000,0,evening_peak,idle,0.000000,1.095000,10.000000,10.000000
0.000000,0.880000,10.000000,0,evening_peak,clock,1.095000,-0.000000,10.000000,10.000000
0.000000,0.880000,10.000000,0,evening_peak,forecast,1.095000,-0.000000,10.000000,10.000000
0.000000,0.880000,10.000000,0,evening_peak,hindsight,1.095000,-0.000000,10.000000,10.000000
0.000000,0.880000,10.000000,1,scarcity_peak,idle,0.000000,2.595000,10.000000,10.000000
0.000000,0.880000,10.000000,1,scarcity_peak,clock,2.055000,0.540000,10.000000,10.000000
0.000000,0.880000,10.000000,1,scarcity_peak,forecast,2.595000,0.000000,10.000000,10.000000
0.000000,0.880000,10.000000,1,scarcity_peak,hindsight,2.595000,0.000000,10.000000,10.000000
0.000000,0.880000,10.000000,2,negative_midday,idle,0.000000,1.770000,10.000000,10.000000
0.000000,0.880000,10.000000,2,negative_midday,clock,1.545000,0.225000,10.000000,10.000000
0.000000,0.880000,10.000000,2,negative_midday,forecast,1.770000,-0.000000,10.000000,10.000000
0.000000,0.880000,10.000000,2,negative_midday,hindsight,1.770000,-0.000000,10.000000,10.000000
0.000000,0.880000,10.000000,3,flat_missed_event,idle,0.000000,0.000000,10.000000,10.000000
0.000000,0.880000,10.000000,3,flat_missed_event,clock,-0.072000,0.072000,10.000000,10.000000
0.000000,0.880000,10.000000,3,flat_missed_event,forecast,0.000000,0.000000,10.000000,10.000000
0.000000,0.880000,10.000000,3,flat_missed_event,hindsight,0.000000,0.000000,10.000000,10.000000
0.000000,0.880000,10.000000,4,evening_peak,idle,0.000000,1.095000,10.000000,10.000000
0.000000,0.880000,10.000000,4,evening_peak,clock,1.095000,-0.000000,10.000000,10.000000
0.000000,0.880000,10.000000,4,evening_peak,forecast,1.095000,-0.000000,10.000000,10.000000
0.000000,0.880000,10.000000,4,evening_peak,hindsight,1.095000,-0.000000,10.000000,10.000000
0.000000,0.880000,10.000000,5,scarcity_peak,idle,0.000000,2.595000,10.000000,10.000000
0.000000,0.880000,10.000000,5,scarcity_peak,clock,2.055000,0.540000,10.000000,10.000000
0.000000,0.880000,10.000000,5,scarcity_peak,forecast,2.595000,0.000000,10.000000,10.000000
0.000000,0.880000,10.000000,5,scarcity_peak,hindsight,2.595000,0.000000,10.000000,10.000000
0.000000,0.880000,10.000000,6,negative_midday,idle,0.000000,1.770000,10.000000,10.000000
0.000000,0.880000,10.000000,6,negative_midday,clock,1.545000,0.225000,10.000000,10.000000
0.000000,0.880000,10.000000,6,negative_midday,forecast,1.770000,-0.000000,10.000000,10.000000
0.000000,0.880000,10.000000,6,negative_midday,hindsight,1.770000,-0.000000,10.000000,10.000000
0.000000,0.880000,10.000000,7,flat_missed_event,idle,0.000000,0.000000,10.000000,10.000000
0.000000,0.880000,10.000000,7,flat_missed_event,clock,-0.072000,0.072000,10.000000,10.000000
0.000000,0.880000,10.000000,7,flat_missed_event,forecast,0.000000,0.000000,10.000000,10.000000
0.000000,0.880000,10.000000,7,flat_missed_event,hindsight,0.000000,0.000000,10.000000,10.000000
0.000000,0.880000,10.000000,8,evening_peak,idle,0.000000,1.095000,10.000000,10.000000
0.000000,0.880000,10.000000,8,evening_peak,clock,1.095000,-0.000000,10.000000,10.000000
0.000000,0.880000,10.000000,8,evening_peak,forecast,1.095000,-0.000000,10.000000,10.000000
0.000000,0.880000,10.000000,8,evening_peak,hindsight,1.095000,-0.000000,10.000000,10.000000
0.000000,0.880000,10.000000,9,scarcity_peak,idle,0.000000,2.595000,10.000000,10.000000
0.000000,0.880000,10.000000,9,scarcity_peak,clock,2.055000,0.540000,10.000000,10.000000
0.000000,0.880000,10.000000,9,scarcity_peak,forecast,2.595000,0.000000,10.000000,10.000000
0.000000,0.880000,10.000000,9,scarcity_peak,hindsight,2.595000,0.000000,10.000000,10.000000
0.000000,0.880000,10.000000,10,negative_midday,idle,0.000000,1.770000,10.000000,10.000000
0.000000,0.880000,10.000000,10,negative_midday,clock,1.545000,0.225000,10.000000,10.000000
0.000000,0.880000,10.000000,10,negative_midday,forecast,1.770000,-0.000000,10.000000,10.000000
0.000000,0.880000,10.000000,10,negative_midday,hindsight,1.770000,-0.000000,10.000000,10.000000
0.000000,0.880000,10.000000,11,flat_missed_event,idle,0.000000,0.000000,10.000000,10.000000
0.000000,0.880000,10.000000,11,flat_missed_event,clock,-0.072000,0.072000,10.000000,10.000000
0.000000,0.880000,10.000000,11,flat_missed_event,forecast,0.000000,0.000000,10.000000,10.000000
0.000000,0.880000,10.000000,11,flat_missed_event,hindsight,0.000000,0.000000,10.000000,10.000000
0.000000,0.880000,10.000000,12,evening_peak,idle,0.000000,1.095000,10.000000,10.000000
0.000000,0.880000,10.000000,12,evening_peak,clock,1.095000,-0.000000,10.000000,10.000000
0.000000,0.880000,10.000000,12,evening_peak,forecast,1.095000,-0.000000,10.000000,10.000000
0.000000,0.880000,10.000000,12,evening_peak,hindsight,1.095000,-0.000000,10.000000,10.000000
0.000000,0.880000,10.000000,13,scarcity_peak,idle,0.000000,2.595000,10.000000,10.000000
0.000000,0.880000,10.000000,13,scarcity_peak,clock,2.055000,0.540000,10.000000,10.000000
0.000000,0.880000,10.000000,13,scarcity_peak,forecast,2.595000,0.000000,10.000000,10.000000
0.000000,0.880000,10.000000,13,scarcity_peak,hindsight,2.595000,0.000000,10.000000,10.000000
0.000000,0.880000,10.000000,14,negative_midday,idle,0.000000,1.770000,10.000000,10.000000
0.000000,0.880000,10.000000,14,negative_midday,clock,1.545000,0.225000,10.000000,10.000000
0.000000,0.880000,10.000000,14,negative_midday,forecast,1.770000,-0.000000,10.000000,10.000000
0.000000,0.880000,10.000000,14,negative_midday,hindsight,1.770000,-0.000000,10.000000,10.000000
0.000000,0.880000,10.000000,15,flat_missed_event,idle,0.000000,0.000000,10.000000,10.000000
0.000000,0.880000,10.000000,15,flat_missed_event,clock,-0.072000,0.072000,10.000000,10.000000
0.000000,0.880000,10.000000,15,flat_missed_event,forecast,0.000000,0.000000,10.000000,10.000000
0.000000,0.880000,10.000000,15,flat_missed_event,hindsight,0.000000,0.000000,10.000000,10.000000
0.000000,0.880000,10.000000,16,evening_peak,idle,0.000000,1.095000,10.000000,10.000000
0.000000,0.880000,10.000000,16,evening_peak,clock,1.095000,-0.000000,10.000000,10.000000
0.000000,0.880000,10.000000,16,evening_peak,forecast,1.095000,-0.000000,10.000000,10.000000
0.000000,0.880000,10.000000,16,evening_peak,hindsight,1.095000,-0.000000,10.000000,10.000000
0.000000,0.880000,10.000000,17,scarcity_peak,idle,0.000000,2.595000,10.000000,10.000000
0.000000,0.880000,10.000000,17,scarcity_peak,clock,2.055000,0.540000,10.000000,10.000000
0.000000,0.880000,10.000000,17,scarcity_peak,forecast,2.595000,0.000000,10.000000,10.000000
0.000000,0.880000,10.000000,17,scarcity_peak,hindsight,2.595000,0.000000,10.000000,10.000000
0.000000,0.880000,10.000000,18,negative_midday,idle,0.000000,1.770000,10.000000,10.000000
0.000000,0.880000,10.000000,18,negative_midday,clock,1.545000,0.225000,10.000000,10.000000
0.000000,0.880000,10.000000,18,negative_midday,forecast,1.770000,-0.000000,10.000000,10.000000
0.000000,0.880000,10.000000,18,negative_midday,hindsight,1.770000,-0.000000,10.000000,10.000000
0.000000,0.880000,10.000000,19,flat_missed_event,idle,0.000000,0.000000,10.000000,10.000000
0.000000,0.880000,10.000000,19,flat_missed_event,clock,-0.072000,0.072000,10.000000,10.000000
0.000000,0.880000,10.000000,19,flat_missed_event,forecast,0.000000,0.000000,10.000000,10.000000
0.000000,0.880000,10.000000,19,flat_missed_event,hindsight,0.000000,0.000000,10.000000,10.000000
0.000000,0.880000,10.000000,20,evening_peak,idle,0.000000,1.095000,10.000000,10.000000
0.000000,0.880000,10.000000,20,evening_peak,clock,1.095000,-0.000000,10.000000,10.000000
0.000000,0.880000,10.000000,20,evening_peak,forecast,1.095000,-0.000000,10.000000,10.000000
0.000000,0.880000,10.000000,20,evening_peak,hindsight,1.095000,-0.000000,10.000000,10.000000
0.000000,0.880000,10.000000,21,scarcity_peak,idle,0.000000,2.595000,10.000000,10.000000
0.000000,0.880000,10.000000,21,scarcity_peak,clock,2.055000,0.540000,10.000000,10.000000
0.000000,0.880000,10.000000,21,scarcity_peak,forecast,2.595000,0.000000,10.000000,10.000000
0.000000,0.880000,10.000000,21,scarcity_peak,hindsight,2.595000,0.000000,10.000000,10.000000
0.000000,0.880000,10.000000,22,negative_midday,idle,0.000000,1.770000,10.000000,10.000000
0.000000,0.880000,10.000000,22,negative_midday,clock,1.545000,0.225000,10.000000,10.000000
0.000000,0.880000,10.000000,22,negative_midday,forecast,1.770000,-0.000000,10.000000,10.000000
0.000000,0.880000,10.000000,22,negative_midday,hindsight,1.770000,-0.000000,10.000000,10.000000
0.000000,0.880000,10.000000,23,flat_missed_event,idle,0.000000,0.000000,10.000000,10.000000
0.000000,0.880000,10.000000,23,flat_missed_event,clock,-0.072000,0.072000,10.000000,10.000000
0.000000,0.880000,10.000000,23,flat_missed_event,forecast,0.000000,0.000000,10.000000,10.000000
0.000000,0.880000,10.000000,23,flat_missed_event,hindsight,0.000000,0.000000,10.000000,10.000000
0.000000,0.880000,10.000000,24,evening_peak,idle,0.000000,1.095000,10.000000,10.000000
0.000000,0.880000,10.000000,24,evening_peak,clock,1.095000,-0.000000,10.000000,10.000000
0.000000,0.880000,10.000000,24,evening_peak,forecast,1.095000,-0.000000,10.000000,10.000000
0.000000,0.880000,10.000000,24,evening_peak,hindsight,1.095000,-0.000000,10.000000,10.000000
0.000000,0.880000,10.000000,25,scarcity_peak,idle,0.000000,2.595000,10.000000,10.000000
0.000000,0.880000,10.000000,25,scarcity_peak,clock,2.055000,0.540000,10.000000,10.000000
0.000000,0.880000,10.000000,25,scarcity_peak,forecast,2.595000,0.000000,10.000000,10.000000
0.000000,0.880000,10.000000,25,scarcity_peak,hindsight,2.595000,0.000000,10.000000,10.000000
0.000000,0.880000,10.000000,26,negative_midday,idle,0.000000,1.770000,10.000000,10.000000
0.000000,0.880000,10.000000,26,negative_midday,clock,1.545000,0.225000,10.000000,10.000000
0.000000,0.880000,10.000000,26,negative_midday,forecast,1.770000,-0.000000,10.000000,10.000000
0.000000,0.880000,10.000000,26,negative_midday,hindsight,1.770000,-0.000000,10.000000,10.000000
0.000000,0.880000,10.000000,27,flat_missed_event,idle,0.000000,0.000000,10.000000,10.000000
0.000000,0.880000,10.000000,27,flat_missed_event,clock,-0.072000,0.072000,10.000000,10.000000
0.000000,0.880000,10.000000,27,flat_missed_event,forecast,0.000000,0.000000,10.000000,10.000000
0.000000,0.880000,10.000000,27,flat_missed_event,hindsight,0.000000,0.000000,10.000000,10.000000
0.000000,0.880000,10.000000,28,evening_peak,idle,0.000000,1.095000,10.000000,10.000000
0.000000,0.880000,10.000000,28,evening_peak,clock,1.095000,-0.000000,10.000000,10.000000
0.000000,0.880000,10.000000,28,evening_peak,forecast,1.095000,-0.000000,10.000000,10.000000
0.000000,0.880000,10.000000,28,evening_peak,hindsight,1.095000,-0.000000,10.000000,10.000000
0.000000,0.880000,10.000000,29,scarcity_peak,idle,0.000000,2.595000,10.000000,10.000000
0.000000,0.880000,10.000000,29,scarcity_peak,clock,2.055000,0.540000,10.000000,10.000000
0.000000,0.880000,10.000000,29,scarcity_peak,forecast,2.595000,0.000000,10.000000,10.000000
0.000000,0.880000,10.000000,29,scarcity_peak,hindsight,2.595000,0.000000,10.000000,10.000000
0.000000,0.880000,10.000000,30,negative_midday,idle,0.000000,1.770000,10.000000,10.000000
0.000000,0.880000,10.000000,30,negative_midday,clock,1.545000,0.225000,10.000000,10.000000
0.000000,0.880000,10.000000,30,negative_midday,forecast,1.770000,-0.000000,10.000000,10.000000
0.000000,0.880000,10.000000,30,negative_midday,hindsight,1.770000,-0.000000,10.000000,10.000000
0.000000,0.880000,10.000000,31,flat_missed_event,idle,0.000000,0.000000,10.000000,10.000000
0.000000,0.880000,10.000000,31,flat_missed_event,clock,-0.072000,0.072000,10.000000,10.000000
0.000000,0.880000,10.000000,31,flat_missed_event,forecast,0.000000,0.000000,10.000000,10.000000
0.000000,0.880000,10.000000,31,flat_missed_event,hindsight,0.000000,0.000000,10.000000,10.000000
0.000000,0.880000,10.000000,32,evening_peak,idle,0.000000,1.095000,10.000000,10.000000
0.000000,0.880000,10.000000,32,evening_peak,clock,1.095000,-0.000000,10.000000,10.000000
0.000000,0.880000,10.000000,32,evening_peak,forecast,1.095000,-0.000000,10.000000,10.000000
0.000000,0.880000,10.000000,32,evening_peak,hindsight,1.095000,-0.000000,10.000000,10.000000
0.000000,0.880000,10.000000,33,scarcity_peak,idle,0.000000,2.595000,10.000000,10.000000
0.000000,0.880000,10.000000,33,scarcity_peak,clock,2.055000,0.540000,10.000000,10.000000
0.000000,0.880000,10.000000,33,scarcity_peak,forecast,2.595000,0.000000,10.000000,10.000000
0.000000,0.880000,10.000000,33,scarcity_peak,hindsight,2.595000,0.000000,10.000000,10.000000
0.000000,0.880000,10.000000,34,negative_midday,idle,0.000000,1.770000,10.000000,10.000000
0.000000,0.880000,10.000000,34,negative_midday,clock,1.545000,0.225000,10.000000,10.000000
0.000000,0.880000,10.000000,34,negative_midday,forecast,1.770000,-0.000000,10.000000,10.000000
0.000000,0.880000,10.000000,34,negative_midday,hindsight,1.770000,-0.000000,10.000000,10.000000
0.000000,0.880000,10.000000,35,flat_missed_event,idle,0.000000,0.000000,10.000000,10.000000
0.000000,0.880000,10.000000,35,flat_missed_event,clock,-0.072000,0.072000,10.000000,10.000000
0.000000,0.880000,10.000000,35,flat_missed_event,forecast,0.000000,0.000000,10.000000,10.000000
0.000000,0.880000,10.000000,35,flat_missed_event,hindsight,0.000000,0.000000,10.000000,10.000000
0.000000,0.880000,10.000000,36,evening_peak,idle,0.000000,1.095000,10.000000,10.000000
0.000000,0.880000,10.000000,36,evening_peak,clock,1.095000,-0.000000,10.000000,10.000000
0.000000,0.880000,10.000000,36,evening_peak,forecast,1.095000,-0.000000,10.000000,10.000000
0.000000,0.880000,10.000000,36,evening_peak,hindsight,1.095000,-0.000000,10.000000,10.000000
0.000000,0.880000,10.000000,37,scarcity_peak,idle,0.000000,2.595000,10.000000,10.000000
0.000000,0.880000,10.000000,37,scarcity_peak,clock,2.055000,0.540000,10.000000,10.000000
0.000000,0.880000,10.000000,37,scarcity_peak,forecast,2.595000,0.000000,10.000000,10.000000
0.000000,0.880000,10.000000,37,scarcity_peak,hindsight,2.595000,0.000000,10.000000,10.000000
0.000000,0.880000,10.000000,38,negative_midday,idle,0.000000,1.770000,10.000000,10.000000
0.000000,0.880000,10.000000,38,negative_midday,clock,1.545000,0.225000,10.000000,10.000000
0.000000,0.880000,10.000000,38,negative_midday,forecast,1.770000,-0.000000,10.000000,10.000000
0.000000,0.880000,10.000000,38,negative_midday,hindsight,1.770000,-0.000000,10.000000,10.000000
0.000000,0.880000,10.000000,39,flat_missed_event,idle,0.000000,0.000000,10.000000,10.000000
0.000000,0.880000,10.000000,39,flat_missed_event,clock,-0.072000,0.072000,10.000000,10.000000
0.000000,0.880000,10.000000,39,flat_missed_event,forecast,0.000000,0.000000,10.000000,10.000000
0.000000,0.880000,10.000000,39,flat_missed_event,hindsight,0.000000,0.000000,10.000000,10.000000
0.000000,0.880000,10.000000,40,evening_peak,idle,0.000000,1.095000,10.000000,10.000000
0.000000,0.880000,10.000000,40,evening_peak,clock,1.095000,-0.000000,10.000000,10.000000
0.000000,0.880000,10.000000,40,evening_peak,forecast,1.095000,-0.000000,10.000000,10.000000
0.000000,0.880000,10.000000,40,evening_peak,hindsight,1.095000,-0.000000,10.000000,10.000000
0.000000,0.880000,10.000000,41,scarcity_peak,idle,0.000000,2.595000,10.000000,10.000000
0.000000,0.880000,10.000000,41,scarcity_peak,clock,2.055000,0.540000,10.000000,10.000000
0.000000,0.880000,10.000000,41,scarcity_peak,forecast,2.595000,0.000000,10.000000,10.000000
0.000000,0.880000,10.000000,41,scarcity_peak,hindsight,2.595000,0.000000,10.000000,10.000000
0.000000,0.880000,10.000000,42,negative_midday,idle,0.000000,1.770000,10.000000,10.000000
0.000000,0.880000,10.000000,42,negative_midday,clock,1.545000,0.225000,10.000000,10.000000
0.000000,0.880000,10.000000,42,negative_midday,forecast,1.770000,-0.000000,10.000000,10.000000
0.000000,0.880000,10.000000,42,negative_midday,hindsight,1.770000,-0.000000,10.000000,10.000000
0.000000,0.880000,10.000000,43,flat_missed_event,idle,0.000000,0.000000,10.000000,10.000000
0.000000,0.880000,10.000000,43,flat_missed_event,clock,-0.072000,0.072000,10.000000,10.000000
0.000000,0.880000,10.000000,43,flat_missed_event,forecast,0.000000,0.000000,10.000000,10.000000
0.000000,0.880000,10.000000,43,flat_missed_event,hindsight,0.000000,0.000000,10.000000,10.000000
0.000000,0.880000,10.000000,44,evening_peak,idle,0.000000,1.095000,10.000000,10.000000
0.000000,0.880000,10.000000,44,evening_peak,clock,1.095000,-0.000000,10.000000,10.000000
0.000000,0.880000,10.000000,44,evening_peak,forecast,1.095000,-0.000000,10.000000,10.000000
0.000000,0.880000,10.000000,44,evening_peak,hindsight,1.095000,-0.000000,10.000000,10.000000
0.000000,0.880000,10.000000,45,scarcity_peak,idle,0.000000,2.595000,10.000000,10.000000
0.000000,0.880000,10.000000,45,scarcity_peak,clock,2.055000,0.540000,10.000000,10.000000
0.000000,0.880000,10.000000,45,scarcity_peak,forecast,2.595000,0.000000,10.000000,10.000000
0.000000,0.880000,10.000000,45,scarcity_peak,hindsight,2.595000,0.000000,10.000000,10.000000
0.000000,0.880000,10.000000,46,negative_midday,idle,0.000000,1.770000,10.000000,10.000000
0.000000,0.880000,10.000000,46,negative_midday,clock,1.545000,0.225000,10.000000,10.000000
0.000000,0.880000,10.000000,46,negative_midday,forecast,1.770000,-0.000000,10.000000,10.000000
0.000000,0.880000,10.000000,46,negative_midday,hindsight,1.770000,-0.000000,10.000000,10.000000
0.000000,0.880000,10.000000,47,flat_missed_event,idle,0.000000,0.000000,10.000000,10.000000
0.000000,0.880000,10.000000,47,flat_missed_event,clock,-0.072000,0.072000,10.000000,10.000000
0.000000,0.880000,10.000000,47,flat_missed_event,forecast,0.000000,0.000000,10.000000,10.000000
0.000000,0.880000,10.000000,47,flat_missed_event,hindsight,0.000000,0.000000,10.000000,10.000000
0.000000,0.880000,10.000000,48,evening_peak,idle,0.000000,1.095000,10.000000,10.000000
0.000000,0.880000,10.000000,48,evening_peak,clock,1.095000,-0.000000,10.000000,10.000000
0.000000,0.880000,10.000000,48,evening_peak,forecast,1.095000,-0.000000,10.000000,10.000000
0.000000,0.880000,10.000000,48,evening_peak,hindsight,1.095000,-0.000000,10.000000,10.000000
0.000000,0.880000,10.000000,49,scarcity_peak,idle,0.000000,2.595000,10.000000,10.000000
0.000000,0.880000,10.000000,49,scarcity_peak,clock,2.055000,0.540000,10.000000,10.000000
0.000000,0.880000,10.000000,49,scarcity_peak,forecast,2.595000,0.000000,10.000000,10.000000
0.000000,0.880000,10.000000,49,scarcity_peak,hindsight,2.595000,0.000000,10.000000,10.000000
0.000000,0.880000,10.000000,50,negative_midday,idle,0.000000,1.770000,10.000000,10.000000
0.000000,0.880000,10.000000,50,negative_midday,clock,1.545000,0.225000,10.000000,10.000000
0.000000,0.880000,10.000000,50,negative_midday,forecast,1.770000,-0.000000,10.000000,10.000000
0.000000,0.880000,10.000000,50,negative_midday,hindsight,1.770000,-0.000000,10.000000,10.000000
0.000000,0.880000,10.000000,51,flat_missed_event,idle,0.000000,0.000000,10.000000,10.000000
0.000000,0.880000,10.000000,51,flat_missed_event,clock,-0.072000,0.072000,10.000000,10.000000
0.000000,0.880000,10.000000,51,flat_missed_event,forecast,0.000000,0.000000,10.000000,10.000000
0.000000,0.880000,10.000000,51,flat_missed_event,hindsight,0.000000,0.000000,10.000000,10.000000
0.000000,0.880000,10.000000,52,evening_peak,idle,0.000000,1.095000,10.000000,10.000000
0.000000,0.880000,10.000000,52,evening_peak,clock,1.095000,-0.000000,10.000000,10.000000
0.000000,0.880000,10.000000,52,evening_peak,forecast,1.095000,-0.000000,10.000000,10.000000
0.000000,0.880000,10.000000,52,evening_peak,hindsight,1.095000,-0.000000,10.000000,10.000000
0.000000,0.880000,10.000000,53,scarcity_peak,idle,0.000000,2.595000,10.000000,10.000000
0.000000,0.880000,10.000000,53,scarcity_peak,clock,2.055000,0.540000,10.000000,10.000000
0.000000,0.880000,10.000000,53,scarcity_peak,forecast,2.595000,0.000000,10.000000,10.000000
0.000000,0.880000,10.000000,53,scarcity_peak,hindsight,2.595000,0.000000,10.000000,10.000000
0.000000,0.880000,10.000000,54,negative_midday,idle,0.000000,1.770000,10.000000,10.000000
0.000000,0.880000,10.000000,54,negative_midday,clock,1.545000,0.225000,10.000000,10.000000
0.000000,0.880000,10.000000,54,negative_midday,forecast,1.770000,-0.000000,10.000000,10.000000
0.000000,0.880000,10.000000,54,negative_midday,hindsight,1.770000,-0.000000,10.000000,10.000000
0.000000,0.880000,10.000000,55,flat_missed_event,idle,0.000000,0.000000,10.000000,10.000000
0.000000,0.880000,10.000000,55,flat_missed_event,clock,-0.072000,0.072000,10.000000,10.000000
0.000000,0.880000,10.000000,55,flat_missed_event,forecast,0.000000,0.000000,10.000000,10.000000
0.000000,0.880000,10.000000,55,flat_missed_event,hindsight,0.000000,0.000000,10.000000,10.000000
0.000000,0.880000,10.000000,56,evening_peak,idle,0.000000,1.095000,10.000000,10.000000
0.000000,0.880000,10.000000,56,evening_peak,clock,1.095000,-0.000000,10.000000,10.000000
0.000000,0.880000,10.000000,56,evening_peak,forecast,1.095000,-0.000000,10.000000,10.000000
0.000000,0.880000,10.000000,56,evening_peak,hindsight,1.095000,-0.000000,10.000000,10.000000
0.000000,0.880000,10.000000,57,scarcity_peak,idle,0.000000,2.595000,10.000000,10.000000
0.000000,0.880000,10.000000,57,scarcity_peak,clock,2.055000,0.540000,10.000000,10.000000
0.000000,0.880000,10.000000,57,scarcity_peak,forecast,2.595000,0.000000,10.000000,10.000000
0.000000,0.880000,10.000000,57,scarcity_peak,hindsight,2.595000,0.000000,10.000000,10.000000
0.000000,0.880000,10.000000,58,negative_midday,idle,0.000000,1.770000,10.000000,10.000000
0.000000,0.880000,10.000000,58,negative_midday,clock,1.545000,0.225000,10.000000,10.000000
0.000000,0.880000,10.000000,58,negative_midday,forecast,1.770000,-0.000000,10.000000,10.000000
0.000000,0.880000,10.000000,58,negative_midday,hindsight,1.770000,-0.000000,10.000000,10.000000
0.000000,0.880000,10.000000,59,flat_missed_event,idle,0.000000,0.000000,10.000000,10.000000
0.000000,0.880000,10.000000,59,flat_missed_event,clock,-0.072000,0.072000,10.000000,10.000000
0.000000,0.880000,10.000000,59,flat_missed_event,forecast,0.000000,0.000000,10.000000,10.000000
0.000000,0.880000,10.000000,59,flat_missed_event,hindsight,0.000000,0.000000,10.000000,10.000000
0.000000,0.880000,10.000000,60,evening_peak,idle,0.000000,1.095000,10.000000,10.000000
0.000000,0.880000,10.000000,60,evening_peak,clock,1.095000,-0.000000,10.000000,10.000000
0.000000,0.880000,10.000000,60,evening_peak,forecast,1.095000,-0.000000,10.000000,10.000000
0.000000,0.880000,10.000000,60,evening_peak,hindsight,1.095000,-0.000000,10.000000,10.000000
0.000000,0.880000,10.000000,61,scarcity_peak,idle,0.000000,2.595000,10.000000,10.000000
0.000000,0.880000,10.000000,61,scarcity_peak,clock,2.055000,0.540000,10.000000,10.000000
0.000000,0.880000,10.000000,61,scarcity_peak,forecast,2.595000,0.000000,10.000000,10.000000
0.000000,0.880000,10.000000,61,scarcity_peak,hindsight,2.595000,0.000000,10.000000,10.000000
0.000000,0.880000,10.000000,62,negative_midday,idle,0.000000,1.770000,10.000000,10.000000
0.000000,0.880000,10.000000,62,negative_midday,clock,1.545000,0.225000,10.000000,10.000000
0.000000,0.880000,10.000000,62,negative_midday,forecast,1.770000,-0.000000,10.000000,10.000000
0.000000,0.880000,10.000000,62,negative_midday,hindsight,1.770000,-0.000000,10.000000,10.000000
0.000000,0.880000,10.000000,63,flat_missed_event,idle,0.000000,0.000000,10.000000,10.000000
0.000000,0.880000,10.000000,63,flat_missed_event,clock,-0.072000,0.072000,10.000000,10.000000
0.000000,0.880000,10.000000,63,flat_missed_event,forecast,0.000000,0.000000,10.000000,10.000000
0.000000,0.880000,10.000000,63,flat_missed_event,hindsight,0.000000,0.000000,10.000000,10.000000
0.000000,0.880000,10.000000,64,evening_peak,idle,0.000000,1.095000,10.000000,10.000000
0.000000,0.880000,10.000000,64,evening_peak,clock,1.095000,-0.000000,10.000000,10.000000
0.000000,0.880000,10.000000,64,evening_peak,forecast,1.095000,-0.000000,10.000000,10.000000
0.000000,0.880000,10.000000,64,evening_peak,hindsight,1.095000,-0.000000,10.000000,10.000000
0.000000,0.880000,10.000000,65,scarcity_peak,idle,0.000000,2.595000,10.000000,10.000000
0.000000,0.880000,10.000000,65,scarcity_peak,clock,2.055000,0.540000,10.000000,10.000000
0.000000,0.880000,10.000000,65,scarcity_peak,forecast,2.595000,0.000000,10.000000,10.000000
0.000000,0.880000,10.000000,65,scarcity_peak,hindsight,2.595000,0.000000,10.000000,10.000000
0.000000,0.880000,10.000000,66,negative_midday,idle,0.000000,1.770000,10.000000,10.000000
0.000000,0.880000,10.000000,66,negative_midday,clock,1.545000,0.225000,10.000000,10.000000
0.000000,0.880000,10.000000,66,negative_midday,forecast,1.770000,-0.000000,10.000000,10.000000
0.000000,0.880000,10.000000,66,negative_midday,hindsight,1.770000,-0.000000,10.000000,10.000000
0.000000,0.880000,10.000000,67,flat_missed_event,idle,0.000000,0.000000,10.000000,10.000000
0.000000,0.880000,10.000000,67,flat_missed_event,clock,-0.072000,0.072000,10.000000,10.000000
0.000000,0.880000,10.000000,67,flat_missed_event,forecast,0.000000,0.000000,10.000000,10.000000
0.000000,0.880000,10.000000,67,flat_missed_event,hindsight,0.000000,0.000000,10.000000,10.000000
0.000000,0.880000,10.000000,68,evening_peak,idle,0.000000,1.095000,10.000000,10.000000
0.000000,0.880000,10.000000,68,evening_peak,clock,1.095000,-0.000000,10.000000,10.000000
0.000000,0.880000,10.000000,68,evening_peak,forecast,1.095000,-0.000000,10.000000,10.000000
0.000000,0.880000,10.000000,68,evening_peak,hindsight,1.095000,-0.000000,10.000000,10.000000
0.000000,0.880000,10.000000,69,scarcity_peak,idle,0.000000,2.595000,10.000000,10.000000
0.000000,0.880000,10.000000,69,scarcity_peak,clock,2.055000,0.540000,10.000000,10.000000
0.000000,0.880000,10.000000,69,scarcity_peak,forecast,2.595000,0.000000,10.000000,10.000000
0.000000,0.880000,10.000000,69,scarcity_peak,hindsight,2.595000,0.000000,10.000000,10.000000
0.000000,0.880000,10.000000,70,negative_midday,idle,0.000000,1.770000,10.000000,10.000000
0.000000,0.880000,10.000000,70,negative_midday,clock,1.545000,0.225000,10.000000,10.000000
0.000000,0.880000,10.000000,70,negative_midday,forecast,1.770000,-0.000000,10.000000,10.000000
0.000000,0.880000,10.000000,70,negative_midday,hindsight,1.770000,-0.000000,10.000000,10.000000
0.000000,0.880000,10.000000,71,flat_missed_event,idle,0.000000,0.000000,10.000000,10.000000
0.000000,0.880000,10.000000,71,flat_missed_event,clock,-0.072000,0.072000,10.000000,10.000000
0.000000,0.880000,10.000000,71,flat_missed_event,forecast,0.000000,0.000000,10.000000,10.000000
0.000000,0.880000,10.000000,71,flat_missed_event,hindsight,0.000000,0.000000,10.000000,10.000000
0.000000,0.880000,10.000000,72,evening_peak,idle,0.000000,1.095000,10.000000,10.000000
0.000000,0.880000,10.000000,72,evening_peak,clock,1.095000,-0.000000,10.000000,10.000000
0.000000,0.880000,10.000000,72,evening_peak,forecast,1.095000,-0.000000,10.000000,10.000000
0.000000,0.880000,10.000000,72,evening_peak,hindsight,1.095000,-0.000000,10.000000,10.000000
0.000000,0.880000,10.000000,73,scarcity_peak,idle,0.000000,2.595000,10.000000,10.000000
0.000000,0.880000,10.000000,73,scarcity_peak,clock,2.055000,0.540000,10.000000,10.000000
0.000000,0.880000,10.000000,73,scarcity_peak,forecast,2.595000,0.000000,10.000000,10.000000
0.000000,0.880000,10.000000,73,scarcity_peak,hindsight,2.595000,0.000000,10.000000,10.000000
0.000000,0.880000,10.000000,74,negative_midday,idle,0.000000,1.770000,10.000000,10.000000
0.000000,0.880000,10.000000,74,negative_midday,clock,1.545000,0.225000,10.000000,10.000000
0.000000,0.880000,10.000000,74,negative_midday,forecast,1.770000,-0.000000,10.000000,10.000000
0.000000,0.880000,10.000000,74,negative_midday,hindsight,1.770000,-0.000000,10.000000,10.000000
0.000000,0.880000,10.000000,75,flat_missed_event,idle,0.000000,0.000000,10.000000,10.000000
0.000000,0.880000,10.000000,75,flat_missed_event,clock,-0.072000,0.072000,10.000000,10.000000
0.000000,0.880000,10.000000,75,flat_missed_event,forecast,0.000000,0.000000,10.000000,10.000000
0.000000,0.880000,10.000000,75,flat_missed_event,hindsight,0.000000,0.000000,10.000000,10.000000
0.000000,0.880000,10.000000,76,evening_peak,idle,0.000000,1.095000,10.000000,10.000000
0.000000,0.880000,10.000000,76,evening_peak,clock,1.095000,-0.000000,10.000000,10.000000
0.000000,0.880000,10.000000,76,evening_peak,forecast,1.095000,-0.000000,10.000000,10.000000
0.000000,0.880000,10.000000,76,evening_peak,hindsight,1.095000,-0.000000,10.000000,10.000000
0.000000,0.880000,10.000000,77,scarcity_peak,idle,0.000000,2.595000,10.000000,10.000000
0.000000,0.880000,10.000000,77,scarcity_peak,clock,2.055000,0.540000,10.000000,10.000000
0.000000,0.880000,10.000000,77,scarcity_peak,forecast,2.595000,0.000000,10.000000,10.000000
0.000000,0.880000,10.000000,77,scarcity_peak,hindsight,2.595000,0.000000,10.000000,10.000000
0.000000,0.880000,10.000000,78,negative_midday,idle,0.000000,1.770000,10.000000,10.000000
0.000000,0.880000,10.000000,78,negative_midday,clock,1.545000,0.225000,10.000000,10.000000
0.000000,0.880000,10.000000,78,negative_midday,forecast,1.770000,-0.000000,10.000000,10.000000
0.000000,0.880000,10.000000,78,negative_midday,hindsight,1.770000,-0.000000,10.000000,10.000000
0.000000,0.880000,10.000000,79,flat_missed_event,idle,0.000000,0.000000,10.000000,10.000000
0.000000,0.880000,10.000000,79,flat_missed_event,clock,-0.072000,0.072000,10.000000,10.000000
0.000000,0.880000,10.000000,79,flat_missed_event,forecast,0.000000,0.000000,10.000000,10.000000
0.000000,0.880000,10.000000,79,flat_missed_event,hindsight,0.000000,0.000000,10.000000,10.000000
0.000000,0.880000,10.000000,80,evening_peak,idle,0.000000,1.095000,10.000000,10.000000
0.000000,0.880000,10.000000,80,evening_peak,clock,1.095000,-0.000000,10.000000,10.000000
0.000000,0.880000,10.000000,80,evening_peak,forecast,1.095000,-0.000000,10.000000,10.000000
0.000000,0.880000,10.000000,80,evening_peak,hindsight,1.095000,-0.000000,10.000000,10.000000
0.000000,0.880000,10.000000,81,scarcity_peak,idle,0.000000,2.595000,10.000000,10.000000
0.000000,0.880000,10.000000,81,scarcity_peak,clock,2.055000,0.540000,10.000000,10.000000
0.000000,0.880000,10.000000,81,scarcity_peak,forecast,2.595000,0.000000,10.000000,10.000000
0.000000,0.880000,10.000000,81,scarcity_peak,hindsight,2.595000,0.000000,10.000000,10.000000
0.000000,0.880000,10.000000,82,negative_midday,idle,0.000000,1.770000,10.000000,10.000000
0.000000,0.880000,10.000000,82,negative_midday,clock,1.545000,0.225000,10.000000,10.000000
0.000000,0.880000,10.000000,82,negative_midday,forecast,1.770000,-0.000000,10.000000,10.000000
0.000000,0.880000,10.000000,82,negative_midday,hindsight,1.770000,-0.000000,10.000000,10.000000
0.000000,0.880000,10.000000,83,flat_missed_event,idle,0.000000,0.000000,10.000000,10.000000
0.000000,0.880000,10.000000,83,flat_missed_event,clock,-0.072000,0.072000,10.000000,10.000000
0.000000,0.880000,10.000000,83,flat_missed_event,forecast,0.000000,0.000000,10.000000,10.000000
0.000000,0.880000,10.000000,83,flat_missed_event,hindsight,0.000000,0.000000,10.000000,10.000000
0.000000,0.880000,10.000000,84,evening_peak,idle,0.000000,1.095000,10.000000,10.000000
0.000000,0.880000,10.000000,84,evening_peak,clock,1.095000,-0.000000,10.000000,10.000000
0.000000,0.880000,10.000000,84,evening_peak,forecast,1.095000,-0.000000,10.000000,10.000000
0.000000,0.880000,10.000000,84,evening_peak,hindsight,1.095000,-0.000000,10.000000,10.000000
0.000000,0.880000,10.000000,85,scarcity_peak,idle,0.000000,2.595000,10.000000,10.000000
0.000000,0.880000,10.000000,85,scarcity_peak,clock,2.055000,0.540000,10.000000,10.000000
0.000000,0.880000,10.000000,85,scarcity_peak,forecast,2.595000,0.000000,10.000000,10.000000
0.000000,0.880000,10.000000,85,scarcity_peak,hindsight,2.595000,0.000000,10.000000,10.000000
0.000000,0.880000,10.000000,86,negative_midday,idle,0.000000,1.770000,10.000000,10.000000
0.000000,0.880000,10.000000,86,negative_midday,clock,1.545000,0.225000,10.000000,10.000000
0.000000,0.880000,10.000000,86,negative_midday,forecast,1.770000,-0.000000,10.000000,10.000000
0.000000,0.880000,10.000000,86,negative_midday,hindsight,1.770000,-0.000000,10.000000,10.000000
0.000000,0.880000,10.000000,87,flat_missed_event,idle,0.000000,0.000000,10.000000,10.000000
0.000000,0.880000,10.000000,87,flat_missed_event,clock,-0.072000,0.072000,10.000000,10.000000
0.000000,0.880000,10.000000,87,flat_missed_event,forecast,0.000000,0.000000,10.000000,10.000000
0.000000,0.880000,10.000000,87,flat_missed_event,hindsight,0.000000,0.000000,10.000000,10.000000
0.000000,0.880000,10.000000,88,evening_peak,idle,0.000000,1.095000,10.000000,10.000000
0.000000,0.880000,10.000000,88,evening_peak,clock,1.095000,-0.000000,10.000000,10.000000
0.000000,0.880000,10.000000,88,evening_peak,forecast,1.095000,-0.000000,10.000000,10.000000
0.000000,0.880000,10.000000,88,evening_peak,hindsight,1.095000,-0.000000,10.000000,10.000000
0.000000,0.880000,10.000000,89,scarcity_peak,idle,0.000000,2.595000,10.000000,10.000000
0.000000,0.880000,10.000000,89,scarcity_peak,clock,2.055000,0.540000,10.000000,10.000000
0.000000,0.880000,10.000000,89,scarcity_peak,forecast,2.595000,0.000000,10.000000,10.000000
0.000000,0.880000,10.000000,89,scarcity_peak,hindsight,2.595000,0.000000,10.000000,10.000000
0.000000,0.880000,10.000000,90,negative_midday,idle,0.000000,1.770000,10.000000,10.000000
0.000000,0.880000,10.000000,90,negative_midday,clock,1.545000,0.225000,10.000000,10.000000
0.000000,0.880000,10.000000,90,negative_midday,forecast,1.770000,-0.000000,10.000000,10.000000
0.000000,0.880000,10.000000,90,negative_midday,hindsight,1.770000,-0.000000,10.000000,10.000000
0.000000,0.880000,10.000000,91,flat_missed_event,idle,0.000000,0.000000,10.000000,10.000000
0.000000,0.880000,10.000000,91,flat_missed_event,clock,-0.072000,0.072000,10.000000,10.000000
0.000000,0.880000,10.000000,91,flat_missed_event,forecast,0.000000,0.000000,10.000000,10.000000
0.000000,0.880000,10.000000,91,flat_missed_event,hindsight,0.000000,0.000000,10.000000,10.000000
0.000000,0.880000,10.000000,92,evening_peak,idle,0.000000,1.095000,10.000000,10.000000
0.000000,0.880000,10.000000,92,evening_peak,clock,1.095000,-0.000000,10.000000,10.000000
0.000000,0.880000,10.000000,92,evening_peak,forecast,1.095000,-0.000000,10.000000,10.000000
0.000000,0.880000,10.000000,92,evening_peak,hindsight,1.095000,-0.000000,10.000000,10.000000
0.000000,0.880000,10.000000,93,scarcity_peak,idle,0.000000,2.595000,10.000000,10.000000
0.000000,0.880000,10.000000,93,scarcity_peak,clock,2.055000,0.540000,10.000000,10.000000
0.000000,0.880000,10.000000,93,scarcity_peak,forecast,2.595000,0.000000,10.000000,10.000000
0.000000,0.880000,10.000000,93,scarcity_peak,hindsight,2.595000,0.000000,10.000000,10.000000
0.000000,0.880000,10.000000,94,negative_midday,idle,0.000000,1.770000,10.000000,10.000000
0.000000,0.880000,10.000000,94,negative_midday,clock,1.545000,0.225000,10.000000,10.000000
0.000000,0.880000,10.000000,94,negative_midday,forecast,1.770000,-0.000000,10.000000,10.000000
0.000000,0.880000,10.000000,94,negative_midday,hindsight,1.770000,-0.000000,10.000000,10.000000
0.000000,0.880000,10.000000,95,flat_missed_event,idle,0.000000,0.000000,10.000000,10.000000
0.000000,0.880000,10.000000,95,flat_missed_event,clock,-0.072000,0.072000,10.000000,10.000000
0.000000,0.880000,10.000000,95,flat_missed_event,forecast,0.000000,0.000000,10.000000,10.000000
0.000000,0.880000,10.000000,95,flat_missed_event,hindsight,0.000000,0.000000,10.000000,10.000000
0.000000,0.880000,10.000000,96,evening_peak,idle,0.000000,1.095000,10.000000,10.000000
0.000000,0.880000,10.000000,96,evening_peak,clock,1.095000,-0.000000,10.000000,10.000000
0.000000,0.880000,10.000000,96,evening_peak,forecast,1.095000,-0.000000,10.000000,10.000000
0.000000,0.880000,10.000000,96,evening_peak,hindsight,1.095000,-0.000000,10.000000,10.000000
0.000000,0.880000,10.000000,97,scarcity_peak,idle,0.000000,2.595000,10.000000,10.000000
0.000000,0.880000,10.000000,97,scarcity_peak,clock,2.055000,0.540000,10.000000,10.000000
0.000000,0.880000,10.000000,97,scarcity_peak,forecast,2.595000,0.000000,10.000000,10.000000
0.000000,0.880000,10.000000,97,scarcity_peak,hindsight,2.595000,0.000000,10.000000,10.000000
0.000000,0.880000,10.000000,98,negative_midday,idle,0.000000,1.770000,10.000000,10.000000
0.000000,0.880000,10.000000,98,negative_midday,clock,1.545000,0.225000,10.000000,10.000000
0.000000,0.880000,10.000000,98,negative_midday,forecast,1.770000,-0.000000,10.000000,10.000000
0.000000,0.880000,10.000000,98,negative_midday,hindsight,1.770000,-0.000000,10.000000,10.000000
0.000000,0.880000,10.000000,99,flat_missed_event,idle,0.000000,0.000000,10.000000,10.000000
0.000000,0.880000,10.000000,99,flat_missed_event,clock,-0.072000,0.072000,10.000000,10.000000
0.000000,0.880000,10.000000,99,flat_missed_event,forecast,0.000000,0.000000,10.000000,10.000000
0.000000,0.880000,10.000000,99,flat_missed_event,hindsight,0.000000,0.000000,10.000000,10.000000
0.000000,0.880000,10.000000,100,evening_peak,idle,0.000000,1.095000,10.000000,10.000000
0.000000,0.880000,10.000000,100,evening_peak,clock,1.095000,-0.000000,10.000000,10.000000
0.000000,0.880000,10.000000,100,evening_peak,forecast,1.095000,-0.000000,10.000000,10.000000
0.000000,0.880000,10.000000,100,evening_peak,hindsight,1.095000,-0.000000,10.000000,10.000000
0.000000,0.880000,10.000000,101,scarcity_peak,idle,0.000000,2.595000,10.000000,10.000000
0.000000,0.880000,10.000000,101,scarcity_peak,clock,2.055000,0.540000,10.000000,10.000000
0.000000,0.880000,10.000000,101,scarcity_peak,forecast,2.595000,0.000000,10.000000,10.000000
0.000000,0.880000,10.000000,101,scarcity_peak,hindsight,2.595000,0.000000,10.000000,10.000000
0.000000,0.880000,10.000000,102,negative_midday,idle,0.000000,1.770000,10.000000,10.000000
0.000000,0.880000,10.000000,102,negative_midday,clock,1.545000,0.225000,10.000000,10.000000
0.000000,0.880000,10.000000,102,negative_midday,forecast,1.770000,-0.000000,10.000000,10.000000
0.000000,0.880000,10.000000,102,negative_midday,hindsight,1.770000,-0.000000,10.000000,10.000000
0.000000,0.880000,10.000000,103,flat_missed_event,idle,0.000000,0.000000,10.000000,10.000000
0.000000,0.880000,10.000000,103,flat_missed_event,clock,-0.072000,0.072000,10.000000,10.000000
0.000000,0.880000,10.000000,103,flat_missed_event,forecast,0.000000,0.000000,10.000000,10.000000
0.000000,0.880000,10.000000,103,flat_missed_event,hindsight,0.000000,0.000000,10.000000,10.000000
0.000000,0.880000,10.000000,104,evening_peak,idle,0.000000,1.095000,10.000000,10.000000
0.000000,0.880000,10.000000,104,evening_peak,clock,1.095000,-0.000000,10.000000,10.000000
0.000000,0.880000,10.000000,104,evening_peak,forecast,1.095000,-0.000000,10.000000,10.000000
0.000000,0.880000,10.000000,104,evening_peak,hindsight,1.095000,-0.000000,10.000000,10.000000
0.000000,0.880000,10.000000,105,scarcity_peak,idle,0.000000,2.595000,10.000000,10.000000
0.000000,0.880000,10.000000,105,scarcity_peak,clock,2.055000,0.540000,10.000000,10.000000
0.000000,0.880000,10.000000,105,scarcity_peak,forecast,2.595000,0.000000,10.000000,10.000000
0.000000,0.880000,10.000000,105,scarcity_peak,hindsight,2.595000,0.000000,10.000000,10.000000
0.000000,0.880000,10.000000,106,negative_midday,idle,0.000000,1.770000,10.000000,10.000000
0.000000,0.880000,10.000000,106,negative_midday,clock,1.545000,0.225000,10.000000,10.000000
0.000000,0.880000,10.000000,106,negative_midday,forecast,1.770000,-0.000000,10.000000,10.000000
0.000000,0.880000,10.000000,106,negative_midday,hindsight,1.770000,-0.000000,10.000000,10.000000
0.000000,0.880000,10.000000,107,flat_missed_event,idle,0.000000,0.000000,10.000000,10.000000
0.000000,0.880000,10.000000,107,flat_missed_event,clock,-0.072000,0.072000,10.000000,10.000000
0.000000,0.880000,10.000000,107,flat_missed_event,forecast,0.000000,0.000000,10.000000,10.000000
0.000000,0.880000,10.000000,107,flat_missed_event,hindsight,0.000000,0.000000,10.000000,10.000000
0.000000,0.880000,10.000000,108,evening_peak,idle,0.000000,1.095000,10.000000,10.000000
0.000000,0.880000,10.000000,108,evening_peak,clock,1.095000,-0.000000,10.000000,10.000000
0.000000,0.880000,10.000000,108,evening_peak,forecast,1.095000,-0.000000,10.000000,10.000000
0.000000,0.880000,10.000000,108,evening_peak,hindsight,1.095000,-0.000000,10.000000,10.000000
0.000000,0.880000,10.000000,109,scarcity_peak,idle,0.000000,2.595000,10.000000,10.000000
0.000000,0.880000,10.000000,109,scarcity_peak,clock,2.055000,0.540000,10.000000,10.000000
0.000000,0.880000,10.000000,109,scarcity_peak,forecast,2.595000,0.000000,10.000000,10.000000
0.000000,0.880000,10.000000,109,scarcity_peak,hindsight,2.595000,0.000000,10.000000,10.000000
0.000000,0.880000,10.000000,110,negative_midday,idle,0.000000,1.770000,10.000000,10.000000
0.000000,0.880000,10.000000,110,negative_midday,clock,1.545000,0.225000,10.000000,10.000000
0.000000,0.880000,10.000000,110,negative_midday,forecast,1.770000,-0.000000,10.000000,10.000000
0.000000,0.880000,10.000000,110,negative_midday,hindsight,1.770000,-0.000000,10.000000,10.000000
0.000000,0.880000,10.000000,111,flat_missed_event,idle,0.000000,0.000000,10.000000,10.000000
0.000000,0.880000,10.000000,111,flat_missed_event,clock,-0.072000,0.072000,10.000000,10.000000
0.000000,0.880000,10.000000,111,flat_missed_event,forecast,0.000000,0.000000,10.000000,10.000000
0.000000,0.880000,10.000000,111,flat_missed_event,hindsight,0.000000,0.000000,10.000000,10.000000
0.000000,0.880000,10.000000,112,evening_peak,idle,0.000000,1.095000,10.000000,10.000000
0.000000,0.880000,10.000000,112,evening_peak,clock,1.095000,-0.000000,10.000000,10.000000
0.000000,0.880000,10.000000,112,evening_peak,forecast,1.095000,-0.000000,10.000000,10.000000
0.000000,0.880000,10.000000,112,evening_peak,hindsight,1.095000,-0.000000,10.000000,10.000000
0.000000,0.880000,10.000000,113,scarcity_peak,idle,0.000000,2.595000,10.000000,10.000000
0.000000,0.880000,10.000000,113,scarcity_peak,clock,2.055000,0.540000,10.000000,10.000000
0.000000,0.880000,10.000000,113,scarcity_peak,forecast,2.595000,0.000000,10.000000,10.000000
0.000000,0.880000,10.000000,113,scarcity_peak,hindsight,2.595000,0.000000,10.000000,10.000000
0.000000,0.880000,10.000000,114,negative_midday,idle,0.000000,1.770000,10.000000,10.000000
0.000000,0.880000,10.000000,114,negative_midday,clock,1.545000,0.225000,10.000000,10.000000
0.000000,0.880000,10.000000,114,negative_midday,forecast,1.770000,-0.000000,10.000000,10.000000
0.000000,0.880000,10.000000,114,negative_midday,hindsight,1.770000,-0.000000,10.000000,10.000000
0.000000,0.880000,10.000000,115,flat_missed_event,idle,0.000000,0.000000,10.000000,10.000000
0.000000,0.880000,10.000000,115,flat_missed_event,clock,-0.072000,0.072000,10.000000,10.000000
0.000000,0.880000,10.000000,115,flat_missed_event,forecast,0.000000,0.000000,10.000000,10.000000
0.000000,0.880000,10.000000,115,flat_missed_event,hindsight,0.000000,0.000000,10.000000,10.000000
0.000000,0.880000,10.000000,116,evening_peak,idle,0.000000,1.095000,10.000000,10.000000
0.000000,0.880000,10.000000,116,evening_peak,clock,1.095000,-0.000000,10.000000,10.000000
0.000000,0.880000,10.000000,116,evening_peak,forecast,1.095000,-0.000000,10.000000,10.000000
0.000000,0.880000,10.000000,116,evening_peak,hindsight,1.095000,-0.000000,10.000000,10.000000
0.000000,0.880000,10.000000,117,scarcity_peak,idle,0.000000,2.595000,10.000000,10.000000
0.000000,0.880000,10.000000,117,scarcity_peak,clock,2.055000,0.540000,10.000000,10.000000
0.000000,0.880000,10.000000,117,scarcity_peak,forecast,2.595000,0.000000,10.000000,10.000000
0.000000,0.880000,10.000000,117,scarcity_peak,hindsight,2.595000,0.000000,10.000000,10.000000
0.000000,0.880000,10.000000,118,negative_midday,idle,0.000000,1.770000,10.000000,10.000000
0.000000,0.880000,10.000000,118,negative_midday,clock,1.545000,0.225000,10.000000,10.000000
0.000000,0.880000,10.000000,118,negative_midday,forecast,1.770000,-0.000000,10.000000,10.000000
0.000000,0.880000,10.000000,118,negative_midday,hindsight,1.770000,-0.000000,10.000000,10.000000
0.000000,0.880000,10.000000,119,flat_missed_event,idle,0.000000,0.000000,10.000000,10.000000
0.000000,0.880000,10.000000,119,flat_missed_event,clock,-0.072000,0.072000,10.000000,10.000000
0.000000,0.880000,10.000000,119,flat_missed_event,forecast,0.000000,0.000000,10.000000,10.000000
0.000000,0.880000,10.000000,119,flat_missed_event,hindsight,0.000000,0.000000,10.000000,10.000000
30.000000,1.000000,0.000000,0,evening_peak,idle,0.000000,2.298068,0.000000,0.000000
30.000000,1.000000,0.000000,0,evening_peak,clock,2.095555,0.202513,0.000000,0.000000
30.000000,1.000000,0.000000,0,evening_peak,forecast,2.095555,0.202513,0.000000,0.000000
30.000000,1.000000,0.000000,0,evening_peak,hindsight,2.298068,0.000000,0.000000,0.000000
30.000000,1.000000,0.000000,1,scarcity_peak,idle,0.000000,3.827903,0.000000,0.000000
30.000000,1.000000,0.000000,1,scarcity_peak,clock,3.541577,0.286326,0.000000,0.000000
30.000000,1.000000,0.000000,1,scarcity_peak,forecast,3.541577,0.286326,0.000000,0.000000
30.000000,1.000000,0.000000,1,scarcity_peak,hindsight,3.827903,-0.000000,0.000000,0.000000
30.000000,1.000000,0.000000,2,negative_midday,idle,0.000000,2.495371,0.000000,0.000000
30.000000,1.000000,0.000000,2,negative_midday,clock,1.853109,0.642262,0.000000,0.000000
30.000000,1.000000,0.000000,2,negative_midday,forecast,1.853109,0.642262,0.000000,0.000000
30.000000,1.000000,0.000000,2,negative_midday,hindsight,2.495371,-0.000000,0.000000,0.000000
30.000000,1.000000,0.000000,3,flat_missed_event,idle,0.000000,1.669843,0.000000,0.000000
30.000000,1.000000,0.000000,3,flat_missed_event,clock,-0.158768,1.828611,0.000000,0.000000
30.000000,1.000000,0.000000,3,flat_missed_event,forecast,0.000000,1.669843,0.000000,0.000000
30.000000,1.000000,0.000000,3,flat_missed_event,hindsight,1.669843,0.000000,0.000000,0.000000
30.000000,1.000000,0.000000,4,evening_peak,idle,0.000000,1.917187,0.000000,0.000000
30.000000,1.000000,0.000000,4,evening_peak,clock,1.195261,0.721926,0.000000,0.000000
30.000000,1.000000,0.000000,4,evening_peak,forecast,1.195261,0.721926,0.000000,0.000000
30.000000,1.000000,0.000000,4,evening_peak,hindsight,1.917187,0.000000,0.000000,0.000000
30.000000,1.000000,0.000000,5,scarcity_peak,idle,0.000000,3.670596,0.000000,0.000000
30.000000,1.000000,0.000000,5,scarcity_peak,clock,3.223710,0.446886,0.000000,0.000000
30.000000,1.000000,0.000000,5,scarcity_peak,forecast,3.223710,0.446886,0.000000,0.000000
30.000000,1.000000,0.000000,5,scarcity_peak,hindsight,3.670596,-0.000000,0.000000,0.000000
30.000000,1.000000,0.000000,6,negative_midday,idle,0.000000,3.000694,0.000000,0.000000
30.000000,1.000000,0.000000,6,negative_midday,clock,2.725312,0.275382,0.000000,0.000000
30.000000,1.000000,0.000000,6,negative_midday,forecast,2.725312,0.275382,0.000000,0.000000
30.000000,1.000000,0.000000,6,negative_midday,hindsight,3.000694,0.000000,0.000000,0.000000
30.000000,1.000000,0.000000,7,flat_missed_event,idle,0.000000,1.644854,0.000000,0.000000
30.000000,1.000000,0.000000,7,flat_missed_event,clock,0.259431,1.385423,0.000000,0.000000
30.000000,1.000000,0.000000,7,flat_missed_event,forecast,0.000000,1.644854,0.000000,0.000000
30.000000,1.000000,0.000000,7,flat_missed_event,hindsight,1.644854,0.000000,0.000000,0.000000
30.000000,1.000000,0.000000,8,evening_peak,idle,0.000000,2.443530,0.000000,0.000000
30.000000,1.000000,0.000000,8,evening_peak,clock,1.698607,0.744923,0.000000,0.000000
30.000000,1.000000,0.000000,8,evening_peak,forecast,1.698607,0.744923,0.000000,0.000000
30.000000,1.000000,0.000000,8,evening_peak,hindsight,2.443530,0.000000,0.000000,0.000000
30.000000,1.000000,0.000000,9,scarcity_peak,idle,0.000000,3.726897,0.000000,0.000000
30.000000,1.000000,0.000000,9,scarcity_peak,clock,3.226205,0.500693,0.000000,0.000000
30.000000,1.000000,0.000000,9,scarcity_peak,forecast,3.226205,0.500693,0.000000,0.000000
30.000000,1.000000,0.000000,9,scarcity_peak,hindsight,3.726897,0.000000,0.000000,0.000000
30.000000,1.000000,0.000000,10,negative_midday,idle,0.000000,2.720031,0.000000,0.000000
30.000000,1.000000,0.000000,10,negative_midday,clock,2.395425,0.324606,0.000000,0.000000
30.000000,1.000000,0.000000,10,negative_midday,forecast,2.395425,0.324606,0.000000,0.000000
30.000000,1.000000,0.000000,10,negative_midday,hindsight,2.720031,-0.000000,0.000000,0.000000
30.000000,1.000000,0.000000,11,flat_missed_event,idle,0.000000,1.384374,0.000000,0.000000
30.000000,1.000000,0.000000,11,flat_missed_event,clock,0.252707,1.131667,0.000000,0.000000
30.000000,1.000000,0.000000,11,flat_missed_event,forecast,0.000000,1.384374,0.000000,0.000000
30.000000,1.000000,0.000000,11,flat_missed_event,hindsight,1.384374,0.000000,0.000000,0.000000
30.000000,1.000000,0.000000,12,evening_peak,idle,0.000000,2.901986,0.000000,0.000000
30.000000,1.000000,0.000000,12,evening_peak,clock,2.540085,0.361901,0.000000,0.000000
30.000000,1.000000,0.000000,12,evening_peak,forecast,2.540085,0.361901,0.000000,0.000000
30.000000,1.000000,0.000000,12,evening_peak,hindsight,2.901986,-0.000000,0.000000,0.000000
30.000000,1.000000,0.000000,13,scarcity_peak,idle,0.000000,3.557879,0.000000,0.000000
30.000000,1.000000,0.000000,13,scarcity_peak,clock,3.042322,0.515557,0.000000,0.000000
30.000000,1.000000,0.000000,13,scarcity_peak,forecast,3.042322,0.515557,0.000000,0.000000
30.000000,1.000000,0.000000,13,scarcity_peak,hindsight,3.557879,0.000000,0.000000,0.000000
30.000000,1.000000,0.000000,14,negative_midday,idle,0.000000,3.003335,0.000000,0.000000
30.000000,1.000000,0.000000,14,negative_midday,clock,2.299012,0.704323,0.000000,0.000000
30.000000,1.000000,0.000000,14,negative_midday,forecast,2.299012,0.704323,0.000000,0.000000
30.000000,1.000000,0.000000,14,negative_midday,hindsight,3.003335,0.000000,0.000000,0.000000
30.000000,1.000000,0.000000,15,flat_missed_event,idle,0.000000,1.672907,0.000000,0.000000
30.000000,1.000000,0.000000,15,flat_missed_event,clock,0.146746,1.526161,0.000000,0.000000
30.000000,1.000000,0.000000,15,flat_missed_event,forecast,0.000000,1.672907,0.000000,0.000000
30.000000,1.000000,0.000000,15,flat_missed_event,hindsight,1.672907,0.000000,0.000000,0.000000
30.000000,1.000000,0.000000,16,evening_peak,idle,0.000000,2.198475,0.000000,0.000000
30.000000,1.000000,0.000000,16,evening_peak,clock,1.512313,0.686161,0.000000,0.000000
30.000000,1.000000,0.000000,16,evening_peak,forecast,1.512313,0.686161,0.000000,0.000000
30.000000,1.000000,0.000000,16,evening_peak,hindsight,2.198475,0.000000,0.000000,0.000000
30.000000,1.000000,0.000000,17,scarcity_peak,idle,0.000000,4.201362,0.000000,0.000000
30.000000,1.000000,0.000000,17,scarcity_peak,clock,3.492940,0.708421,0.000000,0.000000
30.000000,1.000000,0.000000,17,scarcity_peak,forecast,3.492940,0.708421,0.000000,0.000000
30.000000,1.000000,0.000000,17,scarcity_peak,hindsight,4.201362,-0.000000,0.000000,0.000000
30.000000,1.000000,0.000000,18,negative_midday,idle,0.000000,2.689460,0.000000,0.000000
30.000000,1.000000,0.000000,18,negative_midday,clock,2.326056,0.363404,0.000000,0.000000
30.000000,1.000000,0.000000,18,negative_midday,forecast,2.326056,0.363404,0.000000,0.000000
30.000000,1.000000,0.000000,18,negative_midday,hindsight,2.689460,-0.000000,0.000000,0.000000
30.000000,1.000000,0.000000,19,flat_missed_event,idle,0.000000,1.592307,0.000000,0.000000
30.000000,1.000000,0.000000,19,flat_missed_event,clock,0.057961,1.534345,0.000000,0.000000
30.000000,1.000000,0.000000,19,flat_missed_event,forecast,0.000000,1.592307,0.000000,0.000000
30.000000,1.000000,0.000000,19,flat_missed_event,hindsight,1.592307,-0.000000,0.000000,0.000000
30.000000,1.000000,0.000000,20,evening_peak,idle,0.000000,2.296673,0.000000,0.000000
30.000000,1.000000,0.000000,20,evening_peak,clock,1.963304,0.333369,0.000000,0.000000
30.000000,1.000000,0.000000,20,evening_peak,forecast,1.963304,0.333369,0.000000,0.000000
30.000000,1.000000,0.000000,20,evening_peak,hindsight,2.296673,0.000000,0.000000,0.000000
30.000000,1.000000,0.000000,21,scarcity_peak,idle,0.000000,3.933090,0.000000,0.000000
30.000000,1.000000,0.000000,21,scarcity_peak,clock,3.146602,0.786487,0.000000,0.000000
30.000000,1.000000,0.000000,21,scarcity_peak,forecast,3.146602,0.786487,0.000000,0.000000
30.000000,1.000000,0.000000,21,scarcity_peak,hindsight,3.933090,-0.000000,0.000000,0.000000
30.000000,1.000000,0.000000,22,negative_midday,idle,0.000000,2.755842,0.000000,0.000000
30.000000,1.000000,0.000000,22,negative_midday,clock,2.146028,0.609813,0.000000,0.000000
30.000000,1.000000,0.000000,22,negative_midday,forecast,2.146028,0.609813,0.000000,0.000000
30.000000,1.000000,0.000000,22,negative_midday,hindsight,2.755842,0.000000,0.000000,0.000000
30.000000,1.000000,0.000000,23,flat_missed_event,idle,0.000000,1.158049,0.000000,0.000000
30.000000,1.000000,0.000000,23,flat_missed_event,clock,-0.263858,1.421907,0.000000,0.000000
30.000000,1.000000,0.000000,23,flat_missed_event,forecast,0.000000,1.158049,0.000000,0.000000
30.000000,1.000000,0.000000,23,flat_missed_event,hindsight,1.158049,0.000000,0.000000,0.000000
30.000000,1.000000,0.000000,24,evening_peak,idle,0.000000,2.012117,0.000000,0.000000
30.000000,1.000000,0.000000,24,evening_peak,clock,1.813190,0.198926,0.000000,0.000000
30.000000,1.000000,0.000000,24,evening_peak,forecast,1.813190,0.198926,0.000000,0.000000
30.000000,1.000000,0.000000,24,evening_peak,hindsight,2.012117,0.000000,0.000000,0.000000
30.000000,1.000000,0.000000,25,scarcity_peak,idle,0.000000,3.775373,0.000000,0.000000
30.000000,1.000000,0.000000,25,scarcity_peak,clock,3.311500,0.463873,0.000000,0.000000
30.000000,1.000000,0.000000,25,scarcity_peak,forecast,3.311500,0.463873,0.000000,0.000000
30.000000,1.000000,0.000000,25,scarcity_peak,hindsight,3.775373,0.000000,0.000000,0.000000
30.000000,1.000000,0.000000,26,negative_midday,idle,0.000000,2.555382,0.000000,0.000000
30.000000,1.000000,0.000000,26,negative_midday,clock,1.790593,0.764789,0.000000,0.000000
30.000000,1.000000,0.000000,26,negative_midday,forecast,1.790593,0.764789,0.000000,0.000000
30.000000,1.000000,0.000000,26,negative_midday,hindsight,2.555382,-0.000000,0.000000,0.000000
30.000000,1.000000,0.000000,27,flat_missed_event,idle,0.000000,1.172383,0.000000,0.000000
30.000000,1.000000,0.000000,27,flat_missed_event,clock,-0.360554,1.532937,0.000000,0.000000
30.000000,1.000000,0.000000,27,flat_missed_event,forecast,0.000000,1.172383,0.000000,0.000000
30.000000,1.000000,0.000000,27,flat_missed_event,hindsight,1.172383,0.000000,0.000000,0.000000
30.000000,1.000000,0.000000,28,evening_peak,idle,0.000000,2.452331,0.000000,0.000000
30.000000,1.000000,0.000000,28,evening_peak,clock,1.980823,0.471508,0.000000,0.000000
30.000000,1.000000,0.000000,28,evening_peak,forecast,1.980823,0.471508,0.000000,0.000000
30.000000,1.000000,0.000000,28,evening_peak,hindsight,2.452331,0.000000,0.000000,0.000000
30.000000,1.000000,0.000000,29,scarcity_peak,idle,0.000000,4.213325,0.000000,0.000000
30.000000,1.000000,0.000000,29,scarcity_peak,clock,3.370664,0.842661,0.000000,0.000000
30.000000,1.000000,0.000000,29,scarcity_peak,forecast,3.370664,0.842661,0.000000,0.000000
30.000000,1.000000,0.000000,29,scarcity_peak,hindsight,4.213325,0.000000,0.000000,0.000000
30.000000,1.000000,0.000000,30,negative_midday,idle,0.000000,2.932218,0.000000,0.000000
30.000000,1.000000,0.000000,30,negative_midday,clock,2.439692,0.492526,0.000000,0.000000
30.000000,1.000000,0.000000,30,negative_midday,forecast,2.439692,0.492526,0.000000,0.000000
30.000000,1.000000,0.000000,30,negative_midday,hindsight,2.932218,0.000000,0.000000,0.000000
30.000000,1.000000,0.000000,31,flat_missed_event,idle,0.000000,1.340707,0.000000,0.000000
30.000000,1.000000,0.000000,31,flat_missed_event,clock,-0.470795,1.811502,0.000000,0.000000
30.000000,1.000000,0.000000,31,flat_missed_event,forecast,0.000000,1.340707,0.000000,0.000000
30.000000,1.000000,0.000000,31,flat_missed_event,hindsight,1.340707,-0.000000,0.000000,0.000000
30.000000,1.000000,0.000000,32,evening_peak,idle,0.000000,2.088729,0.000000,0.000000
30.000000,1.000000,0.000000,32,evening_peak,clock,1.837043,0.251686,0.000000,0.000000
30.000000,1.000000,0.000000,32,evening_peak,forecast,1.837043,0.251686,0.000000,0.000000
30.000000,1.000000,0.000000,32,evening_peak,hindsight,2.088729,0.000000,0.000000,0.000000
30.000000,1.000000,0.000000,33,scarcity_peak,idle,0.000000,3.385292,0.000000,0.000000
30.000000,1.000000,0.000000,33,scarcity_peak,clock,3.025747,0.359545,0.000000,0.000000
30.000000,1.000000,0.000000,33,scarcity_peak,forecast,3.025747,0.359545,0.000000,0.000000
30.000000,1.000000,0.000000,33,scarcity_peak,hindsight,3.385292,-0.000000,0.000000,0.000000
30.000000,1.000000,0.000000,34,negative_midday,idle,0.000000,3.359862,0.000000,0.000000
30.000000,1.000000,0.000000,34,negative_midday,clock,2.860720,0.499142,0.000000,0.000000
30.000000,1.000000,0.000000,34,negative_midday,forecast,2.860720,0.499142,0.000000,0.000000
30.000000,1.000000,0.000000,34,negative_midday,hindsight,3.359862,0.000000,0.000000,0.000000
30.000000,1.000000,0.000000,35,flat_missed_event,idle,0.000000,1.385203,0.000000,0.000000
30.000000,1.000000,0.000000,35,flat_missed_event,clock,-0.351139,1.736341,0.000000,0.000000
30.000000,1.000000,0.000000,35,flat_missed_event,forecast,0.000000,1.385203,0.000000,0.000000
30.000000,1.000000,0.000000,35,flat_missed_event,hindsight,1.385203,0.000000,0.000000,0.000000
30.000000,1.000000,0.000000,36,evening_peak,idle,0.000000,2.147247,0.000000,0.000000
30.000000,1.000000,0.000000,36,evening_peak,clock,1.694797,0.452450,0.000000,0.000000
30.000000,1.000000,0.000000,36,evening_peak,forecast,1.694797,0.452450,0.000000,0.000000
30.000000,1.000000,0.000000,36,evening_peak,hindsight,2.147247,0.000000,0.000000,0.000000
30.000000,1.000000,0.000000,37,scarcity_peak,idle,0.000000,4.220395,0.000000,0.000000
30.000000,1.000000,0.000000,37,scarcity_peak,clock,3.764600,0.455795,0.000000,0.000000
30.000000,1.000000,0.000000,37,scarcity_peak,forecast,3.764600,0.455795,0.000000,0.000000
30.000000,1.000000,0.000000,37,scarcity_peak,hindsight,4.220395,0.000000,0.000000,0.000000
30.000000,1.000000,0.000000,38,negative_midday,idle,0.000000,2.396198,0.000000,0.000000
30.000000,1.000000,0.000000,38,negative_midday,clock,2.015886,0.380313,0.000000,0.000000
30.000000,1.000000,0.000000,38,negative_midday,forecast,2.015886,0.380313,0.000000,0.000000
30.000000,1.000000,0.000000,38,negative_midday,hindsight,2.396198,0.000000,0.000000,0.000000
30.000000,1.000000,0.000000,39,flat_missed_event,idle,0.000000,1.583265,0.000000,0.000000
30.000000,1.000000,0.000000,39,flat_missed_event,clock,0.207966,1.375299,0.000000,0.000000
30.000000,1.000000,0.000000,39,flat_missed_event,forecast,0.000000,1.583265,0.000000,0.000000
30.000000,1.000000,0.000000,39,flat_missed_event,hindsight,1.583265,0.000000,0.000000,0.000000
30.000000,1.000000,0.000000,40,evening_peak,idle,0.000000,2.702641,0.000000,0.000000
30.000000,1.000000,0.000000,40,evening_peak,clock,2.249365,0.453276,0.000000,0.000000
30.000000,1.000000,0.000000,40,evening_peak,forecast,2.249365,0.453276,0.000000,0.000000
30.000000,1.000000,0.000000,40,evening_peak,hindsight,2.702641,0.000000,0.000000,0.000000
30.000000,1.000000,0.000000,41,scarcity_peak,idle,0.000000,3.623751,0.000000,0.000000
30.000000,1.000000,0.000000,41,scarcity_peak,clock,3.042840,0.580912,0.000000,0.000000
30.000000,1.000000,0.000000,41,scarcity_peak,forecast,3.042840,0.580912,0.000000,0.000000
30.000000,1.000000,0.000000,41,scarcity_peak,hindsight,3.623751,0.000000,0.000000,0.000000
30.000000,1.000000,0.000000,42,negative_midday,idle,0.000000,2.638402,0.000000,0.000000
30.000000,1.000000,0.000000,42,negative_midday,clock,2.182178,0.456223,0.000000,0.000000
30.000000,1.000000,0.000000,42,negative_midday,forecast,2.182178,0.456223,0.000000,0.000000
30.000000,1.000000,0.000000,42,negative_midday,hindsight,2.638402,0.000000,0.000000,0.000000
30.000000,1.000000,0.000000,43,flat_missed_event,idle,0.000000,1.202442,0.000000,0.000000
30.000000,1.000000,0.000000,43,flat_missed_event,clock,-0.256018,1.458461,0.000000,0.000000
30.000000,1.000000,0.000000,43,flat_missed_event,forecast,0.000000,1.202442,0.000000,0.000000
30.000000,1.000000,0.000000,43,flat_missed_event,hindsight,1.202442,0.000000,0.000000,0.000000
30.000000,1.000000,0.000000,44,evening_peak,idle,0.000000,2.276359,0.000000,0.000000
30.000000,1.000000,0.000000,44,evening_peak,clock,1.940518,0.335841,0.000000,0.000000
30.000000,1.000000,0.000000,44,evening_peak,forecast,1.940518,0.335841,0.000000,0.000000
30.000000,1.000000,0.000000,44,evening_peak,hindsight,2.276359,0.000000,0.000000,0.000000
30.000000,1.000000,0.000000,45,scarcity_peak,idle,0.000000,3.673684,0.000000,0.000000
30.000000,1.000000,0.000000,45,scarcity_peak,clock,3.248235,0.425450,0.000000,0.000000
30.000000,1.000000,0.000000,45,scarcity_peak,forecast,3.248235,0.425450,0.000000,0.000000
30.000000,1.000000,0.000000,45,scarcity_peak,hindsight,3.673684,-0.000000,0.000000,0.000000
30.000000,1.000000,0.000000,46,negative_midday,idle,0.000000,3.353626,0.000000,0.000000
30.000000,1.000000,0.000000,46,negative_midday,clock,2.727506,0.626121,0.000000,0.000000
30.000000,1.000000,0.000000,46,negative_midday,forecast,2.727506,0.626121,0.000000,0.000000
30.000000,1.000000,0.000000,46,negative_midday,hindsight,3.353626,0.000000,0.000000,0.000000
30.000000,1.000000,0.000000,47,flat_missed_event,idle,0.000000,1.228218,0.000000,0.000000
30.000000,1.000000,0.000000,47,flat_missed_event,clock,-0.167474,1.395692,0.000000,0.000000
30.000000,1.000000,0.000000,47,flat_missed_event,forecast,0.000000,1.228218,0.000000,0.000000
30.000000,1.000000,0.000000,47,flat_missed_event,hindsight,1.228218,0.000000,0.000000,0.000000
30.000000,1.000000,0.000000,48,evening_peak,idle,0.000000,2.303336,0.000000,0.000000
30.000000,1.000000,0.000000,48,evening_peak,clock,1.580173,0.723163,0.000000,0.000000
30.000000,1.000000,0.000000,48,evening_peak,forecast,1.580173,0.723163,0.000000,0.000000
30.000000,1.000000,0.000000,48,evening_peak,hindsight,2.303336,0.000000,0.000000,0.000000
30.000000,1.000000,0.000000,49,scarcity_peak,idle,0.000000,3.859236,0.000000,0.000000
30.000000,1.000000,0.000000,49,scarcity_peak,clock,3.492371,0.366864,0.000000,0.000000
30.000000,1.000000,0.000000,49,scarcity_peak,forecast,3.492371,0.366864,0.000000,0.000000
30.000000,1.000000,0.000000,49,scarcity_peak,hindsight,3.859236,0.000000,0.000000,0.000000
30.000000,1.000000,0.000000,50,negative_midday,idle,0.000000,2.667892,0.000000,0.000000
30.000000,1.000000,0.000000,50,negative_midday,clock,2.299287,0.368605,0.000000,0.000000
30.000000,1.000000,0.000000,50,negative_midday,forecast,2.299287,0.368605,0.000000,0.000000
30.000000,1.000000,0.000000,50,negative_midday,hindsight,2.667892,0.000000,0.000000,0.000000
30.000000,1.000000,0.000000,51,flat_missed_event,idle,0.000000,1.338902,0.000000,0.000000
30.000000,1.000000,0.000000,51,flat_missed_event,clock,0.008245,1.330658,0.000000,0.000000
30.000000,1.000000,0.000000,51,flat_missed_event,forecast,0.000000,1.338902,0.000000,0.000000
30.000000,1.000000,0.000000,51,flat_missed_event,hindsight,1.338902,0.000000,0.000000,0.000000
30.000000,1.000000,0.000000,52,evening_peak,idle,0.000000,2.300146,0.000000,0.000000
30.000000,1.000000,0.000000,52,evening_peak,clock,1.674353,0.625793,0.000000,0.000000
30.000000,1.000000,0.000000,52,evening_peak,forecast,1.674353,0.625793,0.000000,0.000000
30.000000,1.000000,0.000000,52,evening_peak,hindsight,2.300146,-0.000000,0.000000,0.000000
30.000000,1.000000,0.000000,53,scarcity_peak,idle,0.000000,3.057420,0.000000,0.000000
30.000000,1.000000,0.000000,53,scarcity_peak,clock,2.498077,0.559343,0.000000,0.000000
30.000000,1.000000,0.000000,53,scarcity_peak,forecast,2.498077,0.559343,0.000000,0.000000
30.000000,1.000000,0.000000,53,scarcity_peak,hindsight,3.057420,0.000000,0.000000,0.000000
30.000000,1.000000,0.000000,54,negative_midday,idle,0.000000,3.081523,0.000000,0.000000
30.000000,1.000000,0.000000,54,negative_midday,clock,2.517872,0.563650,0.000000,0.000000
30.000000,1.000000,0.000000,54,negative_midday,forecast,2.517872,0.563650,0.000000,0.000000
30.000000,1.000000,0.000000,54,negative_midday,hindsight,3.081523,0.000000,0.000000,0.000000
30.000000,1.000000,0.000000,55,flat_missed_event,idle,0.000000,1.585061,0.000000,0.000000
30.000000,1.000000,0.000000,55,flat_missed_event,clock,-0.162195,1.747256,0.000000,0.000000
30.000000,1.000000,0.000000,55,flat_missed_event,forecast,0.000000,1.585061,0.000000,0.000000
30.000000,1.000000,0.000000,55,flat_missed_event,hindsight,1.585061,0.000000,0.000000,0.000000
30.000000,1.000000,0.000000,56,evening_peak,idle,0.000000,2.460924,0.000000,0.000000
30.000000,1.000000,0.000000,56,evening_peak,clock,1.835548,0.625375,0.000000,0.000000
30.000000,1.000000,0.000000,56,evening_peak,forecast,1.835548,0.625375,0.000000,0.000000
30.000000,1.000000,0.000000,56,evening_peak,hindsight,2.460924,0.000000,0.000000,0.000000
30.000000,1.000000,0.000000,57,scarcity_peak,idle,0.000000,3.960323,0.000000,0.000000
30.000000,1.000000,0.000000,57,scarcity_peak,clock,3.358490,0.601833,0.000000,0.000000
30.000000,1.000000,0.000000,57,scarcity_peak,forecast,3.358490,0.601833,0.000000,0.000000
30.000000,1.000000,0.000000,57,scarcity_peak,hindsight,3.960323,0.000000,0.000000,0.000000
30.000000,1.000000,0.000000,58,negative_midday,idle,0.000000,3.476658,0.000000,0.000000
30.000000,1.000000,0.000000,58,negative_midday,clock,2.836733,0.639925,0.000000,0.000000
30.000000,1.000000,0.000000,58,negative_midday,forecast,2.836733,0.639925,0.000000,0.000000
30.000000,1.000000,0.000000,58,negative_midday,hindsight,3.476658,0.000000,0.000000,0.000000
30.000000,1.000000,0.000000,59,flat_missed_event,idle,0.000000,1.541253,0.000000,0.000000
30.000000,1.000000,0.000000,59,flat_missed_event,clock,-0.005604,1.546857,0.000000,0.000000
30.000000,1.000000,0.000000,59,flat_missed_event,forecast,0.000000,1.541253,0.000000,0.000000
30.000000,1.000000,0.000000,59,flat_missed_event,hindsight,1.541253,0.000000,0.000000,0.000000
30.000000,1.000000,0.000000,60,evening_peak,idle,0.000000,1.882321,0.000000,0.000000
30.000000,1.000000,0.000000,60,evening_peak,clock,1.248136,0.634186,0.000000,0.000000
30.000000,1.000000,0.000000,60,evening_peak,forecast,1.248136,0.634186,0.000000,0.000000
30.000000,1.000000,0.000000,60,evening_peak,hindsight,1.882321,0.000000,0.000000,0.000000
30.000000,1.000000,0.000000,61,scarcity_peak,idle,0.000000,3.906798,0.000000,0.000000
30.000000,1.000000,0.000000,61,scarcity_peak,clock,3.134098,0.772700,0.000000,0.000000
30.000000,1.000000,0.000000,61,scarcity_peak,forecast,3.134098,0.772700,0.000000,0.000000
30.000000,1.000000,0.000000,61,scarcity_peak,hindsight,3.906798,0.000000,0.000000,0.000000
30.000000,1.000000,0.000000,62,negative_midday,idle,0.000000,2.634423,0.000000,0.000000
30.000000,1.000000,0.000000,62,negative_midday,clock,2.222771,0.411652,0.000000,0.000000
30.000000,1.000000,0.000000,62,negative_midday,forecast,2.222771,0.411652,0.000000,0.000000
30.000000,1.000000,0.000000,62,negative_midday,hindsight,2.634423,0.000000,0.000000,0.000000
30.000000,1.000000,0.000000,63,flat_missed_event,idle,0.000000,1.564093,0.000000,0.000000
30.000000,1.000000,0.000000,63,flat_missed_event,clock,0.062839,1.501254,0.000000,0.000000
30.000000,1.000000,0.000000,63,flat_missed_event,forecast,0.000000,1.564093,0.000000,0.000000
30.000000,1.000000,0.000000,63,flat_missed_event,hindsight,1.564093,0.000000,0.000000,0.000000
30.000000,1.000000,0.000000,64,evening_peak,idle,0.000000,2.237573,0.000000,0.000000
30.000000,1.000000,0.000000,64,evening_peak,clock,1.691203,0.546370,0.000000,0.000000
30.000000,1.000000,0.000000,64,evening_peak,forecast,1.691203,0.546370,0.000000,0.000000
30.000000,1.000000,0.000000,64,evening_peak,hindsight,2.237573,0.000000,0.000000,0.000000
30.000000,1.000000,0.000000,65,scarcity_peak,idle,0.000000,3.976567,0.000000,0.000000
30.000000,1.000000,0.000000,65,scarcity_peak,clock,3.359475,0.617092,0.000000,0.000000
30.000000,1.000000,0.000000,65,scarcity_peak,forecast,3.359475,0.617092,0.000000,0.000000
30.000000,1.000000,0.000000,65,scarcity_peak,hindsight,3.976567,0.000000,0.000000,0.000000
30.000000,1.000000,0.000000,66,negative_midday,idle,0.000000,3.362922,0.000000,0.000000
30.000000,1.000000,0.000000,66,negative_midday,clock,2.955288,0.407634,0.000000,0.000000
30.000000,1.000000,0.000000,66,negative_midday,forecast,2.955288,0.407634,0.000000,0.000000
30.000000,1.000000,0.000000,66,negative_midday,hindsight,3.362922,0.000000,0.000000,0.000000
30.000000,1.000000,0.000000,67,flat_missed_event,idle,0.000000,1.469721,0.000000,0.000000
30.000000,1.000000,0.000000,67,flat_missed_event,clock,0.475387,0.994334,0.000000,0.000000
30.000000,1.000000,0.000000,67,flat_missed_event,forecast,0.000000,1.469721,0.000000,0.000000
30.000000,1.000000,0.000000,67,flat_missed_event,hindsight,1.469721,0.000000,0.000000,0.000000
30.000000,1.000000,0.000000,68,evening_peak,idle,0.000000,1.991272,0.000000,0.000000
30.000000,1.000000,0.000000,68,evening_peak,clock,1.658152,0.333120,0.000000,0.000000
30.000000,1.000000,0.000000,68,evening_peak,forecast,1.658152,0.333120,0.000000,0.000000
30.000000,1.000000,0.000000,68,evening_peak,hindsight,1.991272,-0.000000,0.000000,0.000000
30.000000,1.000000,0.000000,69,scarcity_peak,idle,0.000000,3.354270,0.000000,0.000000
30.000000,1.000000,0.000000,69,scarcity_peak,clock,2.601510,0.752761,0.000000,0.000000
30.000000,1.000000,0.000000,69,scarcity_peak,forecast,2.601510,0.752761,0.000000,0.000000
30.000000,1.000000,0.000000,69,scarcity_peak,hindsight,3.354270,-0.000000,0.000000,0.000000
30.000000,1.000000,0.000000,70,negative_midday,idle,0.000000,2.421282,0.000000,0.000000
30.000000,1.000000,0.000000,70,negative_midday,clock,1.946777,0.474506,0.000000,0.000000
30.000000,1.000000,0.000000,70,negative_midday,forecast,1.946777,0.474506,0.000000,0.000000
30.000000,1.000000,0.000000,70,negative_midday,hindsight,2.421282,0.000000,0.000000,0.000000
30.000000,1.000000,0.000000,71,flat_missed_event,idle,0.000000,1.417984,0.000000,0.000000
30.000000,1.000000,0.000000,71,flat_missed_event,clock,0.127087,1.290896,0.000000,0.000000
30.000000,1.000000,0.000000,71,flat_missed_event,forecast,0.000000,1.417984,0.000000,0.000000
30.000000,1.000000,0.000000,71,flat_missed_event,hindsight,1.417984,0.000000,0.000000,0.000000
30.000000,1.000000,0.000000,72,evening_peak,idle,0.000000,2.301007,0.000000,0.000000
30.000000,1.000000,0.000000,72,evening_peak,clock,1.786127,0.514881,0.000000,0.000000
30.000000,1.000000,0.000000,72,evening_peak,forecast,1.786127,0.514881,0.000000,0.000000
30.000000,1.000000,0.000000,72,evening_peak,hindsight,2.301007,0.000000,0.000000,0.000000
30.000000,1.000000,0.000000,73,scarcity_peak,idle,0.000000,4.004561,0.000000,0.000000
30.000000,1.000000,0.000000,73,scarcity_peak,clock,3.265927,0.738634,0.000000,0.000000
30.000000,1.000000,0.000000,73,scarcity_peak,forecast,3.265927,0.738634,0.000000,0.000000
30.000000,1.000000,0.000000,73,scarcity_peak,hindsight,4.004561,0.000000,0.000000,0.000000
30.000000,1.000000,0.000000,74,negative_midday,idle,0.000000,3.003586,0.000000,0.000000
30.000000,1.000000,0.000000,74,negative_midday,clock,2.618338,0.385248,0.000000,0.000000
30.000000,1.000000,0.000000,74,negative_midday,forecast,2.618338,0.385248,0.000000,0.000000
30.000000,1.000000,0.000000,74,negative_midday,hindsight,3.003586,0.000000,0.000000,0.000000
30.000000,1.000000,0.000000,75,flat_missed_event,idle,0.000000,1.486869,0.000000,0.000000
30.000000,1.000000,0.000000,75,flat_missed_event,clock,-0.058237,1.545106,0.000000,0.000000
30.000000,1.000000,0.000000,75,flat_missed_event,forecast,0.000000,1.486869,0.000000,0.000000
30.000000,1.000000,0.000000,75,flat_missed_event,hindsight,1.486869,0.000000,0.000000,0.000000
30.000000,1.000000,0.000000,76,evening_peak,idle,0.000000,2.569921,0.000000,0.000000
30.000000,1.000000,0.000000,76,evening_peak,clock,1.730958,0.838963,0.000000,0.000000
30.000000,1.000000,0.000000,76,evening_peak,forecast,1.730958,0.838963,0.000000,0.000000
30.000000,1.000000,0.000000,76,evening_peak,hindsight,2.569921,0.000000,0.000000,0.000000
30.000000,1.000000,0.000000,77,scarcity_peak,idle,0.000000,3.835454,0.000000,0.000000
30.000000,1.000000,0.000000,77,scarcity_peak,clock,3.142836,0.692618,0.000000,0.000000
30.000000,1.000000,0.000000,77,scarcity_peak,forecast,3.142836,0.692618,0.000000,0.000000
30.000000,1.000000,0.000000,77,scarcity_peak,hindsight,3.835454,-0.000000,0.000000,0.000000
30.000000,1.000000,0.000000,78,negative_midday,idle,0.000000,3.482443,0.000000,0.000000
30.000000,1.000000,0.000000,78,negative_midday,clock,2.732874,0.749569,0.000000,0.000000
30.000000,1.000000,0.000000,78,negative_midday,forecast,2.732874,0.749569,0.000000,0.000000
30.000000,1.000000,0.000000,78,negative_midday,hindsight,3.482443,0.000000,0.000000,0.000000
30.000000,1.000000,0.000000,79,flat_missed_event,idle,0.000000,1.105528,0.000000,0.000000
30.000000,1.000000,0.000000,79,flat_missed_event,clock,-0.737670,1.843197,0.000000,0.000000
30.000000,1.000000,0.000000,79,flat_missed_event,forecast,0.000000,1.105528,0.000000,0.000000
30.000000,1.000000,0.000000,79,flat_missed_event,hindsight,1.105528,-0.000000,0.000000,0.000000
30.000000,1.000000,0.000000,80,evening_peak,idle,0.000000,2.211757,0.000000,0.000000
30.000000,1.000000,0.000000,80,evening_peak,clock,1.683791,0.527966,0.000000,0.000000
30.000000,1.000000,0.000000,80,evening_peak,forecast,1.683791,0.527966,0.000000,0.000000
30.000000,1.000000,0.000000,80,evening_peak,hindsight,2.211757,0.000000,0.000000,0.000000
30.000000,1.000000,0.000000,81,scarcity_peak,idle,0.000000,3.686645,0.000000,0.000000
30.000000,1.000000,0.000000,81,scarcity_peak,clock,3.407587,0.279058,0.000000,0.000000
30.000000,1.000000,0.000000,81,scarcity_peak,forecast,3.407587,0.279058,0.000000,0.000000
30.000000,1.000000,0.000000,81,scarcity_peak,hindsight,3.686645,0.000000,0.000000,0.000000
30.000000,1.000000,0.000000,82,negative_midday,idle,0.000000,2.804777,0.000000,0.000000
30.000000,1.000000,0.000000,82,negative_midday,clock,2.398486,0.406290,0.000000,0.000000
30.000000,1.000000,0.000000,82,negative_midday,forecast,2.398486,0.406290,0.000000,0.000000
30.000000,1.000000,0.000000,82,negative_midday,hindsight,2.804777,-0.000000,0.000000,0.000000
30.000000,1.000000,0.000000,83,flat_missed_event,idle,0.000000,1.426840,0.000000,0.000000
30.000000,1.000000,0.000000,83,flat_missed_event,clock,0.229864,1.196977,0.000000,0.000000
30.000000,1.000000,0.000000,83,flat_missed_event,forecast,0.000000,1.426840,0.000000,0.000000
30.000000,1.000000,0.000000,83,flat_missed_event,hindsight,1.426840,-0.000000,0.000000,0.000000
30.000000,1.000000,0.000000,84,evening_peak,idle,0.000000,2.114862,0.000000,0.000000
30.000000,1.000000,0.000000,84,evening_peak,clock,1.548431,0.566431,0.000000,0.000000
30.000000,1.000000,0.000000,84,evening_peak,forecast,1.548431,0.566431,0.000000,0.000000
30.000000,1.000000,0.000000,84,evening_peak,hindsight,2.114862,0.000000,0.000000,0.000000
30.000000,1.000000,0.000000,85,scarcity_peak,idle,0.000000,4.090447,0.000000,0.000000
30.000000,1.000000,0.000000,85,scarcity_peak,clock,3.649279,0.441168,0.000000,0.000000
30.000000,1.000000,0.000000,85,scarcity_peak,forecast,3.649279,0.441168,0.000000,0.000000
30.000000,1.000000,0.000000,85,scarcity_peak,hindsight,4.090447,0.000000,0.000000,0.000000
30.000000,1.000000,0.000000,86,negative_midday,idle,0.000000,3.007393,0.000000,0.000000
30.000000,1.000000,0.000000,86,negative_midday,clock,2.612520,0.394873,0.000000,0.000000
30.000000,1.000000,0.000000,86,negative_midday,forecast,2.612520,0.394873,0.000000,0.000000
30.000000,1.000000,0.000000,86,negative_midday,hindsight,3.007393,0.000000,0.000000,0.000000
30.000000,1.000000,0.000000,87,flat_missed_event,idle,0.000000,1.609211,0.000000,0.000000
30.000000,1.000000,0.000000,87,flat_missed_event,clock,-0.290007,1.899218,0.000000,0.000000
30.000000,1.000000,0.000000,87,flat_missed_event,forecast,0.000000,1.609211,0.000000,0.000000
30.000000,1.000000,0.000000,87,flat_missed_event,hindsight,1.609211,0.000000,0.000000,0.000000
30.000000,1.000000,0.000000,88,evening_peak,idle,0.000000,2.115238,0.000000,0.000000
30.000000,1.000000,0.000000,88,evening_peak,clock,1.580951,0.534287,0.000000,0.000000
30.000000,1.000000,0.000000,88,evening_peak,forecast,1.580951,0.534287,0.000000,0.000000
30.000000,1.000000,0.000000,88,evening_peak,hindsight,2.115238,0.000000,0.000000,0.000000
30.000000,1.000000,0.000000,89,scarcity_peak,idle,0.000000,3.697028,0.000000,0.000000
30.000000,1.000000,0.000000,89,scarcity_peak,clock,3.111351,0.585676,0.000000,0.000000
30.000000,1.000000,0.000000,89,scarcity_peak,forecast,3.111351,0.585676,0.000000,0.000000
30.000000,1.000000,0.000000,89,scarcity_peak,hindsight,3.697028,-0.000000,0.000000,0.000000
30.000000,1.000000,0.000000,90,negative_midday,idle,0.000000,3.259370,0.000000,0.000000
30.000000,1.000000,0.000000,90,negative_midday,clock,2.790321,0.469049,0.000000,0.000000
30.000000,1.000000,0.000000,90,negative_midday,forecast,2.790321,0.469049,0.000000,0.000000
30.000000,1.000000,0.000000,90,negative_midday,hindsight,3.259370,-0.000000,0.000000,0.000000
30.000000,1.000000,0.000000,91,flat_missed_event,idle,0.000000,1.153111,0.000000,0.000000
30.000000,1.000000,0.000000,91,flat_missed_event,clock,0.011350,1.141762,0.000000,0.000000
30.000000,1.000000,0.000000,91,flat_missed_event,forecast,0.000000,1.153111,0.000000,0.000000
30.000000,1.000000,0.000000,91,flat_missed_event,hindsight,1.153111,0.000000,0.000000,0.000000
30.000000,1.000000,0.000000,92,evening_peak,idle,0.000000,2.184449,0.000000,0.000000
30.000000,1.000000,0.000000,92,evening_peak,clock,1.271192,0.913257,0.000000,0.000000
30.000000,1.000000,0.000000,92,evening_peak,forecast,1.271192,0.913257,0.000000,0.000000
30.000000,1.000000,0.000000,92,evening_peak,hindsight,2.184449,0.000000,0.000000,0.000000
30.000000,1.000000,0.000000,93,scarcity_peak,idle,0.000000,3.757171,0.000000,0.000000
30.000000,1.000000,0.000000,93,scarcity_peak,clock,3.386070,0.371101,0.000000,0.000000
30.000000,1.000000,0.000000,93,scarcity_peak,forecast,3.386070,0.371101,0.000000,0.000000
30.000000,1.000000,0.000000,93,scarcity_peak,hindsight,3.757171,-0.000000,0.000000,0.000000
30.000000,1.000000,0.000000,94,negative_midday,idle,0.000000,2.837729,0.000000,0.000000
30.000000,1.000000,0.000000,94,negative_midday,clock,2.657840,0.179889,0.000000,0.000000
30.000000,1.000000,0.000000,94,negative_midday,forecast,2.657840,0.179889,0.000000,0.000000
30.000000,1.000000,0.000000,94,negative_midday,hindsight,2.837729,0.000000,0.000000,0.000000
30.000000,1.000000,0.000000,95,flat_missed_event,idle,0.000000,1.518534,0.000000,0.000000
30.000000,1.000000,0.000000,95,flat_missed_event,clock,0.708468,0.810066,0.000000,0.000000
30.000000,1.000000,0.000000,95,flat_missed_event,forecast,0.000000,1.518534,0.000000,0.000000
30.000000,1.000000,0.000000,95,flat_missed_event,hindsight,1.518534,0.000000,0.000000,0.000000
30.000000,1.000000,0.000000,96,evening_peak,idle,0.000000,2.106188,0.000000,0.000000
30.000000,1.000000,0.000000,96,evening_peak,clock,1.223449,0.882738,0.000000,0.000000
30.000000,1.000000,0.000000,96,evening_peak,forecast,1.223449,0.882738,0.000000,0.000000
30.000000,1.000000,0.000000,96,evening_peak,hindsight,2.106188,0.000000,0.000000,0.000000
30.000000,1.000000,0.000000,97,scarcity_peak,idle,0.000000,3.832579,0.000000,0.000000
30.000000,1.000000,0.000000,97,scarcity_peak,clock,2.990063,0.842515,0.000000,0.000000
30.000000,1.000000,0.000000,97,scarcity_peak,forecast,2.990063,0.842515,0.000000,0.000000
30.000000,1.000000,0.000000,97,scarcity_peak,hindsight,3.832579,0.000000,0.000000,0.000000
30.000000,1.000000,0.000000,98,negative_midday,idle,0.000000,2.818353,0.000000,0.000000
30.000000,1.000000,0.000000,98,negative_midday,clock,2.431295,0.387058,0.000000,0.000000
30.000000,1.000000,0.000000,98,negative_midday,forecast,2.431295,0.387058,0.000000,0.000000
30.000000,1.000000,0.000000,98,negative_midday,hindsight,2.818353,-0.000000,0.000000,0.000000
30.000000,1.000000,0.000000,99,flat_missed_event,idle,0.000000,1.367074,0.000000,0.000000
30.000000,1.000000,0.000000,99,flat_missed_event,clock,-0.267027,1.634101,0.000000,0.000000
30.000000,1.000000,0.000000,99,flat_missed_event,forecast,0.000000,1.367074,0.000000,0.000000
30.000000,1.000000,0.000000,99,flat_missed_event,hindsight,1.367074,0.000000,0.000000,0.000000
30.000000,1.000000,0.000000,100,evening_peak,idle,0.000000,2.329458,0.000000,0.000000
30.000000,1.000000,0.000000,100,evening_peak,clock,1.855010,0.474448,0.000000,0.000000
30.000000,1.000000,0.000000,100,evening_peak,forecast,1.855010,0.474448,0.000000,0.000000
30.000000,1.000000,0.000000,100,evening_peak,hindsight,2.329458,0.000000,0.000000,0.000000
30.000000,1.000000,0.000000,101,scarcity_peak,idle,0.000000,3.855940,0.000000,0.000000
30.000000,1.000000,0.000000,101,scarcity_peak,clock,3.506868,0.349072,0.000000,0.000000
30.000000,1.000000,0.000000,101,scarcity_peak,forecast,3.506868,0.349072,0.000000,0.000000
30.000000,1.000000,0.000000,101,scarcity_peak,hindsight,3.855940,0.000000,0.000000,0.000000
30.000000,1.000000,0.000000,102,negative_midday,idle,0.000000,2.976956,0.000000,0.000000
30.000000,1.000000,0.000000,102,negative_midday,clock,2.258191,0.718765,0.000000,0.000000
30.000000,1.000000,0.000000,102,negative_midday,forecast,2.258191,0.718765,0.000000,0.000000
30.000000,1.000000,0.000000,102,negative_midday,hindsight,2.976956,0.000000,0.000000,0.000000
30.000000,1.000000,0.000000,103,flat_missed_event,idle,0.000000,1.502337,0.000000,0.000000
30.000000,1.000000,0.000000,103,flat_missed_event,clock,0.328298,1.174039,0.000000,0.000000
30.000000,1.000000,0.000000,103,flat_missed_event,forecast,0.000000,1.502337,0.000000,0.000000
30.000000,1.000000,0.000000,103,flat_missed_event,hindsight,1.502337,-0.000000,0.000000,0.000000
30.000000,1.000000,0.000000,104,evening_peak,idle,0.000000,2.113573,0.000000,0.000000
30.000000,1.000000,0.000000,104,evening_peak,clock,1.341397,0.772176,0.000000,0.000000
30.000000,1.000000,0.000000,104,evening_peak,forecast,1.341397,0.772176,0.000000,0.000000
30.000000,1.000000,0.000000,104,evening_peak,hindsight,2.113573,0.000000,0.000000,0.000000
30.000000,1.000000,0.000000,105,scarcity_peak,idle,0.000000,3.853076,0.000000,0.000000
30.000000,1.000000,0.000000,105,scarcity_peak,clock,3.125855,0.727222,0.000000,0.000000
30.000000,1.000000,0.000000,105,scarcity_peak,forecast,3.125855,0.727222,0.000000,0.000000
30.000000,1.000000,0.000000,105,scarcity_peak,hindsight,3.853076,-0.000000,0.000000,0.000000
30.000000,1.000000,0.000000,106,negative_midday,idle,0.000000,2.657258,0.000000,0.000000
30.000000,1.000000,0.000000,106,negative_midday,clock,2.254983,0.402275,0.000000,0.000000
30.000000,1.000000,0.000000,106,negative_midday,forecast,2.254983,0.402275,0.000000,0.000000
30.000000,1.000000,0.000000,106,negative_midday,hindsight,2.657258,0.000000,0.000000,0.000000
30.000000,1.000000,0.000000,107,flat_missed_event,idle,0.000000,1.517600,0.000000,0.000000
30.000000,1.000000,0.000000,107,flat_missed_event,clock,0.241038,1.276562,0.000000,0.000000
30.000000,1.000000,0.000000,107,flat_missed_event,forecast,0.000000,1.517600,0.000000,0.000000
30.000000,1.000000,0.000000,107,flat_missed_event,hindsight,1.517600,-0.000000,0.000000,0.000000
30.000000,1.000000,0.000000,108,evening_peak,idle,0.000000,2.256367,0.000000,0.000000
30.000000,1.000000,0.000000,108,evening_peak,clock,1.873657,0.382710,0.000000,0.000000
30.000000,1.000000,0.000000,108,evening_peak,forecast,1.873657,0.382710,0.000000,0.000000
30.000000,1.000000,0.000000,108,evening_peak,hindsight,2.256367,-0.000000,0.000000,0.000000
30.000000,1.000000,0.000000,109,scarcity_peak,idle,0.000000,4.119858,0.000000,0.000000
30.000000,1.000000,0.000000,109,scarcity_peak,clock,3.187611,0.932247,0.000000,0.000000
30.000000,1.000000,0.000000,109,scarcity_peak,forecast,3.187611,0.932247,0.000000,0.000000
30.000000,1.000000,0.000000,109,scarcity_peak,hindsight,4.119858,0.000000,0.000000,0.000000
30.000000,1.000000,0.000000,110,negative_midday,idle,0.000000,2.909864,0.000000,0.000000
30.000000,1.000000,0.000000,110,negative_midday,clock,2.333628,0.576236,0.000000,0.000000
30.000000,1.000000,0.000000,110,negative_midday,forecast,2.333628,0.576236,0.000000,0.000000
30.000000,1.000000,0.000000,110,negative_midday,hindsight,2.909864,-0.000000,0.000000,0.000000
30.000000,1.000000,0.000000,111,flat_missed_event,idle,0.000000,1.394114,0.000000,0.000000
30.000000,1.000000,0.000000,111,flat_missed_event,clock,0.069302,1.324812,0.000000,0.000000
30.000000,1.000000,0.000000,111,flat_missed_event,forecast,0.000000,1.394114,0.000000,0.000000
30.000000,1.000000,0.000000,111,flat_missed_event,hindsight,1.394114,0.000000,0.000000,0.000000
30.000000,1.000000,0.000000,112,evening_peak,idle,0.000000,2.247522,0.000000,0.000000
30.000000,1.000000,0.000000,112,evening_peak,clock,1.911515,0.336007,0.000000,0.000000
30.000000,1.000000,0.000000,112,evening_peak,forecast,1.911515,0.336007,0.000000,0.000000
30.000000,1.000000,0.000000,112,evening_peak,hindsight,2.247522,0.000000,0.000000,0.000000
30.000000,1.000000,0.000000,113,scarcity_peak,idle,0.000000,3.924565,0.000000,0.000000
30.000000,1.000000,0.000000,113,scarcity_peak,clock,3.266046,0.658519,0.000000,0.000000
30.000000,1.000000,0.000000,113,scarcity_peak,forecast,3.266046,0.658519,0.000000,0.000000
30.000000,1.000000,0.000000,113,scarcity_peak,hindsight,3.924565,-0.000000,0.000000,0.000000
30.000000,1.000000,0.000000,114,negative_midday,idle,0.000000,2.628069,0.000000,0.000000
30.000000,1.000000,0.000000,114,negative_midday,clock,2.021552,0.606517,0.000000,0.000000
30.000000,1.000000,0.000000,114,negative_midday,forecast,2.021552,0.606517,0.000000,0.000000
30.000000,1.000000,0.000000,114,negative_midday,hindsight,2.628069,-0.000000,0.000000,0.000000
30.000000,1.000000,0.000000,115,flat_missed_event,idle,0.000000,1.269449,0.000000,0.000000
30.000000,1.000000,0.000000,115,flat_missed_event,clock,-0.041325,1.310774,0.000000,0.000000
30.000000,1.000000,0.000000,115,flat_missed_event,forecast,0.000000,1.269449,0.000000,0.000000
30.000000,1.000000,0.000000,115,flat_missed_event,hindsight,1.269449,-0.000000,0.000000,0.000000
30.000000,1.000000,0.000000,116,evening_peak,idle,0.000000,2.366129,0.000000,0.000000
30.000000,1.000000,0.000000,116,evening_peak,clock,1.797341,0.568788,0.000000,0.000000
30.000000,1.000000,0.000000,116,evening_peak,forecast,1.797341,0.568788,0.000000,0.000000
30.000000,1.000000,0.000000,116,evening_peak,hindsight,2.366129,0.000000,0.000000,0.000000
30.000000,1.000000,0.000000,117,scarcity_peak,idle,0.000000,3.751858,0.000000,0.000000
30.000000,1.000000,0.000000,117,scarcity_peak,clock,3.236679,0.515179,0.000000,0.000000
30.000000,1.000000,0.000000,117,scarcity_peak,forecast,3.236679,0.515179,0.000000,0.000000
30.000000,1.000000,0.000000,117,scarcity_peak,hindsight,3.751858,0.000000,0.000000,0.000000
30.000000,1.000000,0.000000,118,negative_midday,idle,0.000000,3.228184,0.000000,0.000000
30.000000,1.000000,0.000000,118,negative_midday,clock,2.809304,0.418880,0.000000,0.000000
30.000000,1.000000,0.000000,118,negative_midday,forecast,2.809304,0.418880,0.000000,0.000000
30.000000,1.000000,0.000000,118,negative_midday,hindsight,3.228184,0.000000,0.000000,0.000000
30.000000,1.000000,0.000000,119,flat_missed_event,idle,0.000000,1.736925,0.000000,0.000000
30.000000,1.000000,0.000000,119,flat_missed_event,clock,0.028673,1.708252,0.000000,0.000000
30.000000,1.000000,0.000000,119,flat_missed_event,forecast,0.000000,1.736925,0.000000,0.000000
30.000000,1.000000,0.000000,119,flat_missed_event,hindsight,1.736925,-0.000000,0.000000,0.000000
30.000000,1.000000,5.000000,0,evening_peak,idle,0.000000,2.040514,5.000000,5.000000
30.000000,1.000000,5.000000,0,evening_peak,clock,1.452184,0.588330,5.000000,5.000000
30.000000,1.000000,5.000000,0,evening_peak,forecast,1.452184,0.588330,5.000000,5.000000
30.000000,1.000000,5.000000,0,evening_peak,hindsight,2.040514,0.000000,5.000000,5.000000
30.000000,1.000000,5.000000,1,scarcity_peak,idle,0.000000,3.565087,5.000000,5.000000
30.000000,1.000000,5.000000,1,scarcity_peak,clock,3.141291,0.423796,5.000000,5.000000
30.000000,1.000000,5.000000,1,scarcity_peak,forecast,3.141291,0.423796,5.000000,5.000000
30.000000,1.000000,5.000000,1,scarcity_peak,hindsight,3.565087,-0.000000,5.000000,5.000000
30.000000,1.000000,5.000000,2,negative_midday,idle,0.000000,2.219778,5.000000,5.000000
30.000000,1.000000,5.000000,2,negative_midday,clock,1.307786,0.911992,5.000000,5.000000
30.000000,1.000000,5.000000,2,negative_midday,forecast,1.307786,0.911992,5.000000,5.000000
30.000000,1.000000,5.000000,2,negative_midday,hindsight,2.219778,-0.000000,5.000000,5.000000
30.000000,1.000000,5.000000,3,flat_missed_event,idle,0.000000,1.490053,5.000000,5.000000
30.000000,1.000000,5.000000,3,flat_missed_event,clock,-0.387634,1.877687,5.000000,5.000000
30.000000,1.000000,5.000000,3,flat_missed_event,forecast,0.000000,1.490053,5.000000,5.000000
30.000000,1.000000,5.000000,3,flat_missed_event,hindsight,1.490053,-0.000000,5.000000,5.000000
30.000000,1.000000,5.000000,4,evening_peak,idle,0.000000,1.678395,5.000000,5.000000
30.000000,1.000000,5.000000,4,evening_peak,clock,0.935740,0.742655,5.000000,5.000000
30.000000,1.000000,5.000000,4,evening_peak,forecast,0.935740,0.742655,5.000000,5.000000
30.000000,1.000000,5.000000,4,evening_peak,hindsight,1.678395,0.000000,5.000000,5.000000
30.000000,1.000000,5.000000,5,scarcity_peak,idle,0.000000,3.391181,5.000000,5.000000
30.000000,1.000000,5.000000,5,scarcity_peak,clock,2.652501,0.738680,5.000000,5.000000
30.000000,1.000000,5.000000,5,scarcity_peak,forecast,2.652501,0.738680,5.000000,5.000000
30.000000,1.000000,5.000000,5,scarcity_peak,hindsight,3.391181,0.000000,5.000000,5.000000
30.000000,1.000000,5.000000,6,negative_midday,idle,0.000000,2.679460,5.000000,5.000000
30.000000,1.000000,5.000000,6,negative_midday,clock,1.871160,0.808300,5.000000,5.000000
30.000000,1.000000,5.000000,6,negative_midday,forecast,1.871160,0.808300,5.000000,5.000000
30.000000,1.000000,5.000000,6,negative_midday,hindsight,2.679460,0.000000,5.000000,5.000000
30.000000,1.000000,5.000000,7,flat_missed_event,idle,0.000000,1.427632,5.000000,5.000000
30.000000,1.000000,5.000000,7,flat_missed_event,clock,0.434312,0.993320,5.000000,5.000000
30.000000,1.000000,5.000000,7,flat_missed_event,forecast,0.000000,1.427632,5.000000,5.000000
30.000000,1.000000,5.000000,7,flat_missed_event,hindsight,1.427632,0.000000,5.000000,5.000000
30.000000,1.000000,5.000000,8,evening_peak,idle,0.000000,2.171904,5.000000,5.000000
30.000000,1.000000,5.000000,8,evening_peak,clock,1.115791,1.056113,5.000000,5.000000
30.000000,1.000000,5.000000,8,evening_peak,forecast,1.115791,1.056113,5.000000,5.000000
30.000000,1.000000,5.000000,8,evening_peak,hindsight,2.171904,0.000000,5.000000,5.000000
30.000000,1.000000,5.000000,9,scarcity_peak,idle,0.000000,3.453904,5.000000,5.000000
30.000000,1.000000,5.000000,9,scarcity_peak,clock,2.789237,0.664667,5.000000,5.000000
30.000000,1.000000,5.000000,9,scarcity_peak,forecast,2.789237,0.664667,5.000000,5.000000
30.000000,1.000000,5.000000,9,scarcity_peak,hindsight,3.453904,0.000000,5.000000,5.000000
30.000000,1.000000,5.000000,10,negative_midday,idle,0.000000,2.418257,5.000000,5.000000
30.000000,1.000000,5.000000,10,negative_midday,clock,1.926925,0.491332,5.000000,5.000000
30.000000,1.000000,5.000000,10,negative_midday,forecast,1.926925,0.491332,5.000000,5.000000
30.000000,1.000000,5.000000,10,negative_midday,hindsight,2.418257,-0.000000,5.000000,5.000000
30.000000,1.000000,5.000000,11,flat_missed_event,idle,0.000000,1.225460,5.000000,5.000000
30.000000,1.000000,5.000000,11,flat_missed_event,clock,0.154679,1.070781,5.000000,5.000000
30.000000,1.000000,5.000000,11,flat_missed_event,forecast,0.000000,1.225460,5.000000,5.000000
30.000000,1.000000,5.000000,11,flat_missed_event,hindsight,1.225460,0.000000,5.000000,5.000000
30.000000,1.000000,5.000000,12,evening_peak,idle,0.000000,2.584176,5.000000,5.000000
30.000000,1.000000,5.000000,12,evening_peak,clock,1.856000,0.728176,5.000000,5.000000
30.000000,1.000000,5.000000,12,evening_peak,forecast,1.856000,0.728176,5.000000,5.000000
30.000000,1.000000,5.000000,12,evening_peak,hindsight,2.584176,0.000000,5.000000,5.000000
30.000000,1.000000,5.000000,13,scarcity_peak,idle,0.000000,3.319426,5.000000,5.000000
30.000000,1.000000,5.000000,13,scarcity_peak,clock,2.568069,0.751357,5.000000,5.000000
30.000000,1.000000,5.000000,13,scarcity_peak,forecast,2.568069,0.751357,5.000000,5.000000
30.000000,1.000000,5.000000,13,scarcity_peak,hindsight,3.319426,0.000000,5.000000,5.000000
30.000000,1.000000,5.000000,14,negative_midday,idle,0.000000,2.579004,5.000000,5.000000
30.000000,1.000000,5.000000,14,negative_midday,clock,1.687044,0.891959,5.000000,5.000000
30.000000,1.000000,5.000000,14,negative_midday,forecast,1.687044,0.891959,5.000000,5.000000
30.000000,1.000000,5.000000,14,negative_midday,hindsight,2.579004,0.000000,5.000000,5.000000
30.000000,1.000000,5.000000,15,flat_missed_event,idle,0.000000,1.477946,5.000000,5.000000
30.000000,1.000000,5.000000,15,flat_missed_event,clock,0.135536,1.342410,5.000000,5.000000
30.000000,1.000000,5.000000,15,flat_missed_event,forecast,0.000000,1.477946,5.000000,5.000000
30.000000,1.000000,5.000000,15,flat_missed_event,hindsight,1.477946,0.000000,5.000000,5.000000
30.000000,1.000000,5.000000,16,evening_peak,idle,0.000000,1.936418,5.000000,5.000000
30.000000,1.000000,5.000000,16,evening_peak,clock,1.095524,0.840894,5.000000,5.000000
30.000000,1.000000,5.000000,16,evening_peak,forecast,1.095524,0.840894,5.000000,5.000000
30.000000,1.000000,5.000000,16,evening_peak,hindsight,1.936418,0.000000,5.000000,5.000000
30.000000,1.000000,5.000000,17,scarcity_peak,idle,0.000000,3.840805,5.000000,5.000000
30.000000,1.000000,5.000000,17,scarcity_peak,clock,2.876408,0.964397,5.000000,5.000000
30.000000,1.000000,5.000000,17,scarcity_peak,forecast,2.876408,0.964397,5.000000,5.000000
30.000000,1.000000,5.000000,17,scarcity_peak,hindsight,3.840805,0.000000,5.000000,5.000000
30.000000,1.000000,5.000000,18,negative_midday,idle,0.000000,2.279941,5.000000,5.000000
30.000000,1.000000,5.000000,18,negative_midday,clock,1.695358,0.584583,5.000000,5.000000
30.000000,1.000000,5.000000,18,negative_midday,forecast,1.695358,0.584583,5.000000,5.000000
30.000000,1.000000,5.000000,18,negative_midday,hindsight,2.279941,-0.000000,5.000000,5.000000
30.000000,1.000000,5.000000,19,flat_missed_event,idle,0.000000,1.432776,5.000000,5.000000
30.000000,1.000000,5.000000,19,flat_missed_event,clock,0.205777,1.226999,5.000000,5.000000
30.000000,1.000000,5.000000,19,flat_missed_event,forecast,0.000000,1.432776,5.000000,5.000000
30.000000,1.000000,5.000000,19,flat_missed_event,hindsight,1.432776,-0.000000,5.000000,5.000000
30.000000,1.000000,5.000000,20,evening_peak,idle,0.000000,2.003654,5.000000,5.000000
30.000000,1.000000,5.000000,20,evening_peak,clock,1.356816,0.646838,5.000000,5.000000
30.000000,1.000000,5.000000,20,evening_peak,forecast,1.356816,0.646838,5.000000,5.000000
30.000000,1.000000,5.000000,20,evening_peak,hindsight,2.003654,0.000000,5.000000,5.000000
30.000000,1.000000,5.000000,21,scarcity_peak,idle,0.000000,3.627783,5.000000,5.000000
30.000000,1.000000,5.000000,21,scarcity_peak,clock,2.912110,0.715673,5.000000,5.000000
30.000000,1.000000,5.000000,21,scarcity_peak,forecast,2.912110,0.715673,5.000000,5.000000
30.000000,1.000000,5.000000,21,scarcity_peak,hindsight,3.627783,0.000000,5.000000,5.000000
30.000000,1.000000,5.000000,22,negative_midday,idle,0.000000,2.455867,5.000000,5.000000
30.000000,1.000000,5.000000,22,negative_midday,clock,1.429487,1.026381,5.000000,5.000000
30.000000,1.000000,5.000000,22,negative_midday,forecast,1.429487,1.026381,5.000000,5.000000
30.000000,1.000000,5.000000,22,negative_midday,hindsight,2.455867,0.000000,5.000000,5.000000
30.000000,1.000000,5.000000,23,flat_missed_event,idle,0.000000,1.138055,5.000000,5.000000
30.000000,1.000000,5.000000,23,flat_missed_event,clock,-0.401978,1.540033,5.000000,5.000000
30.000000,1.000000,5.000000,23,flat_missed_event,forecast,0.000000,1.138055,5.000000,5.000000
30.000000,1.000000,5.000000,23,flat_missed_event,hindsight,1.138055,0.000000,5.000000,5.000000
30.000000,1.000000,5.000000,24,evening_peak,idle,0.000000,1.792606,5.000000,5.000000
30.000000,1.000000,5.000000,24,evening_peak,clock,1.604695,0.187912,5.000000,5.000000
30.000000,1.000000,5.000000,24,evening_peak,forecast,1.604695,0.187912,5.000000,5.000000
30.000000,1.000000,5.000000,24,evening_peak,hindsight,1.792606,0.000000,5.000000,5.000000
30.000000,1.000000,5.000000,25,scarcity_peak,idle,0.000000,3.435060,5.000000,5.000000
30.000000,1.000000,5.000000,25,scarcity_peak,clock,2.796442,0.638617,5.000000,5.000000
30.000000,1.000000,5.000000,25,scarcity_peak,forecast,2.796442,0.638617,5.000000,5.000000
30.000000,1.000000,5.000000,25,scarcity_peak,hindsight,3.435060,-0.000000,5.000000,5.000000
30.000000,1.000000,5.000000,26,negative_midday,idle,0.000000,2.318106,5.000000,5.000000
30.000000,1.000000,5.000000,26,negative_midday,clock,1.122136,1.195970,5.000000,5.000000
30.000000,1.000000,5.000000,26,negative_midday,forecast,1.122136,1.195970,5.000000,5.000000
30.000000,1.000000,5.000000,26,negative_midday,hindsight,2.318106,-0.000000,5.000000,5.000000
30.000000,1.000000,5.000000,27,flat_missed_event,idle,0.000000,1.082901,5.000000,5.000000
30.000000,1.000000,5.000000,27,flat_missed_event,clock,-0.372573,1.455474,5.000000,5.000000
30.000000,1.000000,5.000000,27,flat_missed_event,forecast,0.000000,1.082901,5.000000,5.000000
30.000000,1.000000,5.000000,27,flat_missed_event,hindsight,1.082901,0.000000,5.000000,5.000000
30.000000,1.000000,5.000000,28,evening_peak,idle,0.000000,2.041369,5.000000,5.000000
30.000000,1.000000,5.000000,28,evening_peak,clock,1.489934,0.551435,5.000000,5.000000
30.000000,1.000000,5.000000,28,evening_peak,forecast,1.489934,0.551435,5.000000,5.000000
30.000000,1.000000,5.000000,28,evening_peak,hindsight,2.041369,0.000000,5.000000,5.000000
30.000000,1.000000,5.000000,29,scarcity_peak,idle,0.000000,3.802339,5.000000,5.000000
30.000000,1.000000,5.000000,29,scarcity_peak,clock,2.708307,1.094032,5.000000,5.000000
30.000000,1.000000,5.000000,29,scarcity_peak,forecast,2.708307,1.094032,5.000000,5.000000
30.000000,1.000000,5.000000,29,scarcity_peak,hindsight,3.802339,0.000000,5.000000,5.000000
30.000000,1.000000,5.000000,30,negative_midday,idle,0.000000,2.573421,5.000000,5.000000
30.000000,1.000000,5.000000,30,negative_midday,clock,1.823484,0.749936,5.000000,5.000000
30.000000,1.000000,5.000000,30,negative_midday,forecast,1.823484,0.749936,5.000000,5.000000
30.000000,1.000000,5.000000,30,negative_midday,hindsight,2.573421,0.000000,5.000000,5.000000
30.000000,1.000000,5.000000,31,flat_missed_event,idle,0.000000,1.264459,5.000000,5.000000
30.000000,1.000000,5.000000,31,flat_missed_event,clock,-0.381921,1.646380,5.000000,5.000000
30.000000,1.000000,5.000000,31,flat_missed_event,forecast,0.000000,1.264459,5.000000,5.000000
30.000000,1.000000,5.000000,31,flat_missed_event,hindsight,1.264459,0.000000,5.000000,5.000000
30.000000,1.000000,5.000000,32,evening_peak,idle,0.000000,1.854737,5.000000,5.000000
30.000000,1.000000,5.000000,32,evening_peak,clock,1.132387,0.722350,5.000000,5.000000
30.000000,1.000000,5.000000,32,evening_peak,forecast,1.132387,0.722350,5.000000,5.000000
30.000000,1.000000,5.000000,32,evening_peak,hindsight,1.854737,-0.000000,5.000000,5.000000
30.000000,1.000000,5.000000,33,scarcity_peak,idle,0.000000,3.121261,5.000000,5.000000
30.000000,1.000000,5.000000,33,scarcity_peak,clock,2.682135,0.439126,5.000000,5.000000
30.000000,1.000000,5.000000,33,scarcity_peak,forecast,2.682135,0.439126,5.000000,5.000000
30.000000,1.000000,5.000000,33,scarcity_peak,hindsight,3.121261,-0.000000,5.000000,5.000000
30.000000,1.000000,5.000000,34,negative_midday,idle,0.000000,3.001627,5.000000,5.000000
30.000000,1.000000,5.000000,34,negative_midday,clock,2.064180,0.937447,5.000000,5.000000
30.000000,1.000000,5.000000,34,negative_midday,forecast,2.064180,0.937447,5.000000,5.000000
30.000000,1.000000,5.000000,34,negative_midday,hindsight,3.001627,-0.000000,5.000000,5.000000
30.000000,1.000000,5.000000,35,flat_missed_event,idle,0.000000,1.290449,5.000000,5.000000
30.000000,1.000000,5.000000,35,flat_missed_event,clock,-0.267509,1.557958,5.000000,5.000000
30.000000,1.000000,5.000000,35,flat_missed_event,forecast,0.000000,1.290449,5.000000,5.000000
30.000000,1.000000,5.000000,35,flat_missed_event,hindsight,1.290449,0.000000,5.000000,5.000000
30.000000,1.000000,5.000000,36,evening_peak,idle,0.000000,1.866466,5.000000,5.000000
30.000000,1.000000,5.000000,36,evening_peak,clock,1.444929,0.421537,5.000000,5.000000
30.000000,1.000000,5.000000,36,evening_peak,forecast,1.444929,0.421537,5.000000,5.000000
30.000000,1.000000,5.000000,36,evening_peak,hindsight,1.866466,0.000000,5.000000,5.000000
30.000000,1.000000,5.000000,37,scarcity_peak,idle,0.000000,3.812967,5.000000,5.000000
30.000000,1.000000,5.000000,37,scarcity_peak,clock,3.147412,0.665555,5.000000,5.000000
30.000000,1.000000,5.000000,37,scarcity_peak,forecast,3.147412,0.665555,5.000000,5.000000
30.000000,1.000000,5.000000,37,scarcity_peak,hindsight,3.812967,0.000000,5.000000,5.000000
30.000000,1.000000,5.000000,38,negative_midday,idle,0.000000,2.097326,5.000000,5.000000
30.000000,1.000000,5.000000,38,negative_midday,clock,1.592095,0.505231,5.000000,5.000000
30.000000,1.000000,5.000000,38,negative_midday,forecast,1.592095,0.505231,5.000000,5.000000
30.000000,1.000000,5.000000,38,negative_midday,hindsight,2.097326,0.000000,5.000000,5.000000
30.000000,1.000000,5.000000,39,flat_missed_event,idle,0.000000,1.428229,5.000000,5.000000
30.000000,1.000000,5.000000,39,flat_missed_event,clock,0.186350,1.241879,5.000000,5.000000
30.000000,1.000000,5.000000,39,flat_missed_event,forecast,0.000000,1.428229,5.000000,5.000000
30.000000,1.000000,5.000000,39,flat_missed_event,hindsight,1.428229,0.000000,5.000000,5.000000
30.000000,1.000000,5.000000,40,evening_peak,idle,0.000000,2.271833,5.000000,5.000000
30.000000,1.000000,5.000000,40,evening_peak,clock,1.717936,0.553897,5.000000,5.000000
30.000000,1.000000,5.000000,40,evening_peak,forecast,1.717936,0.553897,5.000000,5.000000
30.000000,1.000000,5.000000,40,evening_peak,hindsight,2.271833,-0.000000,5.000000,5.000000
30.000000,1.000000,5.000000,41,scarcity_peak,idle,0.000000,3.394150,5.000000,5.000000
30.000000,1.000000,5.000000,41,scarcity_peak,clock,2.621385,0.772765,5.000000,5.000000
30.000000,1.000000,5.000000,41,scarcity_peak,forecast,2.621385,0.772765,5.000000,5.000000
30.000000,1.000000,5.000000,41,scarcity_peak,hindsight,3.394150,0.000000,5.000000,5.000000
30.000000,1.000000,5.000000,42,negative_midday,idle,0.000000,2.325569,5.000000,5.000000
30.000000,1.000000,5.000000,42,negative_midday,clock,1.464937,0.860633,5.000000,5.000000
30.000000,1.000000,5.000000,42,negative_midday,forecast,1.464937,0.860633,5.000000,5.000000
30.000000,1.000000,5.000000,42,negative_midday,hindsight,2.325569,0.000000,5.000000,5.000000
30.000000,1.000000,5.000000,43,flat_missed_event,idle,0.000000,1.156721,5.000000,5.000000
30.000000,1.000000,5.000000,43,flat_missed_event,clock,-0.226556,1.383277,5.000000,5.000000
30.000000,1.000000,5.000000,43,flat_missed_event,forecast,0.000000,1.156721,5.000000,5.000000
30.000000,1.000000,5.000000,43,flat_missed_event,hindsight,1.156721,0.000000,5.000000,5.000000
30.000000,1.000000,5.000000,44,evening_peak,idle,0.000000,1.980738,5.000000,5.000000
30.000000,1.000000,5.000000,44,evening_peak,clock,1.560292,0.420447,5.000000,5.000000
30.000000,1.000000,5.000000,44,evening_peak,forecast,1.560292,0.420447,5.000000,5.000000
30.000000,1.000000,5.000000,44,evening_peak,hindsight,1.980738,0.000000,5.000000,5.000000
30.000000,1.000000,5.000000,45,scarcity_peak,idle,0.000000,3.417890,5.000000,5.000000
30.000000,1.000000,5.000000,45,scarcity_peak,clock,2.786612,0.631278,5.000000,5.000000
30.000000,1.000000,5.000000,45,scarcity_peak,forecast,2.786612,0.631278,5.000000,5.000000
30.000000,1.000000,5.000000,45,scarcity_peak,hindsight,3.417890,-0.000000,5.000000,5.000000
30.000000,1.000000,5.000000,46,negative_midday,idle,0.000000,2.864056,5.000000,5.000000
30.000000,1.000000,5.000000,46,negative_midday,clock,1.869617,0.994439,5.000000,5.000000
30.000000,1.000000,5.000000,46,negative_midday,forecast,1.869617,0.994439,5.000000,5.000000
30.000000,1.000000,5.000000,46,negative_midday,hindsight,2.864056,0.000000,5.000000,5.000000
30.000000,1.000000,5.000000,47,flat_missed_event,idle,0.000000,1.131257,5.000000,5.000000
30.000000,1.000000,5.000000,47,flat_missed_event,clock,-0.126146,1.257403,5.000000,5.000000
30.000000,1.000000,5.000000,47,flat_missed_event,forecast,0.000000,1.131257,5.000000,5.000000
30.000000,1.000000,5.000000,47,flat_missed_event,hindsight,1.131257,0.000000,5.000000,5.000000
30.000000,1.000000,5.000000,48,evening_peak,idle,0.000000,2.008131,5.000000,5.000000
30.000000,1.000000,5.000000,48,evening_peak,clock,1.256772,0.751359,5.000000,5.000000
30.000000,1.000000,5.000000,48,evening_peak,forecast,1.256772,0.751359,5.000000,5.000000
30.000000,1.000000,5.000000,48,evening_peak,hindsight,2.008131,0.000000,5.000000,5.000000
30.000000,1.000000,5.000000,49,scarcity_peak,idle,0.000000,3.655824,5.000000,5.000000
30.000000,1.000000,5.000000,49,scarcity_peak,clock,3.145631,0.510193,5.000000,5.000000
30.000000,1.000000,5.000000,49,scarcity_peak,forecast,3.145631,0.510193,5.000000,5.000000
30.000000,1.000000,5.000000,49,scarcity_peak,hindsight,3.655824,0.000000,5.000000,5.000000
30.000000,1.000000,5.000000,50,negative_midday,idle,0.000000,2.389319,5.000000,5.000000
30.000000,1.000000,5.000000,50,negative_midday,clock,1.736395,0.652923,5.000000,5.000000
30.000000,1.000000,5.000000,50,negative_midday,forecast,1.736395,0.652923,5.000000,5.000000
30.000000,1.000000,5.000000,50,negative_midday,hindsight,2.389319,0.000000,5.000000,5.000000
30.000000,1.000000,5.000000,51,flat_missed_event,idle,0.000000,1.207303,5.000000,5.000000
30.000000,1.000000,5.000000,51,flat_missed_event,clock,-0.095667,1.302970,5.000000,5.000000
30.000000,1.000000,5.000000,51,flat_missed_event,forecast,0.000000,1.207303,5.000000,5.000000
30.000000,1.000000,5.000000,51,flat_missed_event,hindsight,1.207303,0.000000,5.000000,5.000000
30.000000,1.000000,5.000000,52,evening_peak,idle,0.000000,1.987828,5.000000,5.000000
30.000000,1.000000,5.000000,52,evening_peak,clock,1.116746,0.871082,5.000000,5.000000
30.000000,1.000000,5.000000,52,evening_peak,forecast,1.116746,0.871082,5.000000,5.000000
30.000000,1.000000,5.000000,52,evening_peak,hindsight,1.987828,-0.000000,5.000000,5.000000
30.000000,1.000000,5.000000,53,scarcity_peak,idle,0.000000,2.867942,5.000000,5.000000
30.000000,1.000000,5.000000,53,scarcity_peak,clock,2.283275,0.584668,5.000000,5.000000
30.000000,1.000000,5.000000,53,scarcity_peak,forecast,2.283275,0.584668,5.000000,5.000000
30.000000,1.000000,5.000000,53,scarcity_peak,hindsight,2.867942,0.000000,5.000000,5.000000
30.000000,1.000000,5.000000,54,negative_midday,idle,0.000000,2.663801,5.000000,5.000000
30.000000,1.000000,5.000000,54,negative_midday,clock,1.737161,0.926640,5.000000,5.000000
30.000000,1.000000,5.000000,54,negative_midday,forecast,1.737161,0.926640,5.000000,5.000000
30.000000,1.000000,5.000000,54,negative_midday,hindsight,2.663801,0.000000,5.000000,5.000000
30.000000,1.000000,5.000000,55,flat_missed_event,idle,0.000000,1.452026,5.000000,5.000000
30.000000,1.000000,5.000000,55,flat_missed_event,clock,-0.247857,1.699883,5.000000,5.000000
30.000000,1.000000,5.000000,55,flat_missed_event,forecast,0.000000,1.452026,5.000000,5.000000
30.000000,1.000000,5.000000,55,flat_missed_event,hindsight,1.452026,0.000000,5.000000,5.000000
30.000000,1.000000,5.000000,56,evening_peak,idle,0.000000,2.135464,5.000000,5.000000
30.000000,1.000000,5.000000,56,evening_peak,clock,1.376531,0.758932,5.000000,5.000000
30.000000,1.000000,5.000000,56,evening_peak,forecast,1.376531,0.758932,5.000000,5.000000
30.000000,1.000000,5.000000,56,evening_peak,hindsight,2.135464,0.000000,5.000000,5.000000
30.000000,1.000000,5.000000,57,scarcity_peak,idle,0.000000,3.572942,5.000000,5.000000
30.000000,1.000000,5.000000,57,scarcity_peak,clock,2.851912,0.721030,5.000000,5.000000
30.000000,1.000000,5.000000,57,scarcity_peak,forecast,2.851912,0.721030,5.000000,5.000000
30.000000,1.000000,5.000000,57,scarcity_peak,hindsight,3.572942,0.000000,5.000000,5.000000
30.000000,1.000000,5.000000,58,negative_midday,idle,0.000000,3.085556,5.000000,5.000000
30.000000,1.000000,5.000000,58,negative_midday,clock,2.184315,0.901240,5.000000,5.000000
30.000000,1.000000,5.000000,58,negative_midday,forecast,2.184315,0.901240,5.000000,5.000000
30.000000,1.000000,5.000000,58,negative_midday,hindsight,3.085556,-0.000000,5.000000,5.000000
30.000000,1.000000,5.000000,59,flat_missed_event,idle,0.000000,1.438947,5.000000,5.000000
30.000000,1.000000,5.000000,59,flat_missed_event,clock,-0.010357,1.449304,5.000000,5.000000
30.000000,1.000000,5.000000,59,flat_missed_event,forecast,0.000000,1.438947,5.000000,5.000000
30.000000,1.000000,5.000000,59,flat_missed_event,hindsight,1.438947,0.000000,5.000000,5.000000
30.000000,1.000000,5.000000,60,evening_peak,idle,0.000000,1.613243,5.000000,5.000000
30.000000,1.000000,5.000000,60,evening_peak,clock,0.921030,0.692214,5.000000,5.000000
30.000000,1.000000,5.000000,60,evening_peak,forecast,0.921030,0.692214,5.000000,5.000000
30.000000,1.000000,5.000000,60,evening_peak,hindsight,1.613243,0.000000,5.000000,5.000000
30.000000,1.000000,5.000000,61,scarcity_peak,idle,0.000000,3.613525,5.000000,5.000000
30.000000,1.000000,5.000000,61,scarcity_peak,clock,2.486478,1.127047,5.000000,5.000000
30.000000,1.000000,5.000000,61,scarcity_peak,forecast,2.486478,1.127047,5.000000,5.000000
30.000000,1.000000,5.000000,61,scarcity_peak,hindsight,3.613525,0.000000,5.000000,5.000000
30.000000,1.000000,5.000000,62,negative_midday,idle,0.000000,2.336212,5.000000,5.000000
30.000000,1.000000,5.000000,62,negative_midday,clock,1.619773,0.716439,5.000000,5.000000
30.000000,1.000000,5.000000,62,negative_midday,forecast,1.619773,0.716439,5.000000,5.000000
30.000000,1.000000,5.000000,62,negative_midday,hindsight,2.336212,0.000000,5.000000,5.000000
30.000000,1.000000,5.000000,63,flat_missed_event,idle,0.000000,1.441233,5.000000,5.000000
30.000000,1.000000,5.000000,63,flat_missed_event,clock,0.185432,1.255801,5.000000,5.000000
30.000000,1.000000,5.000000,63,flat_missed_event,forecast,0.000000,1.441233,5.000000,5.000000
30.000000,1.000000,5.000000,63,flat_missed_event,hindsight,1.441233,0.000000,5.000000,5.000000
30.000000,1.000000,5.000000,64,evening_peak,idle,0.000000,1.957826,5.000000,5.000000
30.000000,1.000000,5.000000,64,evening_peak,clock,1.329149,0.628676,5.000000,5.000000
30.000000,1.000000,5.000000,64,evening_peak,forecast,1.329149,0.628676,5.000000,5.000000
30.000000,1.000000,5.000000,64,evening_peak,hindsight,1.957826,0.000000,5.000000,5.000000
30.000000,1.000000,5.000000,65,scarcity_peak,idle,0.000000,3.728070,5.000000,5.000000
30.000000,1.000000,5.000000,65,scarcity_peak,clock,3.119796,0.608274,5.000000,5.000000
30.000000,1.000000,5.000000,65,scarcity_peak,forecast,3.119796,0.608274,5.000000,5.000000
30.000000,1.000000,5.000000,65,scarcity_peak,hindsight,3.728070,0.000000,5.000000,5.000000
30.000000,1.000000,5.000000,66,negative_midday,idle,0.000000,3.034033,5.000000,5.000000
30.000000,1.000000,5.000000,66,negative_midday,clock,2.171193,0.862839,5.000000,5.000000
30.000000,1.000000,5.000000,66,negative_midday,forecast,2.171193,0.862839,5.000000,5.000000
30.000000,1.000000,5.000000,66,negative_midday,hindsight,3.034033,0.000000,5.000000,5.000000
30.000000,1.000000,5.000000,67,flat_missed_event,idle,0.000000,1.337184,5.000000,5.000000
30.000000,1.000000,5.000000,67,flat_missed_event,clock,0.572323,0.764861,5.000000,5.000000
30.000000,1.000000,5.000000,67,flat_missed_event,forecast,0.000000,1.337184,5.000000,5.000000
30.000000,1.000000,5.000000,67,flat_missed_event,hindsight,1.337184,0.000000,5.000000,5.000000
30.000000,1.000000,5.000000,68,evening_peak,idle,0.000000,1.740324,5.000000,5.000000
30.000000,1.000000,5.000000,68,evening_peak,clock,1.165311,0.575013,5.000000,5.000000
30.000000,1.000000,5.000000,68,evening_peak,forecast,1.165311,0.575013,5.000000,5.000000
30.000000,1.000000,5.000000,68,evening_peak,hindsight,1.740324,-0.000000,5.000000,5.000000
30.000000,1.000000,5.000000,69,scarcity_peak,idle,0.000000,3.120240,5.000000,5.000000
30.000000,1.000000,5.000000,69,scarcity_peak,clock,2.068917,1.051323,5.000000,5.000000
30.000000,1.000000,5.000000,69,scarcity_peak,forecast,2.068917,1.051323,5.000000,5.000000
30.000000,1.000000,5.000000,69,scarcity_peak,hindsight,3.120240,0.000000,5.000000,5.000000
30.000000,1.000000,5.000000,70,negative_midday,idle,0.000000,2.145254,5.000000,5.000000
30.000000,1.000000,5.000000,70,negative_midday,clock,1.270679,0.874574,5.000000,5.000000
30.000000,1.000000,5.000000,70,negative_midday,forecast,1.270679,0.874574,5.000000,5.000000
30.000000,1.000000,5.000000,70,negative_midday,hindsight,2.145254,0.000000,5.000000,5.000000
30.000000,1.000000,5.000000,71,flat_missed_event,idle,0.000000,1.374130,5.000000,5.000000
30.000000,1.000000,5.000000,71,flat_missed_event,clock,0.040665,1.333465,5.000000,5.000000
30.000000,1.000000,5.000000,71,flat_missed_event,forecast,0.000000,1.374130,5.000000,5.000000
30.000000,1.000000,5.000000,71,flat_missed_event,hindsight,1.374130,0.000000,5.000000,5.000000
30.000000,1.000000,5.000000,72,evening_peak,idle,0.000000,1.941711,5.000000,5.000000
30.000000,1.000000,5.000000,72,evening_peak,clock,1.300635,0.641076,5.000000,5.000000
30.000000,1.000000,5.000000,72,evening_peak,forecast,1.300635,0.641076,5.000000,5.000000
30.000000,1.000000,5.000000,72,evening_peak,hindsight,1.941711,-0.000000,5.000000,5.000000
30.000000,1.000000,5.000000,73,scarcity_peak,idle,0.000000,3.575355,5.000000,5.000000
30.000000,1.000000,5.000000,73,scarcity_peak,clock,2.899279,0.676076,5.000000,5.000000
30.000000,1.000000,5.000000,73,scarcity_peak,forecast,2.899279,0.676076,5.000000,5.000000
30.000000,1.000000,5.000000,73,scarcity_peak,hindsight,3.575355,-0.000000,5.000000,5.000000
30.000000,1.000000,5.000000,74,negative_midday,idle,0.000000,2.690672,5.000000,5.000000
30.000000,1.000000,5.000000,74,negative_midday,clock,1.929601,0.761071,5.000000,5.000000
30.000000,1.000000,5.000000,74,negative_midday,forecast,1.929601,0.761071,5.000000,5.000000
30.000000,1.000000,5.000000,74,negative_midday,hindsight,2.690672,0.000000,5.000000,5.000000
30.000000,1.000000,5.000000,75,flat_missed_event,idle,0.000000,1.432765,5.000000,5.000000
30.000000,1.000000,5.000000,75,flat_missed_event,clock,-0.014417,1.447182,5.000000,5.000000
30.000000,1.000000,5.000000,75,flat_missed_event,forecast,0.000000,1.432765,5.000000,5.000000
30.000000,1.000000,5.000000,75,flat_missed_event,hindsight,1.432765,-0.000000,5.000000,5.000000
30.000000,1.000000,5.000000,76,evening_peak,idle,0.000000,2.215763,5.000000,5.000000
30.000000,1.000000,5.000000,76,evening_peak,clock,1.328038,0.887724,5.000000,5.000000
30.000000,1.000000,5.000000,76,evening_peak,forecast,1.328038,0.887724,5.000000,5.000000
30.000000,1.000000,5.000000,76,evening_peak,hindsight,2.215763,0.000000,5.000000,5.000000
30.000000,1.000000,5.000000,77,scarcity_peak,idle,0.000000,3.608712,5.000000,5.000000
30.000000,1.000000,5.000000,77,scarcity_peak,clock,2.744654,0.864058,5.000000,5.000000
30.000000,1.000000,5.000000,77,scarcity_peak,forecast,2.744654,0.864058,5.000000,5.000000
30.000000,1.000000,5.000000,77,scarcity_peak,hindsight,3.608712,0.000000,5.000000,5.000000
30.000000,1.000000,5.000000,78,negative_midday,idle,0.000000,3.193436,5.000000,5.000000
30.000000,1.000000,5.000000,78,negative_midday,clock,1.890080,1.303356,5.000000,5.000000
30.000000,1.000000,5.000000,78,negative_midday,forecast,1.890080,1.303356,5.000000,5.000000
30.000000,1.000000,5.000000,78,negative_midday,hindsight,3.193436,-0.000000,5.000000,5.000000
30.000000,1.000000,5.000000,79,flat_missed_event,idle,0.000000,1.048694,5.000000,5.000000
30.000000,1.000000,5.000000,79,flat_missed_event,clock,-0.652278,1.700972,5.000000,5.000000
30.000000,1.000000,5.000000,79,flat_missed_event,forecast,0.000000,1.048694,5.000000,5.000000
30.000000,1.000000,5.000000,79,flat_missed_event,hindsight,1.048694,0.000000,5.000000,5.000000
30.000000,1.000000,5.000000,80,evening_peak,idle,0.000000,1.904452,5.000000,5.000000
30.000000,1.000000,5.000000,80,evening_peak,clock,1.128619,0.775833,5.000000,5.000000
30.000000,1.000000,5.000000,80,evening_peak,forecast,1.128619,0.775833,5.000000,5.000000
30.000000,1.000000,5.000000,80,evening_peak,hindsight,1.904452,0.000000,5.000000,5.000000
30.000000,1.000000,5.000000,81,scarcity_peak,idle,0.000000,3.366338,5.000000,5.000000
30.000000,1.000000,5.000000,81,scarcity_peak,clock,2.812100,0.554238,5.000000,5.000000
30.000000,1.000000,5.000000,81,scarcity_peak,forecast,2.812100,0.554238,5.000000,5.000000
30.000000,1.000000,5.000000,81,scarcity_peak,hindsight,3.366338,0.000000,5.000000,5.000000
30.000000,1.000000,5.000000,82,negative_midday,idle,0.000000,2.511986,5.000000,5.000000
30.000000,1.000000,5.000000,82,negative_midday,clock,1.979974,0.532012,5.000000,5.000000
30.000000,1.000000,5.000000,82,negative_midday,forecast,1.979974,0.532012,5.000000,5.000000
30.000000,1.000000,5.000000,82,negative_midday,hindsight,2.511986,-0.000000,5.000000,5.000000
30.000000,1.000000,5.000000,83,flat_missed_event,idle,0.000000,1.334018,5.000000,5.000000
30.000000,1.000000,5.000000,83,flat_missed_event,clock,0.146787,1.187230,5.000000,5.000000
30.000000,1.000000,5.000000,83,flat_missed_event,forecast,0.000000,1.334018,5.000000,5.000000
30.000000,1.000000,5.000000,83,flat_missed_event,hindsight,1.334018,0.000000,5.000000,5.000000
30.000000,1.000000,5.000000,84,evening_peak,idle,0.000000,1.847132,5.000000,5.000000
30.000000,1.000000,5.000000,84,evening_peak,clock,0.996461,0.850671,5.000000,5.000000
30.000000,1.000000,5.000000,84,evening_peak,forecast,0.996461,0.850671,5.000000,5.000000
30.000000,1.000000,5.000000,84,evening_peak,hindsight,1.847132,-0.000000,5.000000,5.000000
30.000000,1.000000,5.000000,85,scarcity_peak,idle,0.000000,3.641808,5.000000,5.000000
30.000000,1.000000,5.000000,85,scarcity_peak,clock,3.180546,0.461262,5.000000,5.000000
30.000000,1.000000,5.000000,85,scarcity_peak,forecast,3.180546,0.461262,5.000000,5.000000
30.000000,1.000000,5.000000,85,scarcity_peak,hindsight,3.641808,0.000000,5.000000,5.000000
30.000000,1.000000,5.000000,86,negative_midday,idle,0.000000,2.723619,5.000000,5.000000
30.000000,1.000000,5.000000,86,negative_midday,clock,1.860665,0.862954,5.000000,5.000000
30.000000,1.000000,5.000000,86,negative_midday,forecast,1.860665,0.862954,5.000000,5.000000
30.000000,1.000000,5.000000,86,negative_midday,hindsight,2.723619,0.000000,5.000000,5.000000
30.000000,1.000000,5.000000,87,flat_missed_event,idle,0.000000,1.501327,5.000000,5.000000
30.000000,1.000000,5.000000,87,flat_missed_event,clock,-0.288541,1.789868,5.000000,5.000000
30.000000,1.000000,5.000000,87,flat_missed_event,forecast,0.000000,1.501327,5.000000,5.000000
30.000000,1.000000,5.000000,87,flat_missed_event,hindsight,1.501327,0.000000,5.000000,5.000000
30.000000,1.000000,5.000000,88,evening_peak,idle,0.000000,1.861598,5.000000,5.000000
30.000000,1.000000,5.000000,88,evening_peak,clock,1.066374,0.795224,5.000000,5.000000
30.000000,1.000000,5.000000,88,evening_peak,forecast,1.066374,0.795224,5.000000,5.000000
30.000000,1.000000,5.000000,88,evening_peak,hindsight,1.861598,0.000000,5.000000,5.000000
30.000000,1.000000,5.000000,89,scarcity_peak,idle,0.000000,3.380699,5.000000,5.000000
30.000000,1.000000,5.000000,89,scarcity_peak,clock,2.687799,0.692899,5.000000,5.000000
30.000000,1.000000,5.000000,89,scarcity_peak,forecast,2.687799,0.692899,5.000000,5.000000
30.000000,1.000000,5.000000,89,scarcity_peak,hindsight,3.380699,-0.000000,5.000000,5.000000
30.000000,1.000000,5.000000,90,negative_midday,idle,0.000000,2.795613,5.000000,5.000000
30.000000,1.000000,5.000000,90,negative_midday,clock,1.946032,0.849581,5.000000,5.000000
30.000000,1.000000,5.000000,90,negative_midday,forecast,1.946032,0.849581,5.000000,5.000000
30.000000,1.000000,5.000000,90,negative_midday,hindsight,2.795613,0.000000,5.000000,5.000000
30.000000,1.000000,5.000000,91,flat_missed_event,idle,0.000000,1.080835,5.000000,5.000000
30.000000,1.000000,5.000000,91,flat_missed_event,clock,0.036890,1.043945,5.000000,5.000000
30.000000,1.000000,5.000000,91,flat_missed_event,forecast,0.000000,1.080835,5.000000,5.000000
30.000000,1.000000,5.000000,91,flat_missed_event,hindsight,1.080835,0.000000,5.000000,5.000000
30.000000,1.000000,5.000000,92,evening_peak,idle,0.000000,1.907968,5.000000,5.000000
30.000000,1.000000,5.000000,92,evening_peak,clock,0.952675,0.955293,5.000000,5.000000
30.000000,1.000000,5.000000,92,evening_peak,forecast,0.952675,0.955293,5.000000,5.000000
30.000000,1.000000,5.000000,92,evening_peak,hindsight,1.907968,-0.000000,5.000000,5.000000
30.000000,1.000000,5.000000,93,scarcity_peak,idle,0.000000,3.427910,5.000000,5.000000
30.000000,1.000000,5.000000,93,scarcity_peak,clock,2.996545,0.431365,5.000000,5.000000
30.000000,1.000000,5.000000,93,scarcity_peak,forecast,2.996545,0.431365,5.000000,5.000000
30.000000,1.000000,5.000000,93,scarcity_peak,hindsight,3.427910,0.000000,5.000000,5.000000
30.000000,1.000000,5.000000,94,negative_midday,idle,0.000000,2.557960,5.000000,5.000000
30.000000,1.000000,5.000000,94,negative_midday,clock,2.081608,0.476351,5.000000,5.000000
30.000000,1.000000,5.000000,94,negative_midday,forecast,2.081608,0.476351,5.000000,5.000000
30.000000,1.000000,5.000000,94,negative_midday,hindsight,2.557960,0.000000,5.000000,5.000000
30.000000,1.000000,5.000000,95,flat_missed_event,idle,0.000000,1.354230,5.000000,5.000000
30.000000,1.000000,5.000000,95,flat_missed_event,clock,0.584159,0.770071,5.000000,5.000000
30.000000,1.000000,5.000000,95,flat_missed_event,forecast,0.000000,1.354230,5.000000,5.000000
30.000000,1.000000,5.000000,95,flat_missed_event,hindsight,1.354230,-0.000000,5.000000,5.000000
30.000000,1.000000,5.000000,96,evening_peak,idle,0.000000,1.860152,5.000000,5.000000
30.000000,1.000000,5.000000,96,evening_peak,clock,0.876153,0.983999,5.000000,5.000000
30.000000,1.000000,5.000000,96,evening_peak,forecast,0.876153,0.983999,5.000000,5.000000
30.000000,1.000000,5.000000,96,evening_peak,hindsight,1.860152,-0.000000,5.000000,5.000000
30.000000,1.000000,5.000000,97,scarcity_peak,idle,0.000000,3.547449,5.000000,5.000000
30.000000,1.000000,5.000000,97,scarcity_peak,clock,2.462476,1.084973,5.000000,5.000000
30.000000,1.000000,5.000000,97,scarcity_peak,forecast,2.462476,1.084973,5.000000,5.000000
30.000000,1.000000,5.000000,97,scarcity_peak,hindsight,3.547449,0.000000,5.000000,5.000000
30.000000,1.000000,5.000000,98,negative_midday,idle,0.000000,2.413547,5.000000,5.000000
30.000000,1.000000,5.000000,98,negative_midday,clock,1.644142,0.769406,5.000000,5.000000
30.000000,1.000000,5.000000,98,negative_midday,forecast,1.644142,0.769406,5.000000,5.000000
30.000000,1.000000,5.000000,98,negative_midday,hindsight,2.413547,0.000000,5.000000,5.000000
30.000000,1.000000,5.000000,99,flat_missed_event,idle,0.000000,1.279552,5.000000,5.000000
30.000000,1.000000,5.000000,99,flat_missed_event,clock,-0.013369,1.292921,5.000000,5.000000
30.000000,1.000000,5.000000,99,flat_missed_event,forecast,0.000000,1.279552,5.000000,5.000000
30.000000,1.000000,5.000000,99,flat_missed_event,hindsight,1.279552,0.000000,5.000000,5.000000
30.000000,1.000000,5.000000,100,evening_peak,idle,0.000000,2.053922,5.000000,5.000000
30.000000,1.000000,5.000000,100,evening_peak,clock,1.409382,0.644540,5.000000,5.000000
30.000000,1.000000,5.000000,100,evening_peak,forecast,1.409382,0.644540,5.000000,5.000000
30.000000,1.000000,5.000000,100,evening_peak,hindsight,2.053922,0.000000,5.000000,5.000000
30.000000,1.000000,5.000000,101,scarcity_peak,idle,0.000000,3.555791,5.000000,5.000000
30.000000,1.000000,5.000000,101,scarcity_peak,clock,2.985781,0.570010,5.000000,5.000000
30.000000,1.000000,5.000000,101,scarcity_peak,forecast,2.985781,0.570010,5.000000,5.000000
30.000000,1.000000,5.000000,101,scarcity_peak,hindsight,3.555791,-0.000000,5.000000,5.000000
30.000000,1.000000,5.000000,102,negative_midday,idle,0.000000,2.688093,5.000000,5.000000
30.000000,1.000000,5.000000,102,negative_midday,clock,1.611162,1.076931,5.000000,5.000000
30.000000,1.000000,5.000000,102,negative_midday,forecast,1.611162,1.076931,5.000000,5.000000
30.000000,1.000000,5.000000,102,negative_midday,hindsight,2.688093,0.000000,5.000000,5.000000
30.000000,1.000000,5.000000,103,flat_missed_event,idle,0.000000,1.353405,5.000000,5.000000
30.000000,1.000000,5.000000,103,flat_missed_event,clock,0.300833,1.052572,5.000000,5.000000
30.000000,1.000000,5.000000,103,flat_missed_event,forecast,0.000000,1.353405,5.000000,5.000000
30.000000,1.000000,5.000000,103,flat_missed_event,hindsight,1.353405,0.000000,5.000000,5.000000
30.000000,1.000000,5.000000,104,evening_peak,idle,0.000000,1.836818,5.000000,5.000000
30.000000,1.000000,5.000000,104,evening_peak,clock,0.941152,0.895667,5.000000,5.000000
30.000000,1.000000,5.000000,104,evening_peak,forecast,0.941152,0.895667,5.000000,5.000000
30.000000,1.000000,5.000000,104,evening_peak,hindsight,1.836818,0.000000,5.000000,5.000000
30.000000,1.000000,5.000000,105,scarcity_peak,idle,0.000000,3.533864,5.000000,5.000000
30.000000,1.000000,5.000000,105,scarcity_peak,clock,2.769053,0.764811,5.000000,5.000000
30.000000,1.000000,5.000000,105,scarcity_peak,forecast,2.769053,0.764811,5.000000,5.000000
30.000000,1.000000,5.000000,105,scarcity_peak,hindsight,3.533864,0.000000,5.000000,5.000000
30.000000,1.000000,5.000000,106,negative_midday,idle,0.000000,2.375030,5.000000,5.000000
30.000000,1.000000,5.000000,106,negative_midday,clock,1.595233,0.779798,5.000000,5.000000
30.000000,1.000000,5.000000,106,negative_midday,forecast,1.595233,0.779798,5.000000,5.000000
30.000000,1.000000,5.000000,106,negative_midday,hindsight,2.375030,0.000000,5.000000,5.000000
30.000000,1.000000,5.000000,107,flat_missed_event,idle,0.000000,1.380390,5.000000,5.000000
30.000000,1.000000,5.000000,107,flat_missed_event,clock,0.029117,1.351272,5.000000,5.000000
30.000000,1.000000,5.000000,107,flat_missed_event,forecast,0.000000,1.380390,5.000000,5.000000
30.000000,1.000000,5.000000,107,flat_missed_event,hindsight,1.380390,0.000000,5.000000,5.000000
30.000000,1.000000,5.000000,108,evening_peak,idle,0.000000,1.958254,5.000000,5.000000
30.000000,1.000000,5.000000,108,evening_peak,clock,1.507439,0.450815,5.000000,5.000000
30.000000,1.000000,5.000000,108,evening_peak,forecast,1.507439,0.450815,5.000000,5.000000
30.000000,1.000000,5.000000,108,evening_peak,hindsight,1.958254,0.000000,5.000000,5.000000
30.000000,1.000000,5.000000,109,scarcity_peak,idle,0.000000,3.715697,5.000000,5.000000
30.000000,1.000000,5.000000,109,scarcity_peak,clock,2.612317,1.103380,5.000000,5.000000
30.000000,1.000000,5.000000,109,scarcity_peak,forecast,2.612317,1.103380,5.000000,5.000000
30.000000,1.000000,5.000000,109,scarcity_peak,hindsight,3.715697,0.000000,5.000000,5.000000
30.000000,1.000000,5.000000,110,negative_midday,idle,0.000000,2.597821,5.000000,5.000000
30.000000,1.000000,5.000000,110,negative_midday,clock,1.467746,1.130075,5.000000,5.000000
30.000000,1.000000,5.000000,110,negative_midday,forecast,1.467746,1.130075,5.000000,5.000000
30.000000,1.000000,5.000000,110,negative_midday,hindsight,2.597821,0.000000,5.000000,5.000000
30.000000,1.000000,5.000000,111,flat_missed_event,idle,0.000000,1.263380,5.000000,5.000000
30.000000,1.000000,5.000000,111,flat_missed_event,clock,0.204289,1.059091,5.000000,5.000000
30.000000,1.000000,5.000000,111,flat_missed_event,forecast,0.000000,1.263380,5.000000,5.000000
30.000000,1.000000,5.000000,111,flat_missed_event,hindsight,1.263380,0.000000,5.000000,5.000000
30.000000,1.000000,5.000000,112,evening_peak,idle,0.000000,1.922006,5.000000,5.000000
30.000000,1.000000,5.000000,112,evening_peak,clock,1.399540,0.522466,5.000000,5.000000
30.000000,1.000000,5.000000,112,evening_peak,forecast,1.399540,0.522466,5.000000,5.000000
30.000000,1.000000,5.000000,112,evening_peak,hindsight,1.922006,-0.000000,5.000000,5.000000
30.000000,1.000000,5.000000,113,scarcity_peak,idle,0.000000,3.618690,5.000000,5.000000
30.000000,1.000000,5.000000,113,scarcity_peak,clock,2.686067,0.932623,5.000000,5.000000
30.000000,1.000000,5.000000,113,scarcity_peak,forecast,2.686067,0.932623,5.000000,5.000000
30.000000,1.000000,5.000000,113,scarcity_peak,hindsight,3.618690,0.000000,5.000000,5.000000
30.000000,1.000000,5.000000,114,negative_midday,idle,0.000000,2.392879,5.000000,5.000000
30.000000,1.000000,5.000000,114,negative_midday,clock,1.308687,1.084191,5.000000,5.000000
30.000000,1.000000,5.000000,114,negative_midday,forecast,1.308687,1.084191,5.000000,5.000000
30.000000,1.000000,5.000000,114,negative_midday,hindsight,2.392879,0.000000,5.000000,5.000000
30.000000,1.000000,5.000000,115,flat_missed_event,idle,0.000000,1.160925,5.000000,5.000000
30.000000,1.000000,5.000000,115,flat_missed_event,clock,-0.149849,1.310774,5.000000,5.000000
30.000000,1.000000,5.000000,115,flat_missed_event,forecast,0.000000,1.160925,5.000000,5.000000
30.000000,1.000000,5.000000,115,flat_missed_event,hindsight,1.160925,0.000000,5.000000,5.000000
30.000000,1.000000,5.000000,116,evening_peak,idle,0.000000,2.115877,5.000000,5.000000
30.000000,1.000000,5.000000,116,evening_peak,clock,1.297135,0.818742,5.000000,5.000000
30.000000,1.000000,5.000000,116,evening_peak,forecast,1.297135,0.818742,5.000000,5.000000
30.000000,1.000000,5.000000,116,evening_peak,hindsight,2.115877,0.000000,5.000000,5.000000
30.000000,1.000000,5.000000,117,scarcity_peak,idle,0.000000,3.391369,5.000000,5.000000
30.000000,1.000000,5.000000,117,scarcity_peak,clock,2.778219,0.613150,5.000000,5.000000
30.000000,1.000000,5.000000,117,scarcity_peak,forecast,2.778219,0.613150,5.000000,5.000000
30.000000,1.000000,5.000000,117,scarcity_peak,hindsight,3.391369,0.000000,5.000000,5.000000
30.000000,1.000000,5.000000,118,negative_midday,idle,0.000000,2.878780,5.000000,5.000000
30.000000,1.000000,5.000000,118,negative_midday,clock,2.075380,0.803400,5.000000,5.000000
30.000000,1.000000,5.000000,118,negative_midday,forecast,2.075380,0.803400,5.000000,5.000000
30.000000,1.000000,5.000000,118,negative_midday,hindsight,2.878780,-0.000000,5.000000,5.000000
30.000000,1.000000,5.000000,119,flat_missed_event,idle,0.000000,1.582461,5.000000,5.000000
30.000000,1.000000,5.000000,119,flat_missed_event,clock,-0.208042,1.790503,5.000000,5.000000
30.000000,1.000000,5.000000,119,flat_missed_event,forecast,0.000000,1.582461,5.000000,5.000000
30.000000,1.000000,5.000000,119,flat_missed_event,hindsight,1.582461,0.000000,5.000000,5.000000
30.000000,1.000000,10.000000,0,evening_peak,idle,0.000000,1.681367,10.000000,10.000000
30.000000,1.000000,10.000000,0,evening_peak,clock,0.996727,0.684640,10.000000,10.000000
30.000000,1.000000,10.000000,0,evening_peak,forecast,0.996727,0.684640,10.000000,10.000000
30.000000,1.000000,10.000000,0,evening_peak,hindsight,1.681367,0.000000,10.000000,10.000000
30.000000,1.000000,10.000000,1,scarcity_peak,idle,0.000000,3.082939,10.000000,10.000000
30.000000,1.000000,10.000000,1,scarcity_peak,clock,1.175189,1.907750,10.000000,10.000000
30.000000,1.000000,10.000000,1,scarcity_peak,forecast,1.175189,1.907750,10.000000,10.000000
30.000000,1.000000,10.000000,1,scarcity_peak,hindsight,3.082939,-0.000000,10.000000,10.000000
30.000000,1.000000,10.000000,2,negative_midday,idle,0.000000,1.879101,10.000000,10.000000
30.000000,1.000000,10.000000,2,negative_midday,clock,0.866249,1.012851,10.000000,10.000000
30.000000,1.000000,10.000000,2,negative_midday,forecast,1.241816,0.637285,10.000000,10.000000
30.000000,1.000000,10.000000,2,negative_midday,hindsight,1.879101,0.000000,10.000000,10.000000
30.000000,1.000000,10.000000,3,flat_missed_event,idle,0.000000,1.286245,10.000000,10.000000
30.000000,1.000000,10.000000,3,flat_missed_event,clock,-0.463260,1.749504,10.000000,10.000000
30.000000,1.000000,10.000000,3,flat_missed_event,forecast,0.000000,1.286245,10.000000,10.000000
30.000000,1.000000,10.000000,3,flat_missed_event,hindsight,1.286245,0.000000,10.000000,10.000000
30.000000,1.000000,10.000000,4,evening_peak,idle,0.000000,1.380527,10.000000,10.000000
30.000000,1.000000,10.000000,4,evening_peak,clock,0.571997,0.808530,10.000000,10.000000
30.000000,1.000000,10.000000,4,evening_peak,forecast,0.571997,0.808530,10.000000,10.000000
30.000000,1.000000,10.000000,4,evening_peak,hindsight,1.380527,0.000000,10.000000,10.000000
30.000000,1.000000,10.000000,5,scarcity_peak,idle,0.000000,3.038461,10.000000,10.000000
30.000000,1.000000,10.000000,5,scarcity_peak,clock,0.961264,2.077196,10.000000,10.000000
30.000000,1.000000,10.000000,5,scarcity_peak,forecast,0.961264,2.077196,10.000000,10.000000
30.000000,1.000000,10.000000,5,scarcity_peak,hindsight,3.038461,-0.000000,10.000000,10.000000
30.000000,1.000000,10.000000,6,negative_midday,idle,0.000000,2.330627,10.000000,10.000000
30.000000,1.000000,10.000000,6,negative_midday,clock,1.127970,1.202657,10.000000,10.000000
30.000000,1.000000,10.000000,6,negative_midday,forecast,1.565211,0.765415,10.000000,10.000000
30.000000,1.000000,10.000000,6,negative_midday,hindsight,2.330627,0.000000,10.000000,10.000000
30.000000,1.000000,10.000000,7,flat_missed_event,idle,0.000000,1.181557,10.000000,10.000000
30.000000,1.000000,10.000000,7,flat_missed_event,clock,0.249211,0.932345,10.000000,10.000000
30.000000,1.000000,10.000000,7,flat_missed_event,forecast,0.000000,1.181557,10.000000,10.000000
30.000000,1.000000,10.000000,7,flat_missed_event,hindsight,1.181557,0.000000,10.000000,10.000000
30.000000,1.000000,10.000000,8,evening_peak,idle,0.000000,1.781252,10.000000,10.000000
30.000000,1.000000,10.000000,8,evening_peak,clock,0.756310,1.024942,10.000000,10.000000
30.000000,1.000000,10.000000,8,evening_peak,forecast,0.756310,1.024942,10.000000,10.000000
30.000000,1.000000,10.000000,8,evening_peak,hindsight,1.781252,0.000000,10.000000,10.000000
30.000000,1.000000,10.000000,9,scarcity_peak,idle,0.000000,2.975459,10.000000,10.000000
30.000000,1.000000,10.000000,9,scarcity_peak,clock,0.984663,1.990796,10.000000,10.000000
30.000000,1.000000,10.000000,9,scarcity_peak,forecast,0.984663,1.990796,10.000000,10.000000
30.000000,1.000000,10.000000,9,scarcity_peak,hindsight,2.975459,0.000000,10.000000,10.000000
30.000000,1.000000,10.000000,10,negative_midday,idle,0.000000,1.986500,10.000000,10.000000
30.000000,1.000000,10.000000,10,negative_midday,clock,1.492064,0.494435,10.000000,10.000000
30.000000,1.000000,10.000000,10,negative_midday,forecast,1.626724,0.359776,10.000000,10.000000
30.000000,1.000000,10.000000,10,negative_midday,hindsight,1.986500,0.000000,10.000000,10.000000
30.000000,1.000000,10.000000,11,flat_missed_event,idle,0.000000,1.036992,10.000000,10.000000
30.000000,1.000000,10.000000,11,flat_missed_event,clock,0.136732,0.900260,10.000000,10.000000
30.000000,1.000000,10.000000,11,flat_missed_event,forecast,0.000000,1.036992,10.000000,10.000000
30.000000,1.000000,10.000000,11,flat_missed_event,hindsight,1.036992,0.000000,10.000000,10.000000
30.000000,1.000000,10.000000,12,evening_peak,idle,0.000000,1.981438,10.000000,10.000000
30.000000,1.000000,10.000000,12,evening_peak,clock,1.245567,0.735871,10.000000,10.000000
30.000000,1.000000,10.000000,12,evening_peak,forecast,1.245567,0.735871,10.000000,10.000000
30.000000,1.000000,10.000000,12,evening_peak,hindsight,1.981438,0.000000,10.000000,10.000000
30.000000,1.000000,10.000000,13,scarcity_peak,idle,0.000000,3.049438,10.000000,10.000000
30.000000,1.000000,10.000000,13,scarcity_peak,clock,0.474778,2.574661,10.000000,10.000000
30.000000,1.000000,10.000000,13,scarcity_peak,forecast,0.474778,2.574661,10.000000,10.000000
30.000000,1.000000,10.000000,13,scarcity_peak,hindsight,3.049438,0.000000,10.000000,10.000000
30.000000,1.000000,10.000000,14,negative_midday,idle,0.000000,2.088234,10.000000,10.000000
30.000000,1.000000,10.000000,14,negative_midday,clock,1.006844,1.081390,10.000000,10.000000
30.000000,1.000000,10.000000,14,negative_midday,forecast,1.456910,0.631324,10.000000,10.000000
30.000000,1.000000,10.000000,14,negative_midday,hindsight,2.088234,0.000000,10.000000,10.000000
30.000000,1.000000,10.000000,15,flat_missed_event,idle,0.000000,1.273152,10.000000,10.000000
30.000000,1.000000,10.000000,15,flat_missed_event,clock,0.201159,1.071993,10.000000,10.000000
30.000000,1.000000,10.000000,15,flat_missed_event,forecast,0.000000,1.273152,10.000000,10.000000
30.000000,1.000000,10.000000,15,flat_missed_event,hindsight,1.273152,0.000000,10.000000,10.000000
30.000000,1.000000,10.000000,16,evening_peak,idle,0.000000,1.551521,10.000000,10.000000
30.000000,1.000000,10.000000,16,evening_peak,clock,0.617548,0.933973,10.000000,10.000000
30.000000,1.000000,10.000000,16,evening_peak,forecast,0.617548,0.933973,10.000000,10.000000
30.000000,1.000000,10.000000,16,evening_peak,hindsight,1.551521,0.000000,10.000000,10.000000
30.000000,1.000000,10.000000,17,scarcity_peak,idle,0.000000,3.412341,10.000000,10.000000
30.000000,1.000000,10.000000,17,scarcity_peak,clock,0.880630,2.531711,10.000000,10.000000
30.000000,1.000000,10.000000,17,scarcity_peak,forecast,0.880630,2.531711,10.000000,10.000000
30.000000,1.000000,10.000000,17,scarcity_peak,hindsight,3.412341,0.000000,10.000000,10.000000
30.000000,1.000000,10.000000,18,negative_midday,idle,0.000000,1.818181,10.000000,10.000000
30.000000,1.000000,10.000000,18,negative_midday,clock,1.149726,0.668455,10.000000,10.000000
30.000000,1.000000,10.000000,18,negative_midday,forecast,1.320540,0.497641,10.000000,10.000000
30.000000,1.000000,10.000000,18,negative_midday,hindsight,1.818181,-0.000000,10.000000,10.000000
30.000000,1.000000,10.000000,19,flat_missed_event,idle,0.000000,1.226100,10.000000,10.000000
30.000000,1.000000,10.000000,19,flat_missed_event,clock,0.138142,1.087957,10.000000,10.000000
30.000000,1.000000,10.000000,19,flat_missed_event,forecast,0.000000,1.226100,10.000000,10.000000
30.000000,1.000000,10.000000,19,flat_missed_event,hindsight,1.226100,-0.000000,10.000000,10.000000
30.000000,1.000000,10.000000,20,evening_peak,idle,0.000000,1.661011,10.000000,10.000000
30.000000,1.000000,10.000000,20,evening_peak,clock,0.928403,0.732608,10.000000,10.000000
30.000000,1.000000,10.000000,20,evening_peak,forecast,0.928403,0.732608,10.000000,10.000000
30.000000,1.000000,10.000000,20,evening_peak,hindsight,1.661011,0.000000,10.000000,10.000000
30.000000,1.000000,10.000000,21,scarcity_peak,idle,0.000000,3.164489,10.000000,10.000000
30.000000,1.000000,10.000000,21,scarcity_peak,clock,0.933760,2.230729,10.000000,10.000000
30.000000,1.000000,10.000000,21,scarcity_peak,forecast,0.933760,2.230729,10.000000,10.000000
30.000000,1.000000,10.000000,21,scarcity_peak,hindsight,3.164489,-0.000000,10.000000,10.000000
30.000000,1.000000,10.000000,22,negative_midday,idle,0.000000,1.989089,10.000000,10.000000
30.000000,1.000000,10.000000,22,negative_midday,clock,0.783024,1.206065,10.000000,10.000000
30.000000,1.000000,10.000000,22,negative_midday,forecast,1.268957,0.720132,10.000000,10.000000
30.000000,1.000000,10.000000,22,negative_midday,hindsight,1.989089,-0.000000,10.000000,10.000000
30.000000,1.000000,10.000000,23,flat_missed_event,idle,0.000000,1.095732,10.000000,10.000000
30.000000,1.000000,10.000000,23,flat_missed_event,clock,-0.270658,1.366390,10.000000,10.000000
30.000000,1.000000,10.000000,23,flat_missed_event,forecast,0.000000,1.095732,10.000000,10.000000
30.000000,1.000000,10.000000,23,flat_missed_event,hindsight,1.095732,0.000000,10.000000,10.000000
30.000000,1.000000,10.000000,24,evening_peak,idle,0.000000,1.518226,10.000000,10.000000
30.000000,1.000000,10.000000,24,evening_peak,clock,1.189990,0.328236,10.000000,10.000000
30.000000,1.000000,10.000000,24,evening_peak,forecast,1.189990,0.328236,10.000000,10.000000
30.000000,1.000000,10.000000,24,evening_peak,hindsight,1.518226,0.000000,10.000000,10.000000
30.000000,1.000000,10.000000,25,scarcity_peak,idle,0.000000,3.040230,10.000000,10.000000
30.000000,1.000000,10.000000,25,scarcity_peak,clock,1.009138,2.031091,10.000000,10.000000
30.000000,1.000000,10.000000,25,scarcity_peak,forecast,1.009138,2.031091,10.000000,10.000000
30.000000,1.000000,10.000000,25,scarcity_peak,hindsight,3.040230,-0.000000,10.000000,10.000000
30.000000,1.000000,10.000000,26,negative_midday,idle,0.000000,1.936679,10.000000,10.000000
30.000000,1.000000,10.000000,26,negative_midday,clock,0.624928,1.311752,10.000000,10.000000
30.000000,1.000000,10.000000,26,negative_midday,forecast,1.000317,0.936363,10.000000,10.000000
30.000000,1.000000,10.000000,26,negative_midday,hindsight,1.936679,0.000000,10.000000,10.000000
30.000000,1.000000,10.000000,27,flat_missed_event,idle,0.000000,0.962131,10.000000,10.000000
30.000000,1.000000,10.000000,27,flat_missed_event,clock,-0.236792,1.198923,10.000000,10.000000
30.000000,1.000000,10.000000,27,flat_missed_event,forecast,0.000000,0.962131,10.000000,10.000000
30.000000,1.000000,10.000000,27,flat_missed_event,hindsight,0.962131,0.000000,10.000000,10.000000
30.000000,1.000000,10.000000,28,evening_peak,idle,0.000000,1.610447,10.000000,10.000000
30.000000,1.000000,10.000000,28,evening_peak,clock,1.002101,0.608346,10.000000,10.000000
30.000000,1.000000,10.000000,28,evening_peak,forecast,1.002101,0.608346,10.000000,10.000000
30.000000,1.000000,10.000000,28,evening_peak,hindsight,1.610447,0.000000,10.000000,10.000000
30.000000,1.000000,10.000000,29,scarcity_peak,idle,0.000000,3.295982,10.000000,10.000000
30.000000,1.000000,10.000000,29,scarcity_peak,clock,0.590954,2.705028,10.000000,10.000000
30.000000,1.000000,10.000000,29,scarcity_peak,forecast,0.590954,2.705028,10.000000,10.000000
30.000000,1.000000,10.000000,29,scarcity_peak,hindsight,3.295982,0.000000,10.000000,10.000000
30.000000,1.000000,10.000000,30,negative_midday,idle,0.000000,2.122785,10.000000,10.000000
30.000000,1.000000,10.000000,30,negative_midday,clock,1.113739,1.009046,10.000000,10.000000
30.000000,1.000000,10.000000,30,negative_midday,forecast,1.616502,0.506284,10.000000,10.000000
30.000000,1.000000,10.000000,30,negative_midday,hindsight,2.122785,0.000000,10.000000,10.000000
30.000000,1.000000,10.000000,31,flat_missed_event,idle,0.000000,1.117835,10.000000,10.000000
30.000000,1.000000,10.000000,31,flat_missed_event,clock,-0.229837,1.347672,10.000000,10.000000
30.000000,1.000000,10.000000,31,flat_missed_event,forecast,0.000000,1.117835,10.000000,10.000000
30.000000,1.000000,10.000000,31,flat_missed_event,hindsight,1.117835,0.000000,10.000000,10.000000
30.000000,1.000000,10.000000,32,evening_peak,idle,0.000000,1.562161,10.000000,10.000000
30.000000,1.000000,10.000000,32,evening_peak,clock,0.957844,0.604318,10.000000,10.000000
30.000000,1.000000,10.000000,32,evening_peak,forecast,0.957844,0.604318,10.000000,10.000000
30.000000,1.000000,10.000000,32,evening_peak,hindsight,1.562161,0.000000,10.000000,10.000000
30.000000,1.000000,10.000000,33,scarcity_peak,idle,0.000000,2.777649,10.000000,10.000000
30.000000,1.000000,10.000000,33,scarcity_peak,clock,0.910607,1.867042,10.000000,10.000000
30.000000,1.000000,10.000000,33,scarcity_peak,forecast,0.910607,1.867042,10.000000,10.000000
30.000000,1.000000,10.000000,33,scarcity_peak,hindsight,2.777649,-0.000000,10.000000,10.000000
30.000000,1.000000,10.000000,34,negative_midday,idle,0.000000,2.409367,10.000000,10.000000
30.000000,1.000000,10.000000,34,negative_midday,clock,1.194216,1.215151,10.000000,10.000000
30.000000,1.000000,10.000000,34,negative_midday,forecast,1.568200,0.841167,10.000000,10.000000
30.000000,1.000000,10.000000,34,negative_midday,hindsight,2.409367,0.000000,10.000000,10.000000
30.000000,1.000000,10.000000,35,flat_missed_event,idle,0.000000,1.153640,10.000000,10.000000
30.000000,1.000000,10.000000,35,flat_missed_event,clock,-0.280306,1.433947,10.000000,10.000000
30.000000,1.000000,10.000000,35,flat_missed_event,forecast,0.000000,1.153640,10.000000,10.000000
30.000000,1.000000,10.000000,35,flat_missed_event,hindsight,1.153640,0.000000,10.000000,10.000000
30.000000,1.000000,10.000000,36,evening_peak,idle,0.000000,1.571570,10.000000,10.000000
30.000000,1.000000,10.000000,36,evening_peak,clock,0.987685,0.583885,10.000000,10.000000
30.000000,1.000000,10.000000,36,evening_peak,forecast,0.987685,0.583885,10.000000,10.000000
30.000000,1.000000,10.000000,36,evening_peak,hindsight,1.571570,0.000000,10.000000,10.000000
30.000000,1.000000,10.000000,37,scarcity_peak,idle,0.000000,3.266667,10.000000,10.000000
30.000000,1.000000,10.000000,37,scarcity_peak,clock,1.209580,2.057086,10.000000,10.000000
30.000000,1.000000,10.000000,37,scarcity_peak,forecast,1.209580,2.057086,10.000000,10.000000
30.000000,1.000000,10.000000,37,scarcity_peak,hindsight,3.266667,0.000000,10.000000,10.000000
30.000000,1.000000,10.000000,38,negative_midday,idle,0.000000,1.697254,10.000000,10.000000
30.000000,1.000000,10.000000,38,negative_midday,clock,1.071196,0.626058,10.000000,10.000000
30.000000,1.000000,10.000000,38,negative_midday,forecast,1.441381,0.255873,10.000000,10.000000
30.000000,1.000000,10.000000,38,negative_midday,hindsight,1.697254,0.000000,10.000000,10.000000
30.000000,1.000000,10.000000,39,flat_missed_event,idle,0.000000,1.266387,10.000000,10.000000
30.000000,1.000000,10.000000,39,flat_missed_event,clock,0.181346,1.085042,10.000000,10.000000
30.000000,1.000000,10.000000,39,flat_missed_event,forecast,0.000000,1.266387,10.000000,10.000000
30.000000,1.000000,10.000000,39,flat_missed_event,hindsight,1.266387,0.000000,10.000000,10.000000
30.000000,1.000000,10.000000,40,evening_peak,idle,0.000000,1.802221,10.000000,10.000000
30.000000,1.000000,10.000000,40,evening_peak,clock,1.234951,0.567270,10.000000,10.000000
30.000000,1.000000,10.000000,40,evening_peak,forecast,1.234951,0.567270,10.000000,10.000000
30.000000,1.000000,10.000000,40,evening_peak,hindsight,1.802221,0.000000,10.000000,10.000000
30.000000,1.000000,10.000000,41,scarcity_peak,idle,0.000000,3.099871,10.000000,10.000000
30.000000,1.000000,10.000000,41,scarcity_peak,clock,0.626530,2.473341,10.000000,10.000000
30.000000,1.000000,10.000000,41,scarcity_peak,forecast,0.626530,2.473341,10.000000,10.000000
30.000000,1.000000,10.000000,41,scarcity_peak,hindsight,3.099871,0.000000,10.000000,10.000000
30.000000,1.000000,10.000000,42,negative_midday,idle,0.000000,1.950518,10.000000,10.000000
30.000000,1.000000,10.000000,42,negative_midday,clock,1.065419,0.885099,10.000000,10.000000
30.000000,1.000000,10.000000,42,negative_midday,forecast,1.189111,0.761407,10.000000,10.000000
30.000000,1.000000,10.000000,42,negative_midday,hindsight,1.950518,0.000000,10.000000,10.000000
30.000000,1.000000,10.000000,43,flat_missed_event,idle,0.000000,1.064152,10.000000,10.000000
30.000000,1.000000,10.000000,43,flat_missed_event,clock,-0.153512,1.217664,10.000000,10.000000
30.000000,1.000000,10.000000,43,flat_missed_event,forecast,0.000000,1.064152,10.000000,10.000000
30.000000,1.000000,10.000000,43,flat_missed_event,hindsight,1.064152,0.000000,10.000000,10.000000
30.000000,1.000000,10.000000,44,evening_peak,idle,0.000000,1.622190,10.000000,10.000000
30.000000,1.000000,10.000000,44,evening_peak,clock,0.973402,0.648788,10.000000,10.000000
30.000000,1.000000,10.000000,44,evening_peak,forecast,0.973402,0.648788,10.000000,10.000000
30.000000,1.000000,10.000000,44,evening_peak,hindsight,1.622190,0.000000,10.000000,10.000000
30.000000,1.000000,10.000000,45,scarcity_peak,idle,0.000000,3.042066,10.000000,10.000000
30.000000,1.000000,10.000000,45,scarcity_peak,clock,0.794825,2.247241,10.000000,10.000000
30.000000,1.000000,10.000000,45,scarcity_peak,forecast,0.794825,2.247241,10.000000,10.000000
30.000000,1.000000,10.000000,45,scarcity_peak,hindsight,3.042066,0.000000,10.000000,10.000000
30.000000,1.000000,10.000000,46,negative_midday,idle,0.000000,2.294710,10.000000,10.000000
30.000000,1.000000,10.000000,46,negative_midday,clock,1.205609,1.089101,10.000000,10.000000
30.000000,1.000000,10.000000,46,negative_midday,forecast,1.709914,0.584796,10.000000,10.000000
30.000000,1.000000,10.000000,46,negative_midday,hindsight,2.294710,0.000000,10.000000,10.000000
30.000000,1.000000,10.000000,47,flat_missed_event,idle,0.000000,0.994417,10.000000,10.000000
30.000000,1.000000,10.000000,47,flat_missed_event,clock,-0.038359,1.032775,10.000000,10.000000
30.000000,1.000000,10.000000,47,flat_missed_event,forecast,0.000000,0.994417,10.000000,10.000000
30.000000,1.000000,10.000000,47,flat_missed_event,hindsight,0.994417,0.000000,10.000000,10.000000
30.000000,1.000000,10.000000,48,evening_peak,idle,0.000000,1.663400,10.000000,10.000000
30.000000,1.000000,10.000000,48,evening_peak,clock,0.981757,0.681643,10.000000,10.000000
30.000000,1.000000,10.000000,48,evening_peak,forecast,0.981757,0.681643,10.000000,10.000000
30.000000,1.000000,10.000000,48,evening_peak,hindsight,1.663400,0.000000,10.000000,10.000000
30.000000,1.000000,10.000000,49,scarcity_peak,idle,0.000000,3.268421,10.000000,10.000000
30.000000,1.000000,10.000000,49,scarcity_peak,clock,1.048941,2.219480,10.000000,10.000000
30.000000,1.000000,10.000000,49,scarcity_peak,forecast,1.048941,2.219480,10.000000,10.000000
30.000000,1.000000,10.000000,49,scarcity_peak,hindsight,3.268421,0.000000,10.000000,10.000000
30.000000,1.000000,10.000000,50,negative_midday,idle,0.000000,2.000755,10.000000,10.000000
30.000000,1.000000,10.000000,50,negative_midday,clock,1.085494,0.915261,10.000000,10.000000
30.000000,1.000000,10.000000,50,negative_midday,forecast,1.301789,0.698966,10.000000,10.000000
30.000000,1.000000,10.000000,50,negative_midday,hindsight,2.000755,-0.000000,10.000000,10.000000
30.000000,1.000000,10.000000,51,flat_missed_event,idle,0.000000,1.041959,10.000000,10.000000
30.000000,1.000000,10.000000,51,flat_missed_event,clock,-0.106828,1.148788,10.000000,10.000000
30.000000,1.000000,10.000000,51,flat_missed_event,forecast,0.000000,1.041959,10.000000,10.000000
30.000000,1.000000,10.000000,51,flat_missed_event,hindsight,1.041959,0.000000,10.000000,10.000000
30.000000,1.000000,10.000000,52,evening_peak,idle,0.000000,1.617437,10.000000,10.000000
30.000000,1.000000,10.000000,52,evening_peak,clock,0.601861,1.015576,10.000000,10.000000
30.000000,1.000000,10.000000,52,evening_peak,forecast,0.601861,1.015576,10.000000,10.000000
30.000000,1.000000,10.000000,52,evening_peak,hindsight,1.617437,0.000000,10.000000,10.000000
30.000000,1.000000,10.000000,53,scarcity_peak,idle,0.000000,2.675066,10.000000,10.000000
30.000000,1.000000,10.000000,53,scarcity_peak,clock,0.320964,2.354102,10.000000,10.000000
30.000000,1.000000,10.000000,53,scarcity_peak,forecast,0.320964,2.354102,10.000000,10.000000
30.000000,1.000000,10.000000,53,scarcity_peak,hindsight,2.675066,0.000000,10.000000,10.000000
30.000000,1.000000,10.000000,54,negative_midday,idle,0.000000,2.127607,10.000000,10.000000
30.000000,1.000000,10.000000,54,negative_midday,clock,1.037109,1.090498,10.000000,10.000000
30.000000,1.000000,10.000000,54,negative_midday,forecast,1.465080,0.662528,10.000000,10.000000
30.000000,1.000000,10.000000,54,negative_midday,hindsight,2.127607,0.000000,10.000000,10.000000
30.000000,1.000000,10.000000,55,flat_missed_event,idle,0.000000,1.258643,10.000000,10.000000
30.000000,1.000000,10.000000,55,flat_missed_event,clock,0.025002,1.233641,10.000000,10.000000
30.000000,1.000000,10.000000,55,flat_missed_event,forecast,0.000000,1.258643,10.000000,10.000000
30.000000,1.000000,10.000000,55,flat_missed_event,hindsight,1.258643,0.000000,10.000000,10.000000
30.000000,1.000000,10.000000,56,evening_peak,idle,0.000000,1.763295,10.000000,10.000000
30.000000,1.000000,10.000000,56,evening_peak,clock,0.906286,0.857009,10.000000,10.000000
30.000000,1.000000,10.000000,56,evening_peak,forecast,0.906286,0.857009,10.000000,10.000000
30.000000,1.000000,10.000000,56,evening_peak,hindsight,1.763295,0.000000,10.000000,10.000000
30.000000,1.000000,10.000000,57,scarcity_peak,idle,0.000000,3.155175,10.000000,10.000000
30.000000,1.000000,10.000000,57,scarcity_peak,clock,0.789580,2.365595,10.000000,10.000000
30.000000,1.000000,10.000000,57,scarcity_peak,forecast,0.789580,2.365595,10.000000,10.000000
30.000000,1.000000,10.000000,57,scarcity_peak,hindsight,3.155175,-0.000000,10.000000,10.000000
30.000000,1.000000,10.000000,58,negative_midday,idle,0.000000,2.584306,10.000000,10.000000
30.000000,1.000000,10.000000,58,negative_midday,clock,1.497434,1.086872,10.000000,10.000000
30.000000,1.000000,10.000000,58,negative_midday,forecast,1.936874,0.647432,10.000000,10.000000
30.000000,1.000000,10.000000,58,negative_midday,hindsight,2.584306,0.000000,10.000000,10.000000
30.000000,1.000000,10.000000,59,flat_missed_event,idle,0.000000,1.304293,10.000000,10.000000
30.000000,1.000000,10.000000,59,flat_missed_event,clock,0.007721,1.296572,10.000000,10.000000
30.000000,1.000000,10.000000,59,flat_missed_event,forecast,0.000000,1.304293,10.000000,10.000000
30.000000,1.000000,10.000000,59,flat_missed_event,hindsight,1.304293,-0.000000,10.000000,10.000000
30.000000,1.000000,10.000000,60,evening_peak,idle,0.000000,1.321352,10.000000,10.000000
30.000000,1.000000,10.000000,60,evening_peak,clock,0.609654,0.711698,10.000000,10.000000
30.000000,1.000000,10.000000,60,evening_peak,forecast,0.609654,0.711698,10.000000,10.000000
30.000000,1.000000,10.000000,60,evening_peak,hindsight,1.321352,0.000000,10.000000,10.000000
30.000000,1.000000,10.000000,61,scarcity_peak,idle,0.000000,3.240208,10.000000,10.000000
30.000000,1.000000,10.000000,61,scarcity_peak,clock,0.582586,2.657623,10.000000,10.000000
30.000000,1.000000,10.000000,61,scarcity_peak,forecast,0.582586,2.657623,10.000000,10.000000
30.000000,1.000000,10.000000,61,scarcity_peak,hindsight,3.240208,0.000000,10.000000,10.000000
30.000000,1.000000,10.000000,62,negative_midday,idle,0.000000,1.957064,10.000000,10.000000
30.000000,1.000000,10.000000,62,negative_midday,clock,0.973058,0.984006,10.000000,10.000000
30.000000,1.000000,10.000000,62,negative_midday,forecast,1.342902,0.614162,10.000000,10.000000
30.000000,1.000000,10.000000,62,negative_midday,hindsight,1.957064,-0.000000,10.000000,10.000000
30.000000,1.000000,10.000000,63,flat_missed_event,idle,0.000000,1.252811,10.000000,10.000000
30.000000,1.000000,10.000000,63,flat_missed_event,clock,0.356467,0.896344,10.000000,10.000000
30.000000,1.000000,10.000000,63,flat_missed_event,forecast,0.000000,1.252811,10.000000,10.000000
30.000000,1.000000,10.000000,63,flat_missed_event,hindsight,1.252811,0.000000,10.000000,10.000000
30.000000,1.000000,10.000000,64,evening_peak,idle,0.000000,1.588617,10.000000,10.000000
30.000000,1.000000,10.000000,64,evening_peak,clock,0.912381,0.676235,10.000000,10.000000
30.000000,1.000000,10.000000,64,evening_peak,forecast,0.912381,0.676235,10.000000,10.000000
30.000000,1.000000,10.000000,64,evening_peak,hindsight,1.588617,-0.000000,10.000000,10.000000
30.000000,1.000000,10.000000,65,scarcity_peak,idle,0.000000,3.260824,10.000000,10.000000
30.000000,1.000000,10.000000,65,scarcity_peak,clock,0.965306,2.295517,10.000000,10.000000
30.000000,1.000000,10.000000,65,scarcity_peak,forecast,0.965306,2.295517,10.000000,10.000000
30.000000,1.000000,10.000000,65,scarcity_peak,hindsight,3.260824,0.000000,10.000000,10.000000
30.000000,1.000000,10.000000,66,negative_midday,idle,0.000000,2.478558,10.000000,10.000000
30.000000,1.000000,10.000000,66,negative_midday,clock,1.494722,0.983837,10.000000,10.000000
30.000000,1.000000,10.000000,66,negative_midday,forecast,1.895914,0.582644,10.000000,10.000000
30.000000,1.000000,10.000000,66,negative_midday,hindsight,2.478558,-0.000000,10.000000,10.000000
30.000000,1.000000,10.000000,67,flat_missed_event,idle,0.000000,1.158893,10.000000,10.000000
30.000000,1.000000,10.000000,67,flat_missed_event,clock,0.381654,0.777239,10.000000,10.000000
30.000000,1.000000,10.000000,67,flat_missed_event,forecast,0.000000,1.158893,10.000000,10.000000
30.000000,1.000000,10.000000,67,flat_missed_event,hindsight,1.158893,0.000000,10.000000,10.000000
30.000000,1.000000,10.000000,68,evening_peak,idle,0.000000,1.431443,10.000000,10.000000
30.000000,1.000000,10.000000,68,evening_peak,clock,0.874021,0.557422,10.000000,10.000000
30.000000,1.000000,10.000000,68,evening_peak,forecast,0.874021,0.557422,10.000000,10.000000
30.000000,1.000000,10.000000,68,evening_peak,hindsight,1.431443,0.000000,10.000000,10.000000
30.000000,1.000000,10.000000,69,scarcity_peak,idle,0.000000,2.848970,10.000000,10.000000
30.000000,1.000000,10.000000,69,scarcity_peak,clock,0.255553,2.593417,10.000000,10.000000
30.000000,1.000000,10.000000,69,scarcity_peak,forecast,0.255553,2.593417,10.000000,10.000000
30.000000,1.000000,10.000000,69,scarcity_peak,hindsight,2.848970,0.000000,10.000000,10.000000
30.000000,1.000000,10.000000,70,negative_midday,idle,0.000000,1.856007,10.000000,10.000000
30.000000,1.000000,10.000000,70,negative_midday,clock,0.766974,1.089033,10.000000,10.000000
30.000000,1.000000,10.000000,70,negative_midday,forecast,1.172955,0.683052,10.000000,10.000000
30.000000,1.000000,10.000000,70,negative_midday,hindsight,1.856007,0.000000,10.000000,10.000000
30.000000,1.000000,10.000000,71,flat_missed_event,idle,0.000000,1.278272,10.000000,10.000000
30.000000,1.000000,10.000000,71,flat_missed_event,clock,-0.011631,1.289903,10.000000,10.000000
30.000000,1.000000,10.000000,71,flat_missed_event,forecast,0.000000,1.278272,10.000000,10.000000
30.000000,1.000000,10.000000,71,flat_missed_event,hindsight,1.278272,0.000000,10.000000,10.000000
30.000000,1.000000,10.000000,72,evening_peak,idle,0.000000,1.571167,10.000000,10.000000
30.000000,1.000000,10.000000,72,evening_peak,clock,0.880825,0.690343,10.000000,10.000000
30.000000,1.000000,10.000000,72,evening_peak,forecast,0.880825,0.690343,10.000000,10.000000
30.000000,1.000000,10.000000,72,evening_peak,hindsight,1.571167,0.000000,10.000000,10.000000
30.000000,1.000000,10.000000,73,scarcity_peak,idle,0.000000,3.143909,10.000000,10.000000
30.000000,1.000000,10.000000,73,scarcity_peak,clock,0.957368,2.186541,10.000000,10.000000
30.000000,1.000000,10.000000,73,scarcity_peak,forecast,0.957368,2.186541,10.000000,10.000000
30.000000,1.000000,10.000000,73,scarcity_peak,hindsight,3.143909,-0.000000,10.000000,10.000000
30.000000,1.000000,10.000000,74,negative_midday,idle,0.000000,2.262926,10.000000,10.000000
30.000000,1.000000,10.000000,74,negative_midday,clock,1.144112,1.118813,10.000000,10.000000
30.000000,1.000000,10.000000,74,negative_midday,forecast,1.579159,0.683766,10.000000,10.000000
30.000000,1.000000,10.000000,74,negative_midday,hindsight,2.262926,-0.000000,10.000000,10.000000
30.000000,1.000000,10.000000,75,flat_missed_event,idle,0.000000,1.329132,10.000000,10.000000
30.000000,1.000000,10.000000,75,flat_missed_event,clock,0.134032,1.195100,10.000000,10.000000
30.000000,1.000000,10.000000,75,flat_missed_event,forecast,0.000000,1.329132,10.000000,10.000000
30.000000,1.000000,10.000000,75,flat_missed_event,hindsight,1.329132,0.000000,10.000000,10.000000
30.000000,1.000000,10.000000,76,evening_peak,idle,0.000000,1.861098,10.000000,10.000000
30.000000,1.000000,10.000000,76,evening_peak,clock,1.067121,0.793977,10.000000,10.000000
30.000000,1.000000,10.000000,76,evening_peak,forecast,1.067121,0.793977,10.000000,10.000000
30.000000,1.000000,10.000000,76,evening_peak,hindsight,1.861098,0.000000,10.000000,10.000000
30.000000,1.000000,10.000000,77,scarcity_peak,idle,0.000000,3.245357,10.000000,10.000000
30.000000,1.000000,10.000000,77,scarcity_peak,clock,0.816062,2.429295,10.000000,10.000000
30.000000,1.000000,10.000000,77,scarcity_peak,forecast,0.816062,2.429295,10.000000,10.000000
30.000000,1.000000,10.000000,77,scarcity_peak,hindsight,3.245357,-0.000000,10.000000,10.000000
30.000000,1.000000,10.000000,78,negative_midday,idle,0.000000,2.560666,10.000000,10.000000
30.000000,1.000000,10.000000,78,negative_midday,clock,1.038180,1.522486,10.000000,10.000000
30.000000,1.000000,10.000000,78,negative_midday,forecast,1.604159,0.956507,10.000000,10.000000
30.000000,1.000000,10.000000,78,negative_midday,hindsight,2.560666,-0.000000,10.000000,10.000000
30.000000,1.000000,10.000000,79,flat_missed_event,idle,0.000000,0.988280,10.000000,10.000000
30.000000,1.000000,10.000000,79,flat_missed_event,clock,-0.393289,1.381569,10.000000,10.000000
30.000000,1.000000,10.000000,79,flat_missed_event,forecast,0.000000,0.988280,10.000000,10.000000
30.000000,1.000000,10.000000,79,flat_missed_event,hindsight,0.988280,0.000000,10.000000,10.000000
30.000000,1.000000,10.000000,80,evening_peak,idle,0.000000,1.550232,10.000000,10.000000
30.000000,1.000000,10.000000,80,evening_peak,clock,0.795072,0.755160,10.000000,10.000000
30.000000,1.000000,10.000000,80,evening_peak,forecast,0.795072,0.755160,10.000000,10.000000
30.000000,1.000000,10.000000,80,evening_peak,hindsight,1.550232,0.000000,10.000000,10.000000
30.000000,1.000000,10.000000,81,scarcity_peak,idle,0.000000,2.977038,10.000000,10.000000
30.000000,1.000000,10.000000,81,scarcity_peak,clock,0.890718,2.086320,10.000000,10.000000
30.000000,1.000000,10.000000,81,scarcity_peak,forecast,0.890718,2.086320,10.000000,10.000000
30.000000,1.000000,10.000000,81,scarcity_peak,hindsight,2.977038,0.000000,10.000000,10.000000
30.000000,1.000000,10.000000,82,negative_midday,idle,0.000000,2.102960,10.000000,10.000000
30.000000,1.000000,10.000000,82,negative_midday,clock,1.281127,0.821833,10.000000,10.000000
30.000000,1.000000,10.000000,82,negative_midday,forecast,1.587783,0.515177,10.000000,10.000000
30.000000,1.000000,10.000000,82,negative_midday,hindsight,2.102960,0.000000,10.000000,10.000000
30.000000,1.000000,10.000000,83,flat_missed_event,idle,0.000000,1.161785,10.000000,10.000000
30.000000,1.000000,10.000000,83,flat_missed_event,clock,0.005056,1.156729,10.000000,10.000000
30.000000,1.000000,10.000000,83,flat_missed_event,forecast,0.000000,1.161785,10.000000,10.000000
30.000000,1.000000,10.000000,83,flat_missed_event,hindsight,1.161785,-0.000000,10.000000,10.000000
30.000000,1.000000,10.000000,84,evening_peak,idle,0.000000,1.532419,10.000000,10.000000
30.000000,1.000000,10.000000,84,evening_peak,clock,0.830301,0.702118,10.000000,10.000000
30.000000,1.000000,10.000000,84,evening_peak,forecast,0.830301,0.702118,10.000000,10.000000
30.000000,1.000000,10.000000,84,evening_peak,hindsight,1.532419,-0.000000,10.000000,10.000000
30.000000,1.000000,10.000000,85,scarcity_peak,idle,0.000000,3.147960,10.000000,10.000000
30.000000,1.000000,10.000000,85,scarcity_peak,clock,1.272805,1.875154,10.000000,10.000000
30.000000,1.000000,10.000000,85,scarcity_peak,forecast,1.272805,1.875154,10.000000,10.000000
30.000000,1.000000,10.000000,85,scarcity_peak,hindsight,3.147960,-0.000000,10.000000,10.000000
30.000000,1.000000,10.000000,86,negative_midday,idle,0.000000,2.321260,10.000000,10.000000
30.000000,1.000000,10.000000,86,negative_midday,clock,1.207578,1.113682,10.000000,10.000000
30.000000,1.000000,10.000000,86,negative_midday,forecast,1.528659,0.792600,10.000000,10.000000
30.000000,1.000000,10.000000,86,negative_midday,hindsight,2.321260,0.000000,10.000000,10.000000
30.000000,1.000000,10.000000,87,flat_missed_event,idle,0.000000,1.275916,10.000000,10.000000
30.000000,1.000000,10.000000,87,flat_missed_event,clock,-0.271566,1.547481,10.000000,10.000000
30.000000,1.000000,10.000000,87,flat_missed_event,forecast,0.000000,1.275916,10.000000,10.000000
30.000000,1.000000,10.000000,87,flat_missed_event,hindsight,1.275916,0.000000,10.000000,10.000000
30.000000,1.000000,10.000000,88,evening_peak,idle,0.000000,1.564021,10.000000,10.000000
30.000000,1.000000,10.000000,88,evening_peak,clock,0.509587,1.054434,10.000000,10.000000
30.000000,1.000000,10.000000,88,evening_peak,forecast,0.509587,1.054434,10.000000,10.000000
30.000000,1.000000,10.000000,88,evening_peak,hindsight,1.564021,-0.000000,10.000000,10.000000
30.000000,1.000000,10.000000,89,scarcity_peak,idle,0.000000,3.026337,10.000000,10.000000
30.000000,1.000000,10.000000,89,scarcity_peak,clock,0.646003,2.380334,10.000000,10.000000
30.000000,1.000000,10.000000,89,scarcity_peak,forecast,0.646003,2.380334,10.000000,10.000000
30.000000,1.000000,10.000000,89,scarcity_peak,hindsight,3.026337,0.000000,10.000000,10.000000
30.000000,1.000000,10.000000,90,negative_midday,idle,0.000000,2.234582,10.000000,10.000000
30.000000,1.000000,10.000000,90,negative_midday,clock,1.314658,0.919924,10.000000,10.000000
30.000000,1.000000,10.000000,90,negative_midday,forecast,1.620026,0.614556,10.000000,10.000000
30.000000,1.000000,10.000000,90,negative_midday,hindsight,2.234582,0.000000,10.000000,10.000000
30.000000,1.000000,10.000000,91,flat_missed_event,idle,0.000000,0.957369,10.000000,10.000000
30.000000,1.000000,10.000000,91,flat_missed_event,clock,0.005308,0.952061,10.000000,10.000000
30.000000,1.000000,10.000000,91,flat_missed_event,forecast,0.000000,0.957369,10.000000,10.000000
30.000000,1.000000,10.000000,91,flat_missed_event,hindsight,0.957369,0.000000,10.000000,10.000000
30.000000,1.000000,10.000000,92,evening_peak,idle,0.000000,1.500858,10.000000,10.000000
30.000000,1.000000,10.000000,92,evening_peak,clock,0.670495,0.830363,10.000000,10.000000
30.000000,1.000000,10.000000,92,evening_peak,forecast,0.670495,0.830363,10.000000,10.000000
30.000000,1.000000,10.000000,92,evening_peak,hindsight,1.500858,0.000000,10.000000,10.000000
30.000000,1.000000,10.000000,93,scarcity_peak,idle,0.000000,2.935650,10.000000,10.000000
30.000000,1.000000,10.000000,93,scarcity_peak,clock,1.193064,1.742586,10.000000,10.000000
30.000000,1.000000,10.000000,93,scarcity_peak,forecast,1.193064,1.742586,10.000000,10.000000
30.000000,1.000000,10.000000,93,scarcity_peak,hindsight,2.935650,-0.000000,10.000000,10.000000
30.000000,1.000000,10.000000,94,negative_midday,idle,0.000000,2.229082,10.000000,10.000000
30.000000,1.000000,10.000000,94,negative_midday,clock,1.317989,0.911094,10.000000,10.000000
30.000000,1.000000,10.000000,94,negative_midday,forecast,1.674501,0.554581,10.000000,10.000000
30.000000,1.000000,10.000000,94,negative_midday,hindsight,2.229082,0.000000,10.000000,10.000000
30.000000,1.000000,10.000000,95,flat_missed_event,idle,0.000000,1.155673,10.000000,10.000000
30.000000,1.000000,10.000000,95,flat_missed_event,clock,0.415463,0.740210,10.000000,10.000000
30.000000,1.000000,10.000000,95,flat_missed_event,forecast,0.000000,1.155673,10.000000,10.000000
30.000000,1.000000,10.000000,95,flat_missed_event,hindsight,1.155673,0.000000,10.000000,10.000000
30.000000,1.000000,10.000000,96,evening_peak,idle,0.000000,1.560065,10.000000,10.000000
30.000000,1.000000,10.000000,96,evening_peak,clock,0.335353,1.224712,10.000000,10.000000
30.000000,1.000000,10.000000,96,evening_peak,forecast,0.335353,1.224712,10.000000,10.000000
30.000000,1.000000,10.000000,96,evening_peak,hindsight,1.560065,0.000000,10.000000,10.000000
30.000000,1.000000,10.000000,97,scarcity_peak,idle,0.000000,3.203923,10.000000,10.000000
30.000000,1.000000,10.000000,97,scarcity_peak,clock,0.662043,2.541880,10.000000,10.000000
30.000000,1.000000,10.000000,97,scarcity_peak,forecast,0.662043,2.541880,10.000000,10.000000
30.000000,1.000000,10.000000,97,scarcity_peak,hindsight,3.203923,0.000000,10.000000,10.000000
30.000000,1.000000,10.000000,98,negative_midday,idle,0.000000,1.944752,10.000000,10.000000
30.000000,1.000000,10.000000,98,negative_midday,clock,1.033200,0.911552,10.000000,10.000000
30.000000,1.000000,10.000000,98,negative_midday,forecast,1.280458,0.664294,10.000000,10.000000
30.000000,1.000000,10.000000,98,negative_midday,hindsight,1.944752,0.000000,10.000000,10.000000
30.000000,1.000000,10.000000,99,flat_missed_event,idle,0.000000,1.181157,10.000000,10.000000
30.000000,1.000000,10.000000,99,flat_missed_event,clock,0.002963,1.178194,10.000000,10.000000
30.000000,1.000000,10.000000,99,flat_missed_event,forecast,0.000000,1.181157,10.000000,10.000000
30.000000,1.000000,10.000000,99,flat_missed_event,hindsight,1.181157,-0.000000,10.000000,10.000000
30.000000,1.000000,10.000000,100,evening_peak,idle,0.000000,1.675776,10.000000,10.000000
30.000000,1.000000,10.000000,100,evening_peak,clock,1.021177,0.654599,10.000000,10.000000
30.000000,1.000000,10.000000,100,evening_peak,forecast,1.021177,0.654599,10.000000,10.000000
30.000000,1.000000,10.000000,100,evening_peak,hindsight,1.675776,0.000000,10.000000,10.000000
30.000000,1.000000,10.000000,101,scarcity_peak,idle,0.000000,3.102238,10.000000,10.000000
30.000000,1.000000,10.000000,101,scarcity_peak,clock,1.086092,2.016146,10.000000,10.000000
30.000000,1.000000,10.000000,101,scarcity_peak,forecast,1.086092,2.016146,10.000000,10.000000
30.000000,1.000000,10.000000,101,scarcity_peak,hindsight,3.102238,0.000000,10.000000,10.000000
30.000000,1.000000,10.000000,102,negative_midday,idle,0.000000,2.294008,10.000000,10.000000
30.000000,1.000000,10.000000,102,negative_midday,clock,0.900698,1.393310,10.000000,10.000000
30.000000,1.000000,10.000000,102,negative_midday,forecast,1.480119,0.813889,10.000000,10.000000
30.000000,1.000000,10.000000,102,negative_midday,hindsight,2.294008,0.000000,10.000000,10.000000
30.000000,1.000000,10.000000,103,flat_missed_event,idle,0.000000,1.167832,10.000000,10.000000
30.000000,1.000000,10.000000,103,flat_missed_event,clock,0.180765,0.987067,10.000000,10.000000
30.000000,1.000000,10.000000,103,flat_missed_event,forecast,0.000000,1.167832,10.000000,10.000000
30.000000,1.000000,10.000000,103,flat_missed_event,hindsight,1.167832,0.000000,10.000000,10.000000
30.000000,1.000000,10.000000,104,evening_peak,idle,0.000000,1.555970,10.000000,10.000000
30.000000,1.000000,10.000000,104,evening_peak,clock,0.495671,1.060300,10.000000,10.000000
30.000000,1.000000,10.000000,104,evening_peak,forecast,0.495671,1.060300,10.000000,10.000000
30.000000,1.000000,10.000000,104,evening_peak,hindsight,1.555970,0.000000,10.000000,10.000000
30.000000,1.000000,10.000000,105,scarcity_peak,idle,0.000000,3.190048,10.000000,10.000000
30.000000,1.000000,10.000000,105,scarcity_peak,clock,0.995672,2.194377,10.000000,10.000000
30.000000,1.000000,10.000000,105,scarcity_peak,forecast,0.995672,2.194377,10.000000,10.000000
30.000000,1.000000,10.000000,105,scarcity_peak,hindsight,3.190048,0.000000,10.000000,10.000000
30.000000,1.000000,10.000000,106,negative_midday,idle,0.000000,2.025486,10.000000,10.000000
30.000000,1.000000,10.000000,106,negative_midday,clock,1.051939,0.973547,10.000000,10.000000
30.000000,1.000000,10.000000,106,negative_midday,forecast,1.297648,0.727838,10.000000,10.000000
30.000000,1.000000,10.000000,106,negative_midday,hindsight,2.025486,0.000000,10.000000,10.000000
30.000000,1.000000,10.000000,107,flat_missed_event,idle,0.000000,1.214933,10.000000,10.000000
30.000000,1.000000,10.000000,107,flat_missed_event,clock,0.043255,1.171679,10.000000,10.000000
30.000000,1.000000,10.000000,107,flat_missed_event,forecast,0.000000,1.214933,10.000000,10.000000
30.000000,1.000000,10.000000,107,flat_missed_event,hindsight,1.214933,0.000000,10.000000,10.000000
30.000000,1.000000,10.000000,108,evening_peak,idle,0.000000,1.602706,10.000000,10.000000
30.000000,1.000000,10.000000,108,evening_peak,clock,1.045739,0.556967,10.000000,10.000000
30.000000,1.000000,10.000000,108,evening_peak,forecast,1.045739,0.556967,10.000000,10.000000
30.000000,1.000000,10.000000,108,evening_peak,hindsight,1.602706,-0.000000,10.000000,10.000000
30.000000,1.000000,10.000000,109,scarcity_peak,idle,0.000000,3.192247,10.000000,10.000000
30.000000,1.000000,10.000000,109,scarcity_peak,clock,0.706135,2.486112,10.000000,10.000000
30.000000,1.000000,10.000000,109,scarcity_peak,forecast,0.706135,2.486112,10.000000,10.000000
30.000000,1.000000,10.000000,109,scarcity_peak,hindsight,3.192247,0.000000,10.000000,10.000000
30.000000,1.000000,10.000000,110,negative_midday,idle,0.000000,2.134106,10.000000,10.000000
30.000000,1.000000,10.000000,110,negative_midday,clock,0.782406,1.351700,10.000000,10.000000
30.000000,1.000000,10.000000,110,negative_midday,forecast,1.327841,0.806264,10.000000,10.000000
30.000000,1.000000,10.000000,110,negative_midday,hindsight,2.134106,0.000000,10.000000,10.000000
30.000000,1.000000,10.000000,111,flat_missed_event,idle,0.000000,1.067715,10.000000,10.000000
30.000000,1.000000,10.000000,111,flat_missed_event,clock,-0.063875,1.131590,10.000000,10.000000
30.000000,1.000000,10.000000,111,flat_missed_event,forecast,0.000000,1.067715,10.000000,10.000000
30.000000,1.000000,10.000000,111,flat_missed_event,hindsight,1.067715,-0.000000,10.000000,10.000000
30.000000,1.000000,10.000000,112,evening_peak,idle,0.000000,1.579331,10.000000,10.000000
30.000000,1.000000,10.000000,112,evening_peak,clock,0.988907,0.590424,10.000000,10.000000
30.000000,1.000000,10.000000,112,evening_peak,forecast,0.988907,0.590424,10.000000,10.000000
30.000000,1.000000,10.000000,112,evening_peak,hindsight,1.579331,0.000000,10.000000,10.000000
30.000000,1.000000,10.000000,113,scarcity_peak,idle,0.000000,3.188522,10.000000,10.000000
30.000000,1.000000,10.000000,113,scarcity_peak,clock,0.943067,2.245455,10.000000,10.000000
30.000000,1.000000,10.000000,113,scarcity_peak,forecast,0.943067,2.245455,10.000000,10.000000
30.000000,1.000000,10.000000,113,scarcity_peak,hindsight,3.188522,0.000000,10.000000,10.000000
30.000000,1.000000,10.000000,114,negative_midday,idle,0.000000,2.053433,10.000000,10.000000
30.000000,1.000000,10.000000,114,negative_midday,clock,0.827362,1.226071,10.000000,10.000000
30.000000,1.000000,10.000000,114,negative_midday,forecast,1.085387,0.968045,10.000000,10.000000
30.000000,1.000000,10.000000,114,negative_midday,hindsight,2.053433,-0.000000,10.000000,10.000000
30.000000,1.000000,10.000000,115,flat_missed_event,idle,0.000000,1.025297,10.000000,10.000000
30.000000,1.000000,10.000000,115,flat_missed_event,clock,-0.077948,1.103246,10.000000,10.000000
30.000000,1.000000,10.000000,115,flat_missed_event,forecast,0.000000,1.025297,10.000000,10.000000
30.000000,1.000000,10.000000,115,flat_missed_event,hindsight,1.025297,0.000000,10.000000,10.000000
30.000000,1.000000,10.000000,116,evening_peak,idle,0.000000,1.741743,10.000000,10.000000
30.000000,1.000000,10.000000,116,evening_peak,clock,0.884547,0.857196,10.000000,10.000000
30.000000,1.000000,10.000000,116,evening_peak,forecast,0.884547,0.857196,10.000000,10.000000
30.000000,1.000000,10.000000,116,evening_peak,hindsight,1.741743,0.000000,10.000000,10.000000
30.000000,1.000000,10.000000,117,scarcity_peak,idle,0.000000,2.995288,10.000000,10.000000
30.000000,1.000000,10.000000,117,scarcity_peak,clock,0.962664,2.032624,10.000000,10.000000
30.000000,1.000000,10.000000,117,scarcity_peak,forecast,0.962664,2.032624,10.000000,10.000000
30.000000,1.000000,10.000000,117,scarcity_peak,hindsight,2.995288,0.000000,10.000000,10.000000
30.000000,1.000000,10.000000,118,negative_midday,idle,0.000000,2.489508,10.000000,10.000000
30.000000,1.000000,10.000000,118,negative_midday,clock,1.260761,1.228747,10.000000,10.000000
30.000000,1.000000,10.000000,118,negative_midday,forecast,1.635539,0.853969,10.000000,10.000000
30.000000,1.000000,10.000000,118,negative_midday,hindsight,2.489508,-0.000000,10.000000,10.000000
30.000000,1.000000,10.000000,119,flat_missed_event,idle,0.000000,1.358939,10.000000,10.000000
30.000000,1.000000,10.000000,119,flat_missed_event,clock,-0.094855,1.453794,10.000000,10.000000
30.000000,1.000000,10.000000,119,flat_missed_event,forecast,0.000000,1.358939,10.000000,10.000000
30.000000,1.000000,10.000000,119,flat_missed_event,hindsight,1.358939,0.000000,10.000000,10.000000
30.000000,0.880000,0.000000,0,evening_peak,idle,0.000000,1.989031,0.000000,0.000000
30.000000,0.880000,0.000000,0,evening_peak,clock,1.653015,0.336016,0.000000,0.000000
30.000000,0.880000,0.000000,0,evening_peak,forecast,1.653015,0.336016,0.000000,0.000000
30.000000,0.880000,0.000000,0,evening_peak,hindsight,1.989031,0.000000,0.000000,0.000000
30.000000,0.880000,0.000000,1,scarcity_peak,idle,0.000000,3.638529,0.000000,0.000000
30.000000,0.880000,0.000000,1,scarcity_peak,clock,3.222998,0.415531,0.000000,0.000000
30.000000,0.880000,0.000000,1,scarcity_peak,forecast,3.222998,0.415531,0.000000,0.000000
30.000000,0.880000,0.000000,1,scarcity_peak,hindsight,3.638529,-0.000000,0.000000,0.000000
30.000000,0.880000,0.000000,2,negative_midday,idle,0.000000,2.222997,0.000000,0.000000
30.000000,0.880000,0.000000,2,negative_midday,clock,1.580735,0.642262,0.000000,0.000000
30.000000,0.880000,0.000000,2,negative_midday,forecast,1.580735,0.642262,0.000000,0.000000
30.000000,0.880000,0.000000,2,negative_midday,hindsight,2.222997,-0.000000,0.000000,0.000000
30.000000,0.880000,0.000000,3,flat_missed_event,idle,0.000000,1.553522,0.000000,0.000000
30.000000,0.880000,0.000000,3,flat_missed_event,clock,-0.295073,1.848595,0.000000,0.000000
30.000000,0.880000,0.000000,3,flat_missed_event,forecast,0.000000,1.553522,0.000000,0.000000
30.000000,0.880000,0.000000,3,flat_missed_event,hindsight,1.553522,0.000000,0.000000,0.000000
30.000000,0.880000,0.000000,4,evening_peak,idle,0.000000,1.687988,0.000000,0.000000
30.000000,0.880000,0.000000,4,evening_peak,clock,0.931564,0.756423,0.000000,0.000000
30.000000,0.880000,0.000000,4,evening_peak,forecast,0.931564,0.756423,0.000000,0.000000
30.000000,0.880000,0.000000,4,evening_peak,hindsight,1.687988,0.000000,0.000000,0.000000
30.000000,0.880000,0.000000,5,scarcity_peak,idle,0.000000,3.510972,0.000000,0.000000
30.000000,0.880000,0.000000,5,scarcity_peak,clock,2.950658,0.560313,0.000000,0.000000
30.000000,0.880000,0.000000,5,scarcity_peak,forecast,2.950658,0.560313,0.000000,0.000000
30.000000,0.880000,0.000000,5,scarcity_peak,hindsight,3.510972,-0.000000,0.000000,0.000000
30.000000,0.880000,0.000000,6,negative_midday,idle,0.000000,2.752339,0.000000,0.000000
30.000000,0.880000,0.000000,6,negative_midday,clock,2.395671,0.356668,0.000000,0.000000
30.000000,0.880000,0.000000,6,negative_midday,forecast,2.395671,0.356668,0.000000,0.000000
30.000000,0.880000,0.000000,6,negative_midday,hindsight,2.752339,0.000000,0.000000,0.000000
30.000000,0.880000,0.000000,7,flat_missed_event,idle,0.000000,1.400241,0.000000,0.000000
30.000000,0.880000,0.000000,7,flat_missed_event,clock,0.155000,1.245241,0.000000,0.000000
30.000000,0.880000,0.000000,7,flat_missed_event,forecast,0.000000,1.400241,0.000000,0.000000
30.000000,0.880000,0.000000,7,flat_missed_event,hindsight,1.400241,0.000000,0.000000,0.000000
30.000000,0.880000,0.000000,8,evening_peak,idle,0.000000,2.227552,0.000000,0.000000
30.000000,0.880000,0.000000,8,evening_peak,clock,1.364672,0.862880,0.000000,0.000000
30.000000,0.880000,0.000000,8,evening_peak,forecast,1.364672,0.862880,0.000000,0.000000
30.000000,0.880000,0.000000,8,evening_peak,hindsight,2.227552,0.000000,0.000000,0.000000
30.000000,0.880000,0.000000,9,scarcity_peak,idle,0.000000,3.439114,0.000000,0.000000
30.000000,0.880000,0.000000,9,scarcity_peak,clock,2.938422,0.500693,0.000000,0.000000
30.000000,0.880000,0.000000,9,scarcity_peak,forecast,2.938422,0.500693,0.000000,0.000000
30.000000,0.880000,0.000000,9,scarcity_peak,hindsight,3.439114,-0.000000,0.000000,0.000000
30.000000,0.880000,0.000000,10,negative_midday,idle,0.000000,2.545679,0.000000,0.000000
30.000000,0.880000,0.000000,10,negative_midday,clock,2.221072,0.324606,0.000000,0.000000
30.000000,0.880000,0.000000,10,negative_midday,forecast,2.221072,0.324606,0.000000,0.000000
30.000000,0.880000,0.000000,10,negative_midday,hindsight,2.545679,-0.000000,0.000000,0.000000
30.000000,0.880000,0.000000,11,flat_missed_event,idle,0.000000,1.182796,0.000000,0.000000
30.000000,0.880000,0.000000,11,flat_missed_event,clock,0.080165,1.102630,0.000000,0.000000
30.000000,0.880000,0.000000,11,flat_missed_event,forecast,0.000000,1.182796,0.000000,0.000000
30.000000,0.880000,0.000000,11,flat_missed_event,hindsight,1.182796,0.000000,0.000000,0.000000
30.000000,0.880000,0.000000,12,evening_peak,idle,0.000000,2.744915,0.000000,0.000000
30.000000,0.880000,0.000000,12,evening_peak,clock,2.252261,0.492654,0.000000,0.000000
30.000000,0.880000,0.000000,12,evening_peak,forecast,2.252261,0.492654,0.000000,0.000000
30.000000,0.880000,0.000000,12,evening_peak,hindsight,2.744915,-0.000000,0.000000,0.000000
30.000000,0.880000,0.000000,13,scarcity_peak,idle,0.000000,3.347201,0.000000,0.000000
30.000000,0.880000,0.000000,13,scarcity_peak,clock,2.698607,0.648594,0.000000,0.000000
30.000000,0.880000,0.000000,13,scarcity_peak,forecast,2.698607,0.648594,0.000000,0.000000
30.000000,0.880000,0.000000,13,scarcity_peak,hindsight,3.347201,0.000000,0.000000,0.000000
30.000000,0.880000,0.000000,14,negative_midday,idle,0.000000,2.693042,0.000000,0.000000
30.000000,0.880000,0.000000,14,negative_midday,clock,1.988719,0.704323,0.000000,0.000000
30.000000,0.880000,0.000000,14,negative_midday,forecast,1.988719,0.704323,0.000000,0.000000
30.000000,0.880000,0.000000,14,negative_midday,hindsight,2.693042,0.000000,0.000000,0.000000
30.000000,0.880000,0.000000,15,flat_missed_event,idle,0.000000,1.509999,0.000000,0.000000
30.000000,0.880000,0.000000,15,flat_missed_event,clock,-0.027448,1.537447,0.000000,0.000000
30.000000,0.880000,0.000000,15,flat_missed_event,forecast,0.000000,1.509999,0.000000,0.000000
30.000000,0.880000,0.000000,15,flat_missed_event,hindsight,1.509999,0.000000,0.000000,0.000000
30.000000,0.880000,0.000000,16,evening_peak,idle,0.000000,1.942629,0.000000,0.000000
30.000000,0.880000,0.000000,16,evening_peak,clock,1.175978,0.766652,0.000000,0.000000
30.000000,0.880000,0.000000,16,evening_peak,forecast,1.175978,0.766652,0.000000,0.000000
30.000000,0.880000,0.000000,16,evening_peak,hindsight,1.942629,0.000000,0.000000,0.000000
30.000000,0.880000,0.000000,17,scarcity_peak,idle,0.000000,3.985546,0.000000,0.000000
30.000000,0.880000,0.000000,17,scarcity_peak,clock,3.192218,0.793328,0.000000,0.000000
30.000000,0.880000,0.000000,17,scarcity_peak,forecast,3.192218,0.793328,0.000000,0.000000
30.000000,0.880000,0.000000,17,scarcity_peak,hindsight,3.985546,-0.000000,0.000000,0.000000
30.000000,0.880000,0.000000,18,negative_midday,idle,0.000000,2.401489,0.000000,0.000000
30.000000,0.880000,0.000000,18,negative_midday,clock,1.970084,0.431405,0.000000,0.000000
30.000000,0.880000,0.000000,18,negative_midday,forecast,1.970084,0.431405,0.000000,0.000000
30.000000,0.880000,0.000000,18,negative_midday,hindsight,2.401489,-0.000000,0.000000,0.000000
30.000000,0.880000,0.000000,19,flat_missed_event,idle,0.000000,1.348167,0.000000,0.000000
30.000000,0.880000,0.000000,19,flat_missed_event,clock,-0.071263,1.419431,0.000000,0.000000
30.000000,0.880000,0.000000,19,flat_missed_event,forecast,0.000000,1.348167,0.000000,0.000000
30.000000,0.880000,0.000000,19,flat_missed_event,hindsight,1.348167,0.000000,0.000000,0.000000
30.000000,0.880000,0.000000,20,evening_peak,idle,0.000000,2.109476,0.000000,0.000000
30.000000,0.880000,0.000000,20,evening_peak,clock,1.615803,0.493674,0.000000,0.000000
30.000000,0.880000,0.000000,20,evening_peak,forecast,1.615803,0.493674,0.000000,0.000000
30.000000,0.880000,0.000000,20,evening_peak,hindsight,2.109476,0.000000,0.000000,0.000000
30.000000,0.880000,0.000000,21,scarcity_peak,idle,0.000000,3.631277,0.000000,0.000000
30.000000,0.880000,0.000000,21,scarcity_peak,clock,2.844790,0.786487,0.000000,0.000000
30.000000,0.880000,0.000000,21,scarcity_peak,forecast,2.844790,0.786487,0.000000,0.000000
30.000000,0.880000,0.000000,21,scarcity_peak,hindsight,3.631277,-0.000000,0.000000,0.000000
30.000000,0.880000,0.000000,22,negative_midday,idle,0.000000,2.588219,0.000000,0.000000
30.000000,0.880000,0.000000,22,negative_midday,clock,1.845248,0.742971,0.000000,0.000000
30.000000,0.880000,0.000000,22,negative_midday,forecast,1.845248,0.742971,0.000000,0.000000
30.000000,0.880000,0.000000,22,negative_midday,hindsight,2.588219,0.000000,0.000000,0.000000
30.000000,0.880000,0.000000,23,flat_missed_event,idle,0.000000,0.990299,0.000000,0.000000
30.000000,0.880000,0.000000,23,flat_missed_event,clock,-0.440446,1.430745,0.000000,0.000000
30.000000,0.880000,0.000000,23,flat_missed_event,forecast,0.000000,0.990299,0.000000,0.000000
30.000000,0.880000,0.000000,23,flat_missed_event,hindsight,0.990299,0.000000,-0.000000,-0.000000
30.000000,0.880000,0.000000,24,evening_peak,idle,0.000000,1.871800,0.000000,0.000000
30.000000,0.880000,0.000000,24,evening_peak,clock,1.672874,0.198926,0.000000,0.000000
30.000000,0.880000,0.000000,24,evening_peak,forecast,1.672874,0.198926,0.000000,0.000000
30.000000,0.880000,0.000000,24,evening_peak,hindsight,1.871800,0.000000,0.000000,0.000000
30.000000,0.880000,0.000000,25,scarcity_peak,idle,0.000000,3.507693,0.000000,0.000000
30.000000,0.880000,0.000000,25,scarcity_peak,clock,2.942126,0.565567,0.000000,0.000000
30.000000,0.880000,0.000000,25,scarcity_peak,forecast,2.942126,0.565567,0.000000,0.000000
30.000000,0.880000,0.000000,25,scarcity_peak,hindsight,3.507693,-0.000000,0.000000,0.000000
30.000000,0.880000,0.000000,26,negative_midday,idle,0.000000,2.232164,0.000000,0.000000
30.000000,0.880000,0.000000,26,negative_midday,clock,1.467375,0.764789,0.000000,0.000000
30.000000,0.880000,0.000000,26,negative_midday,forecast,1.467375,0.764789,0.000000,0.000000
30.000000,0.880000,0.000000,26,negative_midday,hindsight,2.232164,-0.000000,0.000000,0.000000
30.000000,0.880000,0.000000,27,flat_missed_event,idle,0.000000,1.026244,0.000000,0.000000
30.000000,0.880000,0.000000,27,flat_missed_event,clock,-0.513904,1.540148,0.000000,0.000000
30.000000,0.880000,0.000000,27,flat_missed_event,forecast,0.000000,1.026244,0.000000,0.000000
30.000000,0.880000,0.000000,27,flat_missed_event,hindsight,1.026244,0.000000,0.000000,0.000000
30.000000,0.880000,0.000000,28,evening_peak,idle,0.000000,2.079804,0.000000,0.000000
30.000000,0.880000,0.000000,28,evening_peak,clock,1.590746,0.489058,0.000000,0.000000
30.000000,0.880000,0.000000,28,evening_peak,forecast,1.590746,0.489058,0.000000,0.000000
30.000000,0.880000,0.000000,28,evening_peak,hindsight,2.079804,0.000000,0.000000,0.000000
30.000000,0.880000,0.000000,29,scarcity_peak,idle,0.000000,3.958908,0.000000,0.000000
30.000000,0.880000,0.000000,29,scarcity_peak,clock,3.044697,0.914211,0.000000,0.000000
30.000000,0.880000,0.000000,29,scarcity_peak,forecast,3.044697,0.914211,0.000000,0.000000
30.000000,0.880000,0.000000,29,scarcity_peak,hindsight,3.958908,0.000000,0.000000,0.000000
30.000000,0.880000,0.000000,30,negative_midday,idle,0.000000,2.637055,0.000000,0.000000
30.000000,0.880000,0.000000,30,negative_midday,clock,2.069064,0.567990,0.000000,0.000000
30.000000,0.880000,0.000000,30,negative_midday,forecast,2.069064,0.567990,0.000000,0.000000
30.000000,0.880000,0.000000,30,negative_midday,hindsight,2.637055,0.000000,0.000000,0.000000
30.000000,0.880000,0.000000,31,flat_missed_event,idle,0.000000,1.252575,0.000000,0.000000
30.000000,0.880000,0.000000,31,flat_missed_event,clock,-0.456565,1.709140,0.000000,0.000000
30.000000,0.880000,0.000000,31,flat_missed_event,forecast,0.000000,1.252575,0.000000,0.000000
30.000000,0.880000,0.000000,31,flat_missed_event,hindsight,1.252575,-0.000000,0.000000,0.000000
30.000000,0.880000,0.000000,32,evening_peak,idle,0.000000,1.869795,0.000000,0.000000
30.000000,0.880000,0.000000,32,evening_peak,clock,1.446678,0.423117,0.000000,0.000000
30.000000,0.880000,0.000000,32,evening_peak,forecast,1.446678,0.423117,0.000000,0.000000
30.000000,0.880000,0.000000,32,evening_peak,hindsight,1.869795,0.000000,0.000000,0.000000
30.000000,0.880000,0.000000,33,scarcity_peak,idle,0.000000,3.059545,0.000000,0.000000
30.000000,0.880000,0.000000,33,scarcity_peak,clock,2.654109,0.405436,0.000000,0.000000
30.000000,0.880000,0.000000,33,scarcity_peak,forecast,2.654109,0.405436,0.000000,0.000000
30.000000,0.880000,0.000000,33,scarcity_peak,hindsight,3.059545,0.000000,0.000000,0.000000
30.000000,0.880000,0.000000,34,negative_midday,idle,0.000000,3.123819,0.000000,0.000000
30.000000,0.880000,0.000000,34,negative_midday,clock,2.535782,0.588037,0.000000,0.000000
30.000000,0.880000,0.000000,34,negative_midday,forecast,2.535782,0.588037,0.000000,0.000000
30.000000,0.880000,0.000000,34,negative_midday,hindsight,3.123819,0.000000,0.000000,0.000000
30.000000,0.880000,0.000000,35,flat_missed_event,idle,0.000000,1.182312,0.000000,0.000000
30.000000,0.880000,0.000000,35,flat_missed_event,clock,-0.554029,1.736341,0.000000,0.000000
30.000000,0.880000,0.000000,35,flat_missed_event,forecast,0.000000,1.182312,0.000000,0.000000
30.000000,0.880000,0.000000,35,flat_missed_event,hindsight,1.182312,0.000000,0.000000,0.000000
30.000000,0.880000,0.000000,36,evening_peak,idle,0.000000,1.980930,0.000000,0.000000
30.000000,0.880000,0.000000,36,evening_peak,clock,1.527459,0.453471,0.000000,0.000000
30.000000,0.880000,0.000000,36,evening_peak,forecast,1.527459,0.453471,0.000000,0.000000
30.000000,0.880000,0.000000,36,evening_peak,hindsight,1.980930,0.000000,0.000000,0.000000
30.000000,0.880000,0.000000,37,scarcity_peak,idle,0.000000,3.946370,0.000000,0.000000
30.000000,0.880000,0.000000,37,scarcity_peak,clock,3.378882,0.567488,0.000000,0.000000
30.000000,0.880000,0.000000,37,scarcity_peak,forecast,3.378882,0.567488,0.000000,0.000000
30.000000,0.880000,0.000000,37,scarcity_peak,hindsight,3.946370,0.000000,0.000000,0.000000
30.000000,0.880000,0.000000,38,negative_midday,idle,0.000000,2.084772,0.000000,0.000000
30.000000,0.880000,0.000000,38,negative_midday,clock,1.678017,0.406755,0.000000,0.000000
30.000000,0.880000,0.000000,38,negative_midday,forecast,1.678017,0.406755,0.000000,0.000000
30.000000,0.880000,0.000000,38,negative_midday,hindsight,2.084772,0.000000,0.000000,0.000000
30.000000,0.880000,0.000000,39,flat_missed_event,idle,0.000000,1.420859,0.000000,0.000000
30.000000,0.880000,0.000000,39,flat_missed_event,clock,0.050532,1.370327,0.000000,0.000000
30.000000,0.880000,0.000000,39,flat_missed_event,forecast,0.000000,1.420859,0.000000,0.000000
30.000000,0.880000,0.000000,39,flat_missed_event,hindsight,1.420859,0.000000,0.000000,0.000000
30.000000,0.880000,0.000000,40,evening_peak,idle,0.000000,2.309169,0.000000,0.000000
30.000000,0.880000,0.000000,40,evening_peak,clock,1.855894,0.453276,0.000000,0.000000
30.000000,0.880000,0.000000,40,evening_peak,forecast,1.855894,0.453276,0.000000,0.000000
30.000000,0.880000,0.000000,40,evening_peak,hindsight,2.309169,0.000000,0.000000,0.000000
30.000000,0.880000,0.000000,41,scarcity_peak,idle,0.000000,3.440943,0.000000,0.000000
30.000000,0.880000,0.000000,41,scarcity_peak,clock,2.860031,0.580912,0.000000,0.000000
30.000000,0.880000,0.000000,41,scarcity_peak,forecast,2.860031,0.580912,0.000000,0.000000
30.000000,0.880000,0.000000,41,scarcity_peak,hindsight,3.440943,0.000000,0.000000,0.000000
30.000000,0.880000,0.000000,42,negative_midday,idle,0.000000,2.354847,0.000000,0.000000
30.000000,0.880000,0.000000,42,negative_midday,clock,1.773292,0.581555,0.000000,0.000000
30.000000,0.880000,0.000000,42,negative_midday,forecast,1.773292,0.581555,0.000000,0.000000
30.000000,0.880000,0.000000,42,negative_midday,hindsight,2.354847,0.000000,0.000000,0.000000
30.000000,0.880000,0.000000,43,flat_missed_event,idle,0.000000,1.145745,0.000000,0.000000
30.000000,0.880000,0.000000,43,flat_missed_event,clock,-0.258926,1.404672,0.000000,0.000000
30.000000,0.880000,0.000000,43,flat_missed_event,forecast,0.000000,1.145745,0.000000,0.000000
30.000000,0.880000,0.000000,43,flat_missed_event,hindsight,1.145745,0.000000,0.000000,0.000000
30.000000,0.880000,0.000000,44,evening_peak,idle,0.000000,2.015008,0.000000,0.000000
30.000000,0.880000,0.000000,44,evening_peak,clock,1.566841,0.448166,0.000000,0.000000
30.000000,0.880000,0.000000,44,evening_peak,forecast,1.566841,0.448166,0.000000,0.000000
30.000000,0.880000,0.000000,44,evening_peak,hindsight,2.015008,0.000000,0.000000,0.000000
30.000000,0.880000,0.000000,45,scarcity_peak,idle,0.000000,3.524386,0.000000,0.000000
30.000000,0.880000,0.000000,45,scarcity_peak,clock,3.007130,0.517256,0.000000,0.000000
30.000000,0.880000,0.000000,45,scarcity_peak,forecast,3.007130,0.517256,0.000000,0.000000
30.000000,0.880000,0.000000,45,scarcity_peak,hindsight,3.524386,-0.000000,0.000000,0.000000
30.000000,0.880000,0.000000,46,negative_midday,idle,0.000000,3.092024,0.000000,0.000000
30.000000,0.880000,0.000000,46,negative_midday,clock,2.364557,0.727467,0.000000,0.000000
30.000000,0.880000,0.000000,46,negative_midday,forecast,2.364557,0.727467,0.000000,0.000000
30.000000,0.880000,0.000000,46,negative_midday,hindsight,3.092024,0.000000,0.000000,0.000000
30.000000,0.880000,0.000000,47,flat_missed_event,idle,0.000000,1.013376,0.000000,0.000000
30.000000,0.880000,0.000000,47,flat_missed_event,clock,-0.395594,1.408970,0.000000,0.000000
30.000000,0.880000,0.000000,47,flat_missed_event,forecast,0.000000,1.013376,0.000000,0.000000
30.000000,0.880000,0.000000,47,flat_missed_event,hindsight,1.013376,0.000000,0.000000,0.000000
30.000000,0.880000,0.000000,48,evening_peak,idle,0.000000,2.110692,0.000000,0.000000
30.000000,0.880000,0.000000,48,evening_peak,clock,1.387529,0.723163,0.000000,0.000000
30.000000,0.880000,0.000000,48,evening_peak,forecast,1.387529,0.723163,0.000000,0.000000
30.000000,0.880000,0.000000,48,evening_peak,hindsight,2.110692,0.000000,0.000000,0.000000
30.000000,0.880000,0.000000,49,scarcity_peak,idle,0.000000,3.615612,0.000000,0.000000
30.000000,0.880000,0.000000,49,scarcity_peak,clock,3.248748,0.366864,0.000000,0.000000
30.000000,0.880000,0.000000,49,scarcity_peak,forecast,3.248748,0.366864,0.000000,0.000000
30.000000,0.880000,0.000000,49,scarcity_peak,hindsight,3.615612,-0.000000,0.000000,0.000000
30.000000,0.880000,0.000000,50,negative_midday,idle,0.000000,2.513407,0.000000,0.000000
30.000000,0.880000,0.000000,50,negative_midday,clock,2.057447,0.455959,0.000000,0.000000
30.000000,0.880000,0.000000,50,negative_midday,forecast,2.057447,0.455959,0.000000,0.000000
30.000000,0.880000,0.000000,50,negative_midday,hindsight,2.513407,0.000000,0.000000,0.000000
30.000000,0.880000,0.000000,51,flat_missed_event,idle,0.000000,1.162411,0.000000,0.000000
30.000000,0.880000,0.000000,51,flat_missed_event,clock,-0.176856,1.339267,0.000000,0.000000
30.000000,0.880000,0.000000,51,flat_missed_event,forecast,0.000000,1.162411,0.000000,0.000000
30.000000,0.880000,0.000000,51,flat_missed_event,hindsight,1.162411,0.000000,0.000000,0.000000
30.000000,0.880000,0.000000,52,evening_peak,idle,0.000000,1.978084,0.000000,0.000000
30.000000,0.880000,0.000000,52,evening_peak,clock,1.265841,0.712243,0.000000,0.000000
30.000000,0.880000,0.000000,52,evening_peak,forecast,1.265841,0.712243,0.000000,0.000000
30.000000,0.880000,0.000000,52,evening_peak,hindsight,1.978084,0.000000,0.000000,0.000000
30.000000,0.880000,0.000000,53,scarcity_peak,idle,0.000000,2.859538,0.000000,0.000000
30.000000,0.880000,0.000000,53,scarcity_peak,clock,2.300195,0.559343,0.000000,0.000000
30.000000,0.880000,0.000000,53,scarcity_peak,forecast,2.300195,0.559343,0.000000,0.000000
30.000000,0.880000,0.000000,53,scarcity_peak,hindsight,2.859538,0.000000,0.000000,0.000000
30.000000,0.880000,0.000000,54,negative_midday,idle,0.000000,2.748206,0.000000,0.000000
30.000000,0.880000,0.000000,54,negative_midday,clock,2.095434,0.652772,0.000000,0.000000
30.000000,0.880000,0.000000,54,negative_midday,forecast,2.095434,0.652772,0.000000,0.000000
30.000000,0.880000,0.000000,54,negative_midday,hindsight,2.748206,-0.000000,0.000000,0.000000
30.000000,0.880000,0.000000,55,flat_missed_event,idle,0.000000,1.468081,0.000000,0.000000
30.000000,0.880000,0.000000,55,flat_missed_event,clock,-0.211396,1.679478,0.000000,0.000000
30.000000,0.880000,0.000000,55,flat_missed_event,forecast,0.000000,1.468081,0.000000,0.000000
30.000000,0.880000,0.000000,55,flat_missed_event,hindsight,1.468081,0.000000,0.000000,0.000000
30.000000,0.880000,0.000000,56,evening_peak,idle,0.000000,2.197659,0.000000,0.000000
30.000000,0.880000,0.000000,56,evening_peak,clock,1.459143,0.738516,0.000000,0.000000
30.000000,0.880000,0.000000,56,evening_peak,forecast,1.459143,0.738516,0.000000,0.000000
30.000000,0.880000,0.000000,56,evening_peak,hindsight,2.197659,0.000000,0.000000,0.000000
30.000000,0.880000,0.000000,57,scarcity_peak,idle,0.000000,3.723179,0.000000,0.000000
30.000000,0.880000,0.000000,57,scarcity_peak,clock,3.107606,0.615573,0.000000,0.000000
30.000000,0.880000,0.000000,57,scarcity_peak,forecast,3.107606,0.615573,0.000000,0.000000
30.000000,0.880000,0.000000,57,scarcity_peak,hindsight,3.723179,0.000000,0.000000,0.000000
30.000000,0.880000,0.000000,58,negative_midday,idle,0.000000,3.255558,0.000000,0.000000
30.000000,0.880000,0.000000,58,negative_midday,clock,2.615633,0.639925,0.000000,0.000000
30.000000,0.880000,0.000000,58,negative_midday,forecast,2.615633,0.639925,0.000000,0.000000
30.000000,0.880000,0.000000,58,negative_midday,hindsight,3.255558,0.000000,0.000000,0.000000
30.000000,0.880000,0.000000,59,flat_missed_event,idle,0.000000,1.322001,0.000000,0.000000
30.000000,0.880000,0.000000,59,flat_missed_event,clock,-0.259295,1.581296,0.000000,0.000000
30.000000,0.880000,0.000000,59,flat_missed_event,forecast,0.000000,1.322001,0.000000,0.000000
30.000000,0.880000,0.000000,59,flat_missed_event,hindsight,1.322001,0.000000,0.000000,0.000000
30.000000,0.880000,0.000000,60,evening_peak,idle,0.000000,1.668413,0.000000,0.000000
30.000000,0.880000,0.000000,60,evening_peak,clock,1.029960,0.638453,0.000000,0.000000
30.000000,0.880000,0.000000,60,evening_peak,forecast,1.029960,0.638453,0.000000,0.000000
30.000000,0.880000,0.000000,60,evening_peak,hindsight,1.668413,0.000000,0.000000,0.000000
30.000000,0.880000,0.000000,61,scarcity_peak,idle,0.000000,3.603966,0.000000,0.000000
30.000000,0.880000,0.000000,61,scarcity_peak,clock,2.725649,0.878317,0.000000,0.000000
30.000000,0.880000,0.000000,61,scarcity_peak,forecast,2.725649,0.878317,0.000000,0.000000
30.000000,0.880000,0.000000,61,scarcity_peak,hindsight,3.603966,0.000000,0.000000,0.000000
30.000000,0.880000,0.000000,62,negative_midday,idle,0.000000,2.447089,0.000000,0.000000
30.000000,0.880000,0.000000,62,negative_midday,clock,1.956846,0.490244,0.000000,0.000000
30.000000,0.880000,0.000000,62,negative_midday,forecast,1.956846,0.490244,0.000000,0.000000
30.000000,0.880000,0.000000,62,negative_midday,hindsight,2.447089,0.000000,0.000000,0.000000
30.000000,0.880000,0.000000,63,flat_missed_event,idle,0.000000,1.399759,0.000000,0.000000
30.000000,0.880000,0.000000,63,flat_missed_event,clock,0.009953,1.389807,0.000000,0.000000
30.000000,0.880000,0.000000,63,flat_missed_event,forecast,0.000000,1.399759,0.000000,0.000000
30.000000,0.880000,0.000000,63,flat_missed_event,hindsight,1.399759,0.000000,0.000000,0.000000
30.000000,0.880000,0.000000,64,evening_peak,idle,0.000000,2.075286,0.000000,0.000000
30.000000,0.880000,0.000000,64,evening_peak,clock,1.424864,0.650422,0.000000,0.000000
30.000000,0.880000,0.000000,64,evening_peak,forecast,1.424864,0.650422,0.000000,0.000000
30.000000,0.880000,0.000000,64,evening_peak,hindsight,2.075286,0.000000,0.000000,0.000000
30.000000,0.880000,0.000000,65,scarcity_peak,idle,0.000000,3.757701,0.000000,0.000000
30.000000,0.880000,0.000000,65,scarcity_peak,clock,3.140609,0.617092,0.000000,0.000000
30.000000,0.880000,0.000000,65,scarcity_peak,forecast,3.140609,0.617092,0.000000,0.000000
30.000000,0.880000,0.000000,65,scarcity_peak,hindsight,3.757701,0.000000,0.000000,0.000000
30.000000,0.880000,0.000000,66,negative_midday,idle,0.000000,3.052078,0.000000,0.000000
30.000000,0.880000,0.000000,66,negative_midday,clock,2.552559,0.499519,0.000000,0.000000
30.000000,0.880000,0.000000,66,negative_midday,forecast,2.552559,0.499519,0.000000,0.000000
30.000000,0.880000,0.000000,66,negative_midday,hindsight,3.052078,0.000000,0.000000,0.000000
30.000000,0.880000,0.000000,67,flat_missed_event,idle,0.000000,1.361283,0.000000,0.000000
30.000000,0.880000,0.000000,67,flat_missed_event,clock,0.377434,0.983850,0.000000,0.000000
30.000000,0.880000,0.000000,67,flat_missed_event,forecast,0.000000,1.361283,0.000000,0.000000
30.000000,0.880000,0.000000,67,flat_missed_event,hindsight,1.361283,0.000000,0.000000,0.000000
30.000000,0.880000,0.000000,68,evening_peak,idle,0.000000,1.706727,0.000000,0.000000
30.000000,0.880000,0.000000,68,evening_peak,clock,1.256837,0.449890,0.000000,0.000000
30.000000,0.880000,0.000000,68,evening_peak,forecast,1.256837,0.449890,0.000000,0.000000
30.000000,0.880000,0.000000,68,evening_peak,hindsight,1.706727,-0.000000,0.000000,0.000000
30.000000,0.880000,0.000000,69,scarcity_peak,idle,0.000000,3.208625,0.000000,0.000000
30.000000,0.880000,0.000000,69,scarcity_peak,clock,2.337019,0.871606,0.000000,0.000000
30.000000,0.880000,0.000000,69,scarcity_peak,forecast,2.337019,0.871606,0.000000,0.000000
30.000000,0.880000,0.000000,69,scarcity_peak,hindsight,3.208625,0.000000,0.000000,0.000000
30.000000,0.880000,0.000000,70,negative_midday,idle,0.000000,2.196723,0.000000,0.000000
30.000000,0.880000,0.000000,70,negative_midday,clock,1.710685,0.486037,0.000000,0.000000
30.000000,0.880000,0.000000,70,negative_midday,forecast,1.710685,0.486037,0.000000,0.000000
30.000000,0.880000,0.000000,70,negative_midday,hindsight,2.196723,0.000000,0.000000,0.000000
30.000000,0.880000,0.000000,71,flat_missed_event,idle,0.000000,1.216059,0.000000,0.000000
30.000000,0.880000,0.000000,71,flat_missed_event,clock,-0.154693,1.370751,0.000000,0.000000
30.000000,0.880000,0.000000,71,flat_missed_event,forecast,0.000000,1.216059,0.000000,0.000000
30.000000,0.880000,0.000000,71,flat_missed_event,hindsight,1.216059,0.000000,0.000000,0.000000
30.000000,0.880000,0.000000,72,evening_peak,idle,0.000000,2.062361,0.000000,0.000000
30.000000,0.880000,0.000000,72,evening_peak,clock,1.517470,0.544891,0.000000,0.000000
30.000000,0.880000,0.000000,72,evening_peak,forecast,1.517470,0.544891,0.000000,0.000000
30.000000,0.880000,0.000000,72,evening_peak,hindsight,2.062361,-0.000000,0.000000,0.000000
30.000000,0.880000,0.000000,73,scarcity_peak,idle,0.000000,3.640391,0.000000,0.000000
30.000000,0.880000,0.000000,73,scarcity_peak,clock,2.864647,0.775744,0.000000,0.000000
30.000000,0.880000,0.000000,73,scarcity_peak,forecast,2.864647,0.775744,0.000000,0.000000
30.000000,0.880000,0.000000,73,scarcity_peak,hindsight,3.640391,-0.000000,0.000000,0.000000
30.000000,0.880000,0.000000,74,negative_midday,idle,0.000000,2.776161,0.000000,0.000000
30.000000,0.880000,0.000000,74,negative_midday,clock,2.314507,0.461654,0.000000,0.000000
30.000000,0.880000,0.000000,74,negative_midday,forecast,2.314507,0.461654,0.000000,0.000000
30.000000,0.880000,0.000000,74,negative_midday,hindsight,2.776161,-0.000000,0.000000,0.000000
30.000000,0.880000,0.000000,75,flat_missed_event,idle,0.000000,1.343562,0.000000,0.000000
30.000000,0.880000,0.000000,75,flat_missed_event,clock,-0.136644,1.480206,0.000000,0.000000
30.000000,0.880000,0.000000,75,flat_missed_event,forecast,0.000000,1.343562,0.000000,0.000000
30.000000,0.880000,0.000000,75,flat_missed_event,hindsight,1.343562,0.000000,0.000000,0.000000
30.000000,0.880000,0.000000,76,evening_peak,idle,0.000000,2.368531,0.000000,0.000000
30.000000,0.880000,0.000000,76,evening_peak,clock,1.438921,0.929610,0.000000,0.000000
30.000000,0.880000,0.000000,76,evening_peak,forecast,1.438921,0.929610,0.000000,0.000000
30.000000,0.880000,0.000000,76,evening_peak,hindsight,2.368531,0.000000,0.000000,0.000000
30.000000,0.880000,0.000000,77,scarcity_peak,idle,0.000000,3.607329,0.000000,0.000000
30.000000,0.880000,0.000000,77,scarcity_peak,clock,2.851328,0.756000,0.000000,0.000000
30.000000,0.880000,0.000000,77,scarcity_peak,forecast,2.851328,0.756000,0.000000,0.000000
30.000000,0.880000,0.000000,77,scarcity_peak,hindsight,3.607329,-0.000000,0.000000,0.000000
30.000000,0.880000,0.000000,78,negative_midday,idle,0.000000,3.171342,0.000000,0.000000
30.000000,0.880000,0.000000,78,negative_midday,clock,2.301814,0.869528,0.000000,0.000000
30.000000,0.880000,0.000000,78,negative_midday,forecast,2.301814,0.869528,0.000000,0.000000
30.000000,0.880000,0.000000,78,negative_midday,hindsight,3.171342,0.000000,0.000000,0.000000
30.000000,0.880000,0.000000,79,flat_missed_event,idle,0.000000,0.930720,0.000000,0.000000
30.000000,0.880000,0.000000,79,flat_missed_event,clock,-0.863307,1.794027,0.000000,0.000000
30.000000,0.880000,0.000000,79,flat_missed_event,forecast,0.000000,0.930720,0.000000,0.000000
30.000000,0.880000,0.000000,79,flat_missed_event,hindsight,0.930720,0.000000,0.000000,0.000000
30.000000,0.880000,0.000000,80,evening_peak,idle,0.000000,1.916285,0.000000,0.000000
30.000000,0.880000,0.000000,80,evening_peak,clock,1.244625,0.671661,0.000000,0.000000
30.000000,0.880000,0.000000,80,evening_peak,forecast,1.244625,0.671661,0.000000,0.000000
30.000000,0.880000,0.000000,80,evening_peak,hindsight,1.916285,0.000000,0.000000,0.000000
30.000000,0.880000,0.000000,81,scarcity_peak,idle,0.000000,3.493776,0.000000,0.000000
30.000000,0.880000,0.000000,81,scarcity_peak,clock,3.104512,0.389264,0.000000,0.000000
30.000000,0.880000,0.000000,81,scarcity_peak,forecast,3.104512,0.389264,0.000000,0.000000
30.000000,0.880000,0.000000,81,scarcity_peak,hindsight,3.493776,0.000000,0.000000,0.000000
30.000000,0.880000,0.000000,82,negative_midday,idle,0.000000,2.554660,0.000000,0.000000
30.000000,0.880000,0.000000,82,negative_midday,clock,2.148370,0.406290,0.000000,0.000000
30.000000,0.880000,0.000000,82,negative_midday,forecast,2.148370,0.406290,0.000000,0.000000
30.000000,0.880000,0.000000,82,negative_midday,hindsight,2.554660,-0.000000,0.000000,0.000000
30.000000,0.880000,0.000000,83,flat_missed_event,idle,0.000000,1.355112,0.000000,0.000000
30.000000,0.880000,0.000000,83,flat_missed_event,clock,0.148963,1.206149,0.000000,0.000000
30.000000,0.880000,0.000000,83,flat_missed_event,forecast,0.000000,1.355112,0.000000,0.000000
30.000000,0.880000,0.000000,83,flat_missed_event,hindsight,1.355112,-0.000000,0.000000,0.000000
30.000000,0.880000,0.000000,84,evening_peak,idle,0.000000,1.885725,0.000000,0.000000
30.000000,0.880000,0.000000,84,evening_peak,clock,1.242242,0.643483,0.000000,0.000000
30.000000,0.880000,0.000000,84,evening_peak,forecast,1.242242,0.643483,0.000000,0.000000
30.000000,0.880000,0.000000,84,evening_peak,hindsight,1.885725,0.000000,0.000000,0.000000
30.000000,0.880000,0.000000,85,scarcity_peak,idle,0.000000,3.685637,0.000000,0.000000
30.000000,0.880000,0.000000,85,scarcity_peak,clock,3.208343,0.477294,0.000000,0.000000
30.000000,0.880000,0.000000,85,scarcity_peak,forecast,3.208343,0.477294,0.000000,0.000000
30.000000,0.880000,0.000000,85,scarcity_peak,hindsight,3.685637,0.000000,0.000000,0.000000
30.000000,0.880000,0.000000,86,negative_midday,idle,0.000000,2.823306,0.000000,0.000000
30.000000,0.880000,0.000000,86,negative_midday,clock,2.314695,0.508611,0.000000,0.000000
30.000000,0.880000,0.000000,86,negative_midday,forecast,2.314695,0.508611,0.000000,0.000000
30.000000,0.880000,0.000000,86,negative_midday,hindsight,2.823306,0.000000,0.000000,0.000000
30.000000,0.880000,0.000000,87,flat_missed_event,idle,0.000000,1.427220,0.000000,0.000000
30.000000,0.880000,0.000000,87,flat_missed_event,clock,-0.371502,1.798722,0.000000,0.000000
30.000000,0.880000,0.000000,87,flat_missed_event,forecast,0.000000,1.427220,0.000000,0.000000
30.000000,0.880000,0.000000,87,flat_missed_event,hindsight,1.427220,0.000000,0.000000,0.000000
30.000000,0.880000,0.000000,88,evening_peak,idle,0.000000,1.954576,0.000000,0.000000
30.000000,0.880000,0.000000,88,evening_peak,clock,1.263726,0.690849,0.000000,0.000000
30.000000,0.880000,0.000000,88,evening_peak,forecast,1.263726,0.690849,0.000000,0.000000
30.000000,0.880000,0.000000,88,evening_peak,hindsight,1.954576,-0.000000,0.000000,0.000000
30.000000,0.880000,0.000000,89,scarcity_peak,idle,0.000000,3.427109,0.000000,0.000000
30.000000,0.880000,0.000000,89,scarcity_peak,clock,2.807252,0.619857,0.000000,0.000000
30.000000,0.880000,0.000000,89,scarcity_peak,forecast,2.807252,0.619857,0.000000,0.000000
30.000000,0.880000,0.000000,89,scarcity_peak,hindsight,3.427109,0.000000,0.000000,0.000000
30.000000,0.880000,0.000000,90,negative_midday,idle,0.000000,2.896471,0.000000,0.000000
30.000000,0.880000,0.000000,90,negative_midday,clock,2.352352,0.544118,0.000000,0.000000
30.000000,0.880000,0.000000,90,negative_midday,forecast,2.352352,0.544118,0.000000,0.000000
30.000000,0.880000,0.000000,90,negative_midday,hindsight,2.896471,0.000000,0.000000,0.000000
30.000000,0.880000,0.000000,91,flat_missed_event,idle,0.000000,0.999943,0.000000,0.000000
30.000000,0.880000,0.000000,91,flat_missed_event,clock,-0.128274,1.128217,0.000000,0.000000
30.000000,0.880000,0.000000,91,flat_missed_event,forecast,0.000000,0.999943,0.000000,0.000000
30.000000,0.880000,0.000000,91,flat_missed_event,hindsight,0.999943,-0.000000,0.000000,0.000000
30.000000,0.880000,0.000000,92,evening_peak,idle,0.000000,1.887127,0.000000,0.000000
30.000000,0.880000,0.000000,92,evening_peak,clock,0.973870,0.913257,0.000000,0.000000
30.000000,0.880000,0.000000,92,evening_peak,forecast,0.973870,0.913257,0.000000,0.000000
30.000000,0.880000,0.000000,92,evening_peak,hindsight,1.887127,-0.000000,0.000000,0.000000
30.000000,0.880000,0.000000,93,scarcity_peak,idle,0.000000,3.537992,0.000000,0.000000
30.000000,0.880000,0.000000,93,scarcity_peak,clock,3.044758,0.493235,0.000000,0.000000
30.000000,0.880000,0.000000,93,scarcity_peak,forecast,3.044758,0.493235,0.000000,0.000000
30.000000,0.880000,0.000000,93,scarcity_peak,hindsight,3.537992,0.000000,0.000000,0.000000
30.000000,0.880000,0.000000,94,negative_midday,idle,0.000000,2.556837,0.000000,0.000000
30.000000,0.880000,0.000000,94,negative_midday,clock,2.331653,0.225184,0.000000,0.000000
30.000000,0.880000,0.000000,94,negative_midday,forecast,2.331653,0.225184,0.000000,0.000000
30.000000,0.880000,0.000000,94,negative_midday,hindsight,2.556837,0.000000,0.000000,0.000000
30.000000,0.880000,0.000000,95,flat_missed_event,idle,0.000000,1.408761,0.000000,0.000000
30.000000,0.880000,0.000000,95,flat_missed_event,clock,0.602051,0.806711,0.000000,0.000000
30.000000,0.880000,0.000000,95,flat_missed_event,forecast,0.000000,1.408761,0.000000,0.000000
30.000000,0.880000,0.000000,95,flat_missed_event,hindsight,1.408761,0.000000,0.000000,0.000000
30.000000,0.880000,0.000000,96,evening_peak,idle,0.000000,1.867144,0.000000,0.000000
30.000000,0.880000,0.000000,96,evening_peak,clock,0.881788,0.985356,0.000000,0.000000
30.000000,0.880000,0.000000,96,evening_peak,forecast,0.881788,0.985356,0.000000,0.000000
30.000000,0.880000,0.000000,96,evening_peak,hindsight,1.867144,0.000000,0.000000,0.000000
30.000000,0.880000,0.000000,97,scarcity_peak,idle,0.000000,3.682787,0.000000,0.000000
30.000000,0.880000,0.000000,97,scarcity_peak,clock,2.694021,0.988766,0.000000,0.000000
30.000000,0.880000,0.000000,97,scarcity_peak,forecast,2.694021,0.988766,0.000000,0.000000
30.000000,0.880000,0.000000,97,scarcity_peak,hindsight,3.682787,0.000000,0.000000,0.000000
30.000000,0.880000,0.000000,98,negative_midday,idle,0.000000,2.565391,0.000000,0.000000
30.000000,0.880000,0.000000,98,negative_midday,clock,2.102693,0.462698,0.000000,0.000000
30.000000,0.880000,0.000000,98,negative_midday,forecast,2.102693,0.462698,0.000000,0.000000
30.000000,0.880000,0.000000,98,negative_midday,hindsight,2.565391,0.000000,0.000000,0.000000
30.000000,0.880000,0.000000,99,flat_missed_event,idle,0.000000,1.140755,0.000000,0.000000
30.000000,0.880000,0.000000,99,flat_missed_event,clock,-0.375260,1.516015,0.000000,0.000000
30.000000,0.880000,0.000000,99,flat_missed_event,forecast,0.000000,1.140755,0.000000,0.000000
30.000000,0.880000,0.000000,99,flat_missed_event,hindsight,1.140755,-0.000000,0.000000,0.000000
30.000000,0.880000,0.000000,100,evening_peak,idle,0.000000,2.139550,0.000000,0.000000
30.000000,0.880000,0.000000,100,evening_peak,clock,1.555120,0.584429,0.000000,0.000000
30.000000,0.880000,0.000000,100,evening_peak,forecast,1.555120,0.584429,0.000000,0.000000
30.000000,0.880000,0.000000,100,evening_peak,hindsight,2.139550,0.000000,0.000000,0.000000
30.000000,0.880000,0.000000,101,scarcity_peak,idle,0.000000,3.594833,0.000000,0.000000
30.000000,0.880000,0.000000,101,scarcity_peak,clock,3.165201,0.429631,0.000000,0.000000
30.000000,0.880000,0.000000,101,scarcity_peak,forecast,3.165201,0.429631,0.000000,0.000000
30.000000,0.880000,0.000000,101,scarcity_peak,hindsight,3.594833,-0.000000,0.000000,0.000000
30.000000,0.880000,0.000000,102,negative_midday,idle,0.000000,2.821623,0.000000,0.000000
30.000000,0.880000,0.000000,102,negative_midday,clock,1.962637,0.858985,0.000000,0.000000
30.000000,0.880000,0.000000,102,negative_midday,forecast,1.962637,0.858985,0.000000,0.000000
30.000000,0.880000,0.000000,102,negative_midday,hindsight,2.821623,0.000000,0.000000,0.000000
30.000000,0.880000,0.000000,103,flat_missed_event,idle,0.000000,1.325571,0.000000,0.000000
30.000000,0.880000,0.000000,103,flat_missed_event,clock,0.175016,1.150555,0.000000,0.000000
30.000000,0.880000,0.000000,103,flat_missed_event,forecast,0.000000,1.325571,0.000000,0.000000
30.000000,0.880000,0.000000,103,flat_missed_event,hindsight,1.325571,-0.000000,0.000000,0.000000
30.000000,0.880000,0.000000,104,evening_peak,idle,0.000000,1.814844,0.000000,0.000000
30.000000,0.880000,0.000000,104,evening_peak,clock,1.041666,0.773178,0.000000,0.000000
30.000000,0.880000,0.000000,104,evening_peak,forecast,1.041666,0.773178,0.000000,0.000000
30.000000,0.880000,0.000000,104,evening_peak,hindsight,1.814844,0.000000,0.000000,0.000000
30.000000,0.880000,0.000000,105,scarcity_peak,idle,0.000000,3.615434,0.000000,0.000000
30.000000,0.880000,0.000000,105,scarcity_peak,clock,2.825398,0.790036,0.000000,0.000000
30.000000,0.880000,0.000000,105,scarcity_peak,forecast,2.825398,0.790036,0.000000,0.000000
30.000000,0.880000,0.000000,105,scarcity_peak,hindsight,3.615434,-0.000000,0.000000,0.000000
30.000000,0.880000,0.000000,106,negative_midday,idle,0.000000,2.375040,0.000000,0.000000
30.000000,0.880000,0.000000,106,negative_midday,clock,1.900689,0.474351,0.000000,0.000000
30.000000,0.880000,0.000000,106,negative_midday,forecast,1.900689,0.474351,0.000000,0.000000
30.000000,0.880000,0.000000,106,negative_midday,hindsight,2.375040,-0.000000,0.000000,0.000000
30.000000,0.880000,0.000000,107,flat_missed_event,idle,0.000000,1.386441,0.000000,0.000000
30.000000,0.880000,0.000000,107,flat_missed_event,clock,0.106541,1.279901,0.000000,0.000000
30.000000,0.880000,0.000000,107,flat_missed_event,forecast,0.000000,1.386441,0.000000,0.000000
30.000000,0.880000,0.000000,107,flat_missed_event,hindsight,1.386441,-0.000000,0.000000,0.000000
30.000000,0.880000,0.000000,108,evening_peak,idle,0.000000,1.979550,0.000000,0.000000
30.000000,0.880000,0.000000,108,evening_peak,clock,1.516692,0.462857,0.000000,0.000000
30.000000,0.880000,0.000000,108,evening_peak,forecast,1.516692,0.462857,0.000000,0.000000
30.000000,0.880000,0.000000,108,evening_peak,hindsight,1.979550,-0.000000,0.000000,0.000000
30.000000,0.880000,0.000000,109,scarcity_peak,idle,0.000000,3.887664,0.000000,0.000000
30.000000,0.880000,0.000000,109,scarcity_peak,clock,2.864662,1.023002,0.000000,0.000000
30.000000,0.880000,0.000000,109,scarcity_peak,forecast,2.864662,1.023002,0.000000,0.000000
30.000000,0.880000,0.000000,109,scarcity_peak,hindsight,3.887664,0.000000,0.000000,0.000000
30.000000,0.880000,0.000000,110,negative_midday,idle,0.000000,2.663949,0.000000,0.000000
30.000000,0.880000,0.000000,110,negative_midday,clock,1.956971,0.706978,0.000000,0.000000
30.000000,0.880000,0.000000,110,negative_midday,forecast,1.956971,0.706978,0.000000,0.000000
30.000000,0.880000,0.000000,110,negative_midday,hindsight,2.663949,0.000000,0.000000,0.000000
30.000000,0.880000,0.000000,111,flat_missed_event,idle,0.000000,1.164387,0.000000,0.000000
30.000000,0.880000,0.000000,111,flat_missed_event,clock,-0.110856,1.275243,0.000000,0.000000
30.000000,0.880000,0.000000,111,flat_missed_event,forecast,0.000000,1.164387,0.000000,0.000000
30.000000,0.880000,0.000000,111,flat_missed_event,hindsight,1.164387,0.000000,0.000000,0.000000
30.000000,0.880000,0.000000,112,evening_peak,idle,0.000000,2.017803,0.000000,0.000000
30.000000,0.880000,0.000000,112,evening_peak,clock,1.595921,0.421882,0.000000,0.000000
30.000000,0.880000,0.000000,112,evening_peak,forecast,1.595921,0.421882,0.000000,0.000000
30.000000,0.880000,0.000000,112,evening_peak,hindsight,2.017803,0.000000,0.000000,0.000000
30.000000,0.880000,0.000000,113,scarcity_peak,idle,0.000000,3.624616,0.000000,0.000000
30.000000,0.880000,0.000000,113,scarcity_peak,clock,2.884781,0.739835,0.000000,0.000000
30.000000,0.880000,0.000000,113,scarcity_peak,forecast,2.884781,0.739835,0.000000,0.000000
30.000000,0.880000,0.000000,113,scarcity_peak,hindsight,3.624616,0.000000,0.000000,0.000000
30.000000,0.880000,0.000000,114,negative_midday,idle,0.000000,2.465857,0.000000,0.000000
30.000000,0.880000,0.000000,114,negative_midday,clock,1.686757,0.779100,0.000000,0.000000
30.000000,0.880000,0.000000,114,negative_midday,forecast,1.686757,0.779100,0.000000,0.000000
30.000000,0.880000,0.000000,114,negative_midday,hindsight,2.465857,0.000000,0.000000,0.000000
30.000000,0.880000,0.000000,115,flat_missed_event,idle,0.000000,1.089598,0.000000,0.000000
30.000000,0.880000,0.000000,115,flat_missed_event,clock,-0.221176,1.310774,0.000000,0.000000
30.000000,0.880000,0.000000,115,flat_missed_event,forecast,0.000000,1.089598,0.000000,0.000000
30.000000,0.880000,0.000000,115,flat_missed_event,hindsight,1.089598,0.000000,0.000000,0.000000
30.000000,0.880000,0.000000,116,evening_peak,idle,0.000000,2.235106,0.000000,0.000000
30.000000,0.880000,0.000000,116,evening_peak,clock,1.617186,0.617920,0.000000,0.000000
30.000000,0.880000,0.000000,116,evening_peak,forecast,1.617186,0.617920,0.000000,0.000000
30.000000,0.880000,0.000000,116,evening_peak,hindsight,2.235106,0.000000,0.000000,0.000000
30.000000,0.880000,0.000000,117,scarcity_peak,idle,0.000000,3.491276,0.000000,0.000000
30.000000,0.880000,0.000000,117,scarcity_peak,clock,2.900144,0.591132,0.000000,0.000000
30.000000,0.880000,0.000000,117,scarcity_peak,forecast,2.900144,0.591132,0.000000,0.000000
30.000000,0.880000,0.000000,117,scarcity_peak,hindsight,3.491276,0.000000,0.000000,0.000000
30.000000,0.880000,0.000000,118,negative_midday,idle,0.000000,2.880998,0.000000,0.000000
30.000000,0.880000,0.000000,118,negative_midday,clock,2.428685,0.452313,0.000000,0.000000
30.000000,0.880000,0.000000,118,negative_midday,forecast,2.428685,0.452313,0.000000,0.000000
30.000000,0.880000,0.000000,118,negative_midday,hindsight,2.880998,0.000000,0.000000,0.000000
30.000000,0.880000,0.000000,119,flat_missed_event,idle,0.000000,1.620309,0.000000,0.000000
30.000000,0.880000,0.000000,119,flat_missed_event,clock,-0.120823,1.741132,0.000000,0.000000
30.000000,0.880000,0.000000,119,flat_missed_event,forecast,0.000000,1.620309,0.000000,0.000000
30.000000,0.880000,0.000000,119,flat_missed_event,hindsight,1.620309,-0.000000,0.000000,0.000000
30.000000,0.880000,5.000000,0,evening_peak,idle,0.000000,1.790440,5.000000,5.000000
30.000000,0.880000,5.000000,0,evening_peak,clock,1.199135,0.591305,5.000000,5.000000
30.000000,0.880000,5.000000,0,evening_peak,forecast,1.199135,0.591305,5.000000,5.000000
30.000000,0.880000,5.000000,0,evening_peak,hindsight,1.790440,0.000000,5.000000,5.000000
30.000000,0.880000,5.000000,1,scarcity_peak,idle,0.000000,3.315184,5.000000,5.000000
30.000000,0.880000,5.000000,1,scarcity_peak,clock,2.172215,1.142969,5.000000,5.000000
30.000000,0.880000,5.000000,1,scarcity_peak,forecast,2.172215,1.142969,5.000000,5.000000
30.000000,0.880000,5.000000,1,scarcity_peak,hindsight,3.315184,-0.000000,5.000000,5.000000
30.000000,0.880000,5.000000,2,negative_midday,idle,0.000000,1.973816,5.000000,5.000000
30.000000,0.880000,5.000000,2,negative_midday,clock,1.061824,0.911992,5.000000,5.000000
30.000000,0.880000,5.000000,2,negative_midday,forecast,1.061824,0.911992,5.000000,5.000000
30.000000,0.880000,5.000000,2,negative_midday,hindsight,1.973816,0.000000,5.000000,5.000000
30.000000,0.880000,5.000000,3,flat_missed_event,idle,0.000000,1.395094,5.000000,5.000000
30.000000,0.880000,5.000000,3,flat_missed_event,clock,-0.507091,1.902185,5.000000,5.000000
30.000000,0.880000,5.000000,3,flat_missed_event,forecast,0.000000,1.395094,5.000000,5.000000
30.000000,0.880000,5.000000,3,flat_missed_event,hindsight,1.395094,0.000000,5.000000,5.000000
30.000000,0.880000,5.000000,4,evening_peak,idle,0.000000,1.480200,5.000000,5.000000
30.000000,0.880000,5.000000,4,evening_peak,clock,0.752381,0.727819,5.000000,5.000000
30.000000,0.880000,5.000000,4,evening_peak,forecast,0.752381,0.727819,5.000000,5.000000
30.000000,0.880000,5.000000,4,evening_peak,hindsight,1.480200,0.000000,5.000000,5.000000
30.000000,0.880000,5.000000,5,scarcity_peak,idle,0.000000,3.241868,5.000000,5.000000
30.000000,0.880000,5.000000,5,scarcity_peak,clock,1.806426,1.435442,5.000000,5.000000
30.000000,0.880000,5.000000,5,scarcity_peak,forecast,1.806426,1.435442,5.000000,5.000000
30.000000,0.880000,5.000000,5,scarcity_peak,hindsight,3.241868,0.000000,5.000000,5.000000
30.000000,0.880000,5.000000,6,negative_midday,idle,0.000000,2.469769,5.000000,5.000000
30.000000,0.880000,5.000000,6,negative_midday,clock,1.600674,0.869095,5.000000,5.000000
30.000000,0.880000,5.000000,6,negative_midday,forecast,1.600674,0.869095,5.000000,5.000000
30.000000,0.880000,5.000000,6,negative_midday,hindsight,2.469769,0.000000,5.000000,5.000000
30.000000,0.880000,5.000000,7,flat_missed_event,idle,0.000000,1.219211,5.000000,5.000000
30.000000,0.880000,5.000000,7,flat_missed_event,clock,0.238622,0.980589,5.000000,5.000000
30.000000,0.880000,5.000000,7,flat_missed_event,forecast,0.000000,1.219211,5.000000,5.000000
30.000000,0.880000,5.000000,7,flat_missed_event,hindsight,1.219211,0.000000,5.000000,5.000000
30.000000,0.880000,5.000000,8,evening_peak,idle,0.000000,1.949311,5.000000,5.000000
30.000000,0.880000,5.000000,8,evening_peak,clock,0.893198,1.056113,5.000000,5.000000
30.000000,0.880000,5.000000,8,evening_peak,forecast,0.893198,1.056113,5.000000,5.000000
30.000000,0.880000,5.000000,8,evening_peak,hindsight,1.949311,0.000000,5.000000,5.000000
30.000000,0.880000,5.000000,9,scarcity_peak,idle,0.000000,3.148087,5.000000,5.000000
30.000000,0.880000,5.000000,9,scarcity_peak,clock,1.846879,1.301209,5.000000,5.000000
30.000000,0.880000,5.000000,9,scarcity_peak,forecast,1.846879,1.301209,5.000000,5.000000
30.000000,0.880000,5.000000,9,scarcity_peak,hindsight,3.148087,0.000000,5.000000,5.000000
30.000000,0.880000,5.000000,10,negative_midday,idle,0.000000,2.252665,5.000000,5.000000
30.000000,0.880000,5.000000,10,negative_midday,clock,1.761333,0.491332,5.000000,5.000000
30.000000,0.880000,5.000000,10,negative_midday,forecast,1.761333,0.491332,5.000000,5.000000
30.000000,0.880000,5.000000,10,negative_midday,hindsight,2.252665,-0.000000,5.000000,5.000000
30.000000,0.880000,5.000000,11,flat_missed_event,idle,0.000000,1.061568,5.000000,5.000000
30.000000,0.880000,5.000000,11,flat_missed_event,clock,-0.006584,1.068152,5.000000,5.000000
30.000000,0.880000,5.000000,11,flat_missed_event,forecast,0.000000,1.061568,5.000000,5.000000
30.000000,0.880000,5.000000,11,flat_missed_event,hindsight,1.061568,0.000000,5.000000,5.000000
30.000000,0.880000,5.000000,12,evening_peak,idle,0.000000,2.358704,5.000000,5.000000
30.000000,0.880000,5.000000,12,evening_peak,clock,1.630528,0.728176,5.000000,5.000000
30.000000,0.880000,5.000000,12,evening_peak,forecast,1.630528,0.728176,5.000000,5.000000
30.000000,0.880000,5.000000,12,evening_peak,hindsight,2.358704,0.000000,5.000000,5.000000
30.000000,0.880000,5.000000,13,scarcity_peak,idle,0.000000,3.135920,5.000000,5.000000
30.000000,0.880000,5.000000,13,scarcity_peak,clock,1.604072,1.531848,5.000000,5.000000
30.000000,0.880000,5.000000,13,scarcity_peak,forecast,1.604072,1.531848,5.000000,5.000000
30.000000,0.880000,5.000000,13,scarcity_peak,hindsight,3.135920,0.000000,5.000000,5.000000
30.000000,0.880000,5.000000,14,negative_midday,idle,0.000000,2.322314,5.000000,5.000000
30.000000,0.880000,5.000000,14,negative_midday,clock,1.376718,0.945596,5.000000,5.000000
30.000000,0.880000,5.000000,14,negative_midday,forecast,1.376718,0.945596,5.000000,5.000000
30.000000,0.880000,5.000000,14,negative_midday,hindsight,2.322314,0.000000,5.000000,5.000000
30.000000,0.880000,5.000000,15,flat_missed_event,idle,0.000000,1.347585,5.000000,5.000000
30.000000,0.880000,5.000000,15,flat_missed_event,clock,0.043700,1.303886,5.000000,5.000000
30.000000,0.880000,5.000000,15,flat_missed_event,forecast,0.000000,1.347585,5.000000,5.000000
30.000000,0.880000,5.000000,15,flat_missed_event,hindsight,1.347585,0.000000,5.000000,5.000000
30.000000,0.880000,5.000000,16,evening_peak,idle,0.000000,1.681914,5.000000,5.000000
30.000000,0.880000,5.000000,16,evening_peak,clock,0.773573,0.908340,5.000000,5.000000
30.000000,0.880000,5.000000,16,evening_peak,forecast,0.773573,0.908340,5.000000,5.000000
30.000000,0.880000,5.000000,16,evening_peak,hindsight,1.681914,0.000000,5.000000,5.000000
30.000000,0.880000,5.000000,17,scarcity_peak,idle,0.000000,3.649399,5.000000,5.000000
30.000000,0.880000,5.000000,17,scarcity_peak,clock,1.909483,1.739916,5.000000,5.000000
30.000000,0.880000,5.000000,17,scarcity_peak,forecast,1.909483,1.739916,5.000000,5.000000
30.000000,0.880000,5.000000,17,scarcity_peak,hindsight,3.649399,0.000000,5.000000,5.000000
30.000000,0.880000,5.000000,18,negative_midday,idle,0.000000,2.027060,5.000000,5.000000
30.000000,0.880000,5.000000,18,negative_midday,clock,1.434791,0.592269,5.000000,5.000000
30.000000,0.880000,5.000000,18,negative_midday,forecast,1.434791,0.592269,5.000000,5.000000
30.000000,0.880000,5.000000,18,negative_midday,hindsight,2.027060,0.000000,5.000000,5.000000
30.000000,0.880000,5.000000,19,flat_missed_event,idle,0.000000,1.222556,5.000000,5.000000
30.000000,0.880000,5.000000,19,flat_missed_event,clock,0.017989,1.204567,5.000000,5.000000
30.000000,0.880000,5.000000,19,flat_missed_event,forecast,0.000000,1.222556,5.000000,5.000000
30.000000,0.880000,5.000000,19,flat_missed_event,hindsight,1.222556,-0.000000,5.000000,5.000000
30.000000,0.880000,5.000000,20,evening_peak,idle,0.000000,1.843745,5.000000,5.000000
30.000000,0.880000,5.000000,20,evening_peak,clock,1.175442,0.668303,5.000000,5.000000
30.000000,0.880000,5.000000,20,evening_peak,forecast,1.175442,0.668303,5.000000,5.000000
30.000000,0.880000,5.000000,20,evening_peak,hindsight,1.843745,0.000000,5.000000,5.000000
30.000000,0.880000,5.000000,21,scarcity_peak,idle,0.000000,3.313008,5.000000,5.000000
30.000000,0.880000,5.000000,21,scarcity_peak,clock,1.926451,1.386557,5.000000,5.000000
30.000000,0.880000,5.000000,21,scarcity_peak,forecast,1.926451,1.386557,5.000000,5.000000
30.000000,0.880000,5.000000,21,scarcity_peak,hindsight,3.313008,-0.000000,5.000000,5.000000
30.000000,0.880000,5.000000,22,negative_midday,idle,0.000000,2.265023,5.000000,5.000000
30.000000,0.880000,5.000000,22,negative_midday,clock,1.238642,1.026381,5.000000,5.000000
30.000000,0.880000,5.000000,22,negative_midday,forecast,1.238642,1.026381,5.000000,5.000000
30.000000,0.880000,5.000000,22,negative_midday,hindsight,2.265023,0.000000,5.000000,5.000000
30.000000,0.880000,5.000000,23,flat_missed_event,idle,0.000000,0.990299,5.000000,5.000000
30.000000,0.880000,5.000000,23,flat_missed_event,clock,-0.521163,1.511462,5.000000,5.000000
30.000000,0.880000,5.000000,23,flat_missed_event,forecast,0.000000,0.990299,5.000000,5.000000
30.000000,0.880000,5.000000,23,flat_missed_event,hindsight,0.990299,0.000000,5.000000,5.000000
30.000000,0.880000,5.000000,24,evening_peak,idle,0.000000,1.656524,5.000000,5.000000
30.000000,0.880000,5.000000,24,evening_peak,clock,1.401257,0.255267,5.000000,5.000000
30.000000,0.880000,5.000000,24,evening_peak,forecast,1.401257,0.255267,5.000000,5.000000
30.000000,0.880000,5.000000,24,evening_peak,hindsight,1.656524,0.000000,5.000000,5.000000
30.000000,0.880000,5.000000,25,scarcity_peak,idle,0.000000,3.196017,5.000000,5.000000
30.000000,0.880000,5.000000,25,scarcity_peak,clock,1.861063,1.334954,5.000000,5.000000
30.000000,0.880000,5.000000,25,scarcity_peak,forecast,1.861063,1.334954,5.000000,5.000000
30.000000,0.880000,5.000000,25,scarcity_peak,hindsight,3.196017,-0.000000,5.000000,5.000000
30.000000,0.880000,5.000000,26,negative_midday,idle,0.000000,2.013564,5.000000,5.000000
30.000000,0.880000,5.000000,26,negative_midday,clock,0.817594,1.195970,5.000000,5.000000
30.000000,0.880000,5.000000,26,negative_midday,forecast,0.817594,1.195970,5.000000,5.000000
30.000000,0.880000,5.000000,26,negative_midday,hindsight,2.013564,-0.000000,5.000000,5.000000
30.000000,0.880000,5.000000,27,flat_missed_event,idle,0.000000,0.960221,5.000000,5.000000
30.000000,0.880000,5.000000,27,flat_missed_event,clock,-0.386472,1.346693,5.000000,5.000000
30.000000,0.880000,5.000000,27,flat_missed_event,forecast,0.000000,0.960221,5.000000,5.000000
30.000000,0.880000,5.000000,27,flat_missed_event,hindsight,0.960221,0.000000,5.000000,5.000000
30.000000,0.880000,5.000000,28,evening_peak,idle,0.000000,1.737008,5.000000,5.000000
30.000000,0.880000,5.000000,28,evening_peak,clock,1.191912,0.545096,5.000000,5.000000
30.000000,0.880000,5.000000,28,evening_peak,forecast,1.191912,0.545096,5.000000,5.000000
30.000000,0.880000,5.000000,28,evening_peak,hindsight,1.737008,-0.000000,5.000000,5.000000
30.000000,0.880000,5.000000,29,scarcity_peak,idle,0.000000,3.558108,5.000000,5.000000
30.000000,0.880000,5.000000,29,scarcity_peak,clock,1.750100,1.808008,5.000000,5.000000
30.000000,0.880000,5.000000,29,scarcity_peak,forecast,1.750100,1.808008,5.000000,5.000000
30.000000,0.880000,5.000000,29,scarcity_peak,hindsight,3.558108,0.000000,5.000000,5.000000
30.000000,0.880000,5.000000,30,negative_midday,idle,0.000000,2.321640,5.000000,5.000000
30.000000,0.880000,5.000000,30,negative_midday,clock,1.587353,0.734287,5.000000,5.000000
30.000000,0.880000,5.000000,30,negative_midday,forecast,1.587353,0.734287,5.000000,5.000000
30.000000,0.880000,5.000000,30,negative_midday,hindsight,2.321640,0.000000,5.000000,5.000000
30.000000,0.880000,5.000000,31,flat_missed_event,idle,0.000000,1.186598,5.000000,5.000000
30.000000,0.880000,5.000000,31,flat_missed_event,clock,-0.397041,1.583639,5.000000,5.000000
30.000000,0.880000,5.000000,31,flat_missed_event,forecast,0.000000,1.186598,5.000000,5.000000
30.000000,0.880000,5.000000,31,flat_missed_event,hindsight,1.186598,0.000000,5.000000,5.000000
30.000000,0.880000,5.000000,32,evening_peak,idle,0.000000,1.673438,5.000000,5.000000
30.000000,0.880000,5.000000,32,evening_peak,clock,0.957241,0.716198,5.000000,5.000000
30.000000,0.880000,5.000000,32,evening_peak,forecast,0.957241,0.716198,5.000000,5.000000
30.000000,0.880000,5.000000,32,evening_peak,hindsight,1.673438,-0.000000,5.000000,5.000000
30.000000,0.880000,5.000000,33,scarcity_peak,idle,0.000000,2.823950,5.000000,5.000000
30.000000,0.880000,5.000000,33,scarcity_peak,clock,1.719835,1.104115,5.000000,5.000000
30.000000,0.880000,5.000000,33,scarcity_peak,forecast,1.719835,1.104115,5.000000,5.000000
30.000000,0.880000,5.000000,33,scarcity_peak,hindsight,2.823950,0.000000,5.000000,5.000000
30.000000,0.880000,5.000000,34,negative_midday,idle,0.000000,2.746675,5.000000,5.000000
30.000000,0.880000,5.000000,34,negative_midday,clock,1.809228,0.937447,5.000000,5.000000
30.000000,0.880000,5.000000,34,negative_midday,forecast,1.809228,0.937447,5.000000,5.000000
30.000000,0.880000,5.000000,34,negative_midday,hindsight,2.746675,0.000000,5.000000,5.000000
30.000000,0.880000,5.000000,35,flat_missed_event,idle,0.000000,1.104893,5.000000,5.000000
30.000000,0.880000,5.000000,35,flat_missed_event,clock,-0.376548,1.481441,5.000000,5.000000
30.000000,0.880000,5.000000,35,flat_missed_event,forecast,0.000000,1.104893,5.000000,5.000000
30.000000,0.880000,5.000000,35,flat_missed_event,hindsight,1.104893,0.000000,5.000000,5.000000
30.000000,0.880000,5.000000,36,evening_peak,idle,0.000000,1.732595,5.000000,5.000000
30.000000,0.880000,5.000000,36,evening_peak,clock,1.264848,0.467747,5.000000,5.000000
30.000000,0.880000,5.000000,36,evening_peak,forecast,1.264848,0.467747,5.000000,5.000000
30.000000,0.880000,5.000000,36,evening_peak,hindsight,1.732595,0.000000,5.000000,5.000000
30.000000,0.880000,5.000000,37,scarcity_peak,idle,0.000000,3.538419,5.000000,5.000000
30.000000,0.880000,5.000000,37,scarcity_peak,clock,2.235481,1.302938,5.000000,5.000000
30.000000,0.880000,5.000000,37,scarcity_peak,forecast,2.235481,1.302938,5.000000,5.000000
30.000000,0.880000,5.000000,37,scarcity_peak,hindsight,3.538419,0.000000,5.000000,5.000000
30.000000,0.880000,5.000000,38,negative_midday,idle,0.000000,1.838416,5.000000,5.000000
30.000000,0.880000,5.000000,38,negative_midday,clock,1.333185,0.505231,5.000000,5.000000
30.000000,0.880000,5.000000,38,negative_midday,forecast,1.333185,0.505231,5.000000,5.000000
30.000000,0.880000,5.000000,38,negative_midday,hindsight,1.838416,0.000000,5.000000,5.000000
30.000000,0.880000,5.000000,39,flat_missed_event,idle,0.000000,1.295902,5.000000,5.000000
30.000000,0.880000,5.000000,39,flat_missed_event,clock,0.054023,1.241879,5.000000,5.000000
30.000000,0.880000,5.000000,39,flat_missed_event,forecast,0.000000,1.295902,5.000000,5.000000
30.000000,0.880000,5.000000,39,flat_missed_event,hindsight,1.295902,0.000000,5.000000,5.000000
30.000000,0.880000,5.000000,40,evening_peak,idle,0.000000,1.952806,5.000000,5.000000
30.000000,0.880000,5.000000,40,evening_peak,clock,1.371231,0.581575,5.000000,5.000000
30.000000,0.880000,5.000000,40,evening_peak,forecast,1.371231,0.581575,5.000000,5.000000
30.000000,0.880000,5.000000,40,evening_peak,hindsight,1.952806,-0.000000,5.000000,5.000000
30.000000,0.880000,5.000000,41,scarcity_peak,idle,0.000000,3.229756,5.000000,5.000000
30.000000,0.880000,5.000000,41,scarcity_peak,clock,1.690561,1.539195,5.000000,5.000000
30.000000,0.880000,5.000000,41,scarcity_peak,forecast,1.690561,1.539195,5.000000,5.000000
30.000000,0.880000,5.000000,41,scarcity_peak,hindsight,3.229756,0.000000,5.000000,5.000000
30.000000,0.880000,5.000000,42,negative_midday,idle,0.000000,2.086990,5.000000,5.000000
30.000000,0.880000,5.000000,42,negative_midday,clock,1.238093,0.848897,5.000000,5.000000
30.000000,0.880000,5.000000,42,negative_midday,forecast,1.238093,0.848897,5.000000,5.000000
30.000000,0.880000,5.000000,42,negative_midday,hindsight,2.086990,0.000000,5.000000,5.000000
30.000000,0.880000,5.000000,43,flat_missed_event,idle,0.000000,1.094454,5.000000,5.000000
30.000000,0.880000,5.000000,43,flat_missed_event,clock,-0.236852,1.331306,5.000000,5.000000
30.000000,0.880000,5.000000,43,flat_missed_event,forecast,0.000000,1.094454,5.000000,5.000000
30.000000,0.880000,5.000000,43,flat_missed_event,hindsight,1.094454,0.000000,5.000000,5.000000
30.000000,0.880000,5.000000,44,evening_peak,idle,0.000000,1.746002,5.000000,5.000000
30.000000,0.880000,5.000000,44,evening_peak,clock,1.266489,0.479513,5.000000,5.000000
30.000000,0.880000,5.000000,44,evening_peak,forecast,1.266489,0.479513,5.000000,5.000000
30.000000,0.880000,5.000000,44,evening_peak,hindsight,1.746002,-0.000000,5.000000,5.000000
30.000000,0.880000,5.000000,45,scarcity_peak,idle,0.000000,3.245482,5.000000,5.000000
30.000000,0.880000,5.000000,45,scarcity_peak,clock,1.833897,1.411585,5.000000,5.000000
30.000000,0.880000,5.000000,45,scarcity_peak,forecast,1.833897,1.411585,5.000000,5.000000
30.000000,0.880000,5.000000,45,scarcity_peak,hindsight,3.245482,0.000000,5.000000,5.000000
30.000000,0.880000,5.000000,46,negative_midday,idle,0.000000,2.632262,5.000000,5.000000
30.000000,0.880000,5.000000,46,negative_midday,clock,1.637824,0.994439,5.000000,5.000000
30.000000,0.880000,5.000000,46,negative_midday,forecast,1.637824,0.994439,5.000000,5.000000
30.000000,0.880000,5.000000,46,negative_midday,hindsight,2.632262,-0.000000,5.000000,5.000000
30.000000,0.880000,5.000000,47,flat_missed_event,idle,0.000000,0.955292,5.000000,5.000000
30.000000,0.880000,5.000000,47,flat_missed_event,clock,-0.302111,1.257403,5.000000,5.000000
30.000000,0.880000,5.000000,47,flat_missed_event,forecast,0.000000,0.955292,5.000000,5.000000
30.000000,0.880000,5.000000,47,flat_missed_event,hindsight,0.955292,-0.000000,5.000000,5.000000
30.000000,0.880000,5.000000,48,evening_peak,idle,0.000000,1.837548,5.000000,5.000000
30.000000,0.880000,5.000000,48,evening_peak,clock,1.086189,0.751359,5.000000,5.000000
30.000000,0.880000,5.000000,48,evening_peak,forecast,1.086189,0.751359,5.000000,5.000000
30.000000,0.880000,5.000000,48,evening_peak,hindsight,1.837548,-0.000000,5.000000,5.000000
30.000000,0.880000,5.000000,49,scarcity_peak,idle,0.000000,3.404550,5.000000,5.000000
30.000000,0.880000,5.000000,49,scarcity_peak,clock,2.115385,1.289164,5.000000,5.000000
30.000000,0.880000,5.000000,49,scarcity_peak,forecast,2.115385,1.289164,5.000000,5.000000
30.000000,0.880000,5.000000,49,scarcity_peak,hindsight,3.404550,0.000000,5.000000,5.000000
30.000000,0.880000,5.000000,50,negative_midday,idle,0.000000,2.261954,5.000000,5.000000
30.000000,0.880000,5.000000,50,negative_midday,clock,1.483109,0.778845,5.000000,5.000000
30.000000,0.880000,5.000000,50,negative_midday,forecast,1.483109,0.778845,5.000000,5.000000
30.000000,0.880000,5.000000,50,negative_midday,hindsight,2.261954,0.000000,5.000000,5.000000
30.000000,0.880000,5.000000,51,flat_missed_event,idle,0.000000,1.059222,5.000000,5.000000
30.000000,0.880000,5.000000,51,flat_missed_event,clock,-0.200084,1.259306,5.000000,5.000000
30.000000,0.880000,5.000000,51,flat_missed_event,forecast,0.000000,1.059222,5.000000,5.000000
30.000000,0.880000,5.000000,51,flat_missed_event,hindsight,1.059222,0.000000,5.000000,5.000000
30.000000,0.880000,5.000000,52,evening_peak,idle,0.000000,1.710313,5.000000,5.000000
30.000000,0.880000,5.000000,52,evening_peak,clock,0.798088,0.912225,5.000000,5.000000
30.000000,0.880000,5.000000,52,evening_peak,forecast,0.798088,0.912225,5.000000,5.000000
30.000000,0.880000,5.000000,52,evening_peak,hindsight,1.710313,-0.000000,5.000000,5.000000
30.000000,0.880000,5.000000,53,scarcity_peak,idle,0.000000,2.709279,5.000000,5.000000
30.000000,0.880000,5.000000,53,scarcity_peak,clock,1.303797,1.405482,5.000000,5.000000
30.000000,0.880000,5.000000,53,scarcity_peak,forecast,1.303797,1.405482,5.000000,5.000000
30.000000,0.880000,5.000000,53,scarcity_peak,hindsight,2.709279,0.000000,5.000000,5.000000
30.000000,0.880000,5.000000,54,negative_midday,idle,0.000000,2.378989,5.000000,5.000000
30.000000,0.880000,5.000000,54,negative_midday,clock,1.410005,0.968984,5.000000,5.000000
30.000000,0.880000,5.000000,54,negative_midday,forecast,1.410005,0.968984,5.000000,5.000000
30.000000,0.880000,5.000000,54,negative_midday,hindsight,2.378989,0.000000,5.000000,5.000000
30.000000,0.880000,5.000000,55,flat_missed_event,idle,0.000000,1.358313,5.000000,5.000000
30.000000,0.880000,5.000000,55,flat_missed_event,clock,-0.229007,1.587321,5.000000,5.000000
30.000000,0.880000,5.000000,55,flat_missed_event,forecast,0.000000,1.358313,5.000000,5.000000
30.000000,0.880000,5.000000,55,flat_missed_event,hindsight,1.358313,0.000000,5.000000,5.000000
30.000000,0.880000,5.000000,56,evening_peak,idle,0.000000,1.912948,5.000000,5.000000
30.000000,0.880000,5.000000,56,evening_peak,clock,1.106939,0.806009,5.000000,5.000000
30.000000,0.880000,5.000000,56,evening_peak,forecast,1.106939,0.806009,5.000000,5.000000
30.000000,0.880000,5.000000,56,evening_peak,hindsight,1.912948,0.000000,5.000000,5.000000
30.000000,0.880000,5.000000,57,scarcity_peak,idle,0.000000,3.372235,5.000000,5.000000
30.000000,0.880000,5.000000,57,scarcity_peak,clock,1.936916,1.435319,5.000000,5.000000
30.000000,0.880000,5.000000,57,scarcity_peak,forecast,1.936916,1.435319,5.000000,5.000000
30.000000,0.880000,5.000000,57,scarcity_peak,hindsight,3.372235,0.000000,5.000000,5.000000
30.000000,0.880000,5.000000,58,negative_midday,idle,0.000000,2.864196,5.000000,5.000000
30.000000,0.880000,5.000000,58,negative_midday,clock,1.962956,0.901240,5.000000,5.000000
30.000000,0.880000,5.000000,58,negative_midday,forecast,1.962956,0.901240,5.000000,5.000000
30.000000,0.880000,5.000000,58,negative_midday,hindsight,2.864196,0.000000,5.000000,5.000000
30.000000,0.880000,5.000000,59,flat_missed_event,idle,0.000000,1.248775,5.000000,5.000000
30.000000,0.880000,5.000000,59,flat_missed_event,clock,-0.160111,1.408886,5.000000,5.000000
30.000000,0.880000,5.000000,59,flat_missed_event,forecast,0.000000,1.248775,5.000000,5.000000
30.000000,0.880000,5.000000,59,flat_missed_event,hindsight,1.248775,0.000000,5.000000,5.000000
30.000000,0.880000,5.000000,60,evening_peak,idle,0.000000,1.438702,5.000000,5.000000
30.000000,0.880000,5.000000,60,evening_peak,clock,0.684682,0.754021,5.000000,5.000000
30.000000,0.880000,5.000000,60,evening_peak,forecast,0.684682,0.754021,5.000000,5.000000
30.000000,0.880000,5.000000,60,evening_peak,hindsight,1.438702,0.000000,5.000000,5.000000
30.000000,0.880000,5.000000,61,scarcity_peak,idle,0.000000,3.359165,5.000000,5.000000
30.000000,0.880000,5.000000,61,scarcity_peak,clock,1.462131,1.897034,5.000000,5.000000
30.000000,0.880000,5.000000,61,scarcity_peak,forecast,1.462131,1.897034,5.000000,5.000000
30.000000,0.880000,5.000000,61,scarcity_peak,hindsight,3.359165,0.000000,5.000000,5.000000
30.000000,0.880000,5.000000,62,negative_midday,idle,0.000000,2.158543,5.000000,5.000000
30.000000,0.880000,5.000000,62,negative_midday,clock,1.394910,0.763633,5.000000,5.000000
30.000000,0.880000,5.000000,62,negative_midday,forecast,1.394910,0.763633,5.000000,5.000000
30.000000,0.880000,5.000000,62,negative_midday,hindsight,2.158543,0.000000,5.000000,5.000000
30.000000,0.880000,5.000000,63,flat_missed_event,idle,0.000000,1.285563,5.000000,5.000000
30.000000,0.880000,5.000000,63,flat_missed_event,clock,0.087197,1.198366,5.000000,5.000000
30.000000,0.880000,5.000000,63,flat_missed_event,forecast,0.000000,1.285563,5.000000,5.000000
30.000000,0.880000,5.000000,63,flat_missed_event,hindsight,1.285563,0.000000,5.000000,5.000000
30.000000,0.880000,5.000000,64,evening_peak,idle,0.000000,1.791659,5.000000,5.000000
30.000000,0.880000,5.000000,64,evening_peak,clock,1.162983,0.628676,5.000000,5.000000
30.000000,0.880000,5.000000,64,evening_peak,forecast,1.162983,0.628676,5.000000,5.000000
30.000000,0.880000,5.000000,64,evening_peak,hindsight,1.791659,0.000000,5.000000,5.000000
30.000000,0.880000,5.000000,65,scarcity_peak,idle,0.000000,3.458432,5.000000,5.000000
30.000000,0.880000,5.000000,65,scarcity_peak,clock,2.092823,1.365608,5.000000,5.000000
30.000000,0.880000,5.000000,65,scarcity_peak,forecast,2.092823,1.365608,5.000000,5.000000
30.000000,0.880000,5.000000,65,scarcity_peak,hindsight,3.458432,0.000000,5.000000,5.000000
30.000000,0.880000,5.000000,66,negative_midday,idle,0.000000,2.714549,5.000000,5.000000
30.000000,0.880000,5.000000,66,negative_midday,clock,1.922518,0.792031,5.000000,5.000000
30.000000,0.880000,5.000000,66,negative_midday,forecast,1.922518,0.792031,5.000000,5.000000
30.000000,0.880000,5.000000,66,negative_midday,hindsight,2.714549,0.000000,5.000000,5.000000
30.000000,0.880000,5.000000,67,flat_missed_event,idle,0.000000,1.235429,5.000000,5.000000
30.000000,0.880000,5.000000,67,flat_missed_event,clock,0.470569,0.764861,5.000000,5.000000
30.000000,0.880000,5.000000,67,flat_missed_event,forecast,0.000000,1.235429,5.000000,5.000000
30.000000,0.880000,5.000000,67,flat_missed_event,hindsight,1.235429,0.000000,5.000000,5.000000
30.000000,0.880000,5.000000,68,evening_peak,idle,0.000000,1.487087,5.000000,5.000000
30.000000,0.880000,5.000000,68,evening_peak,clock,0.905592,0.581495,5.000000,5.000000
30.000000,0.880000,5.000000,68,evening_peak,forecast,0.905592,0.581495,5.000000,5.000000
30.000000,0.880000,5.000000,68,evening_peak,hindsight,1.487087,0.000000,5.000000,5.000000
30.000000,0.880000,5.000000,69,scarcity_peak,idle,0.000000,2.989491,5.000000,5.000000
30.000000,0.880000,5.000000,69,scarcity_peak,clock,1.161580,1.827911,5.000000,5.000000
30.000000,0.880000,5.000000,69,scarcity_peak,forecast,1.161580,1.827911,5.000000,5.000000
30.000000,0.880000,5.000000,69,scarcity_peak,hindsight,2.989491,0.000000,5.000000,5.000000
30.000000,0.880000,5.000000,70,negative_midday,idle,0.000000,1.962857,5.000000,5.000000
30.000000,0.880000,5.000000,70,negative_midday,clock,1.091032,0.871826,5.000000,5.000000
30.000000,0.880000,5.000000,70,negative_midday,forecast,1.091032,0.871826,5.000000,5.000000
30.000000,0.880000,5.000000,70,negative_midday,hindsight,1.962857,0.000000,5.000000,5.000000
30.000000,0.880000,5.000000,71,flat_missed_event,idle,0.000000,1.190189,5.000000,5.000000
30.000000,0.880000,5.000000,71,flat_missed_event,clock,-0.081281,1.271470,5.000000,5.000000
30.000000,0.880000,5.000000,71,flat_missed_event,forecast,0.000000,1.190189,5.000000,5.000000
30.000000,0.880000,5.000000,71,flat_missed_event,hindsight,1.190189,0.000000,5.000000,5.000000
30.000000,0.880000,5.000000,72,evening_peak,idle,0.000000,1.750779,5.000000,5.000000
30.000000,0.880000,5.000000,72,evening_peak,clock,1.109718,0.641061,5.000000,5.000000
30.000000,0.880000,5.000000,72,evening_peak,forecast,1.109718,0.641061,5.000000,5.000000
30.000000,0.880000,5.000000,72,evening_peak,hindsight,1.750779,-0.000000,5.000000,5.000000
30.000000,0.880000,5.000000,73,scarcity_peak,idle,0.000000,3.283832,5.000000,5.000000
30.000000,0.880000,5.000000,73,scarcity_peak,clock,1.916130,1.367702,5.000000,5.000000
30.000000,0.880000,5.000000,73,scarcity_peak,forecast,1.916130,1.367702,5.000000,5.000000
30.000000,0.880000,5.000000,73,scarcity_peak,hindsight,3.283832,-0.000000,5.000000,5.000000
30.000000,0.880000,5.000000,74,negative_midday,idle,0.000000,2.473162,5.000000,5.000000
30.000000,0.880000,5.000000,74,negative_midday,clock,1.712091,0.761071,5.000000,5.000000
30.000000,0.880000,5.000000,74,negative_midday,forecast,1.712091,0.761071,5.000000,5.000000
30.000000,0.880000,5.000000,74,negative_midday,hindsight,2.473162,-0.000000,5.000000,5.000000
30.000000,0.880000,5.000000,75,flat_missed_event,idle,0.000000,1.298611,5.000000,5.000000
30.000000,0.880000,5.000000,75,flat_missed_event,clock,-0.085199,1.383809,5.000000,5.000000
30.000000,0.880000,5.000000,75,flat_missed_event,forecast,0.000000,1.298611,5.000000,5.000000
30.000000,0.880000,5.000000,75,flat_missed_event,hindsight,1.298611,0.000000,5.000000,5.000000
30.000000,0.880000,5.000000,76,evening_peak,idle,0.000000,2.054570,5.000000,5.000000
30.000000,0.880000,5.000000,76,evening_peak,clock,1.166926,0.887644,5.000000,5.000000
30.000000,0.880000,5.000000,76,evening_peak,forecast,1.166926,0.887644,5.000000,5.000000
30.000000,0.880000,5.000000,76,evening_peak,hindsight,2.054570,0.000000,5.000000,5.000000
30.000000,0.880000,5.000000,77,scarcity_peak,idle,0.000000,3.375506,5.000000,5.000000
30.000000,0.880000,5.000000,77,scarcity_peak,clock,1.722537,1.652969,5.000000,5.000000
30.000000,0.880000,5.000000,77,scarcity_peak,forecast,1.722537,1.652969,5.000000,5.000000
30.000000,0.880000,5.000000,77,scarcity_peak,hindsight,3.375506,-0.000000,5.000000,5.000000
30.000000,0.880000,5.000000,78,negative_midday,idle,0.000000,2.848589,5.000000,5.000000
30.000000,0.880000,5.000000,78,negative_midday,clock,1.524530,1.324059,5.000000,5.000000
30.000000,0.880000,5.000000,78,negative_midday,forecast,1.524530,1.324059,5.000000,5.000000
30.000000,0.880000,5.000000,78,negative_midday,hindsight,2.848589,-0.000000,5.000000,5.000000
30.000000,0.880000,5.000000,79,flat_missed_event,idle,0.000000,0.915466,5.000000,5.000000
30.000000,0.880000,5.000000,79,flat_missed_event,clock,-0.674989,1.590456,5.000000,5.000000
30.000000,0.880000,5.000000,79,flat_missed_event,forecast,0.000000,0.915466,5.000000,5.000000
30.000000,0.880000,5.000000,79,flat_missed_event,hindsight,0.915466,-0.000000,5.000000,5.000000
30.000000,0.880000,5.000000,80,evening_peak,idle,0.000000,1.649576,5.000000,5.000000
30.000000,0.880000,5.000000,80,evening_peak,clock,0.892242,0.757334,5.000000,5.000000
30.000000,0.880000,5.000000,80,evening_peak,forecast,0.892242,0.757334,5.000000,5.000000
30.000000,0.880000,5.000000,80,evening_peak,hindsight,1.649576,0.000000,5.000000,5.000000
30.000000,0.880000,5.000000,81,scarcity_peak,idle,0.000000,3.191730,5.000000,5.000000
30.000000,0.880000,5.000000,81,scarcity_peak,clock,1.932402,1.259328,5.000000,5.000000
30.000000,0.880000,5.000000,81,scarcity_peak,forecast,1.932402,1.259328,5.000000,5.000000
30.000000,0.880000,5.000000,81,scarcity_peak,hindsight,3.191730,0.000000,5.000000,5.000000
30.000000,0.880000,5.000000,82,negative_midday,idle,0.000000,2.306488,5.000000,5.000000
30.000000,0.880000,5.000000,82,negative_midday,clock,1.665869,0.640619,5.000000,5.000000
30.000000,0.880000,5.000000,82,negative_midday,forecast,1.665869,0.640619,5.000000,5.000000
30.000000,0.880000,5.000000,82,negative_midday,hindsight,2.306488,-0.000000,5.000000,5.000000
30.000000,0.880000,5.000000,83,flat_missed_event,idle,0.000000,1.256807,5.000000,5.000000
30.000000,0.880000,5.000000,83,flat_missed_event,clock,0.048228,1.208579,5.000000,5.000000
30.000000,0.880000,5.000000,83,flat_missed_event,forecast,0.000000,1.256807,5.000000,5.000000
30.000000,0.880000,5.000000,83,flat_missed_event,hindsight,1.256807,-0.000000,5.000000,5.000000
30.000000,0.880000,5.000000,84,evening_peak,idle,0.000000,1.647953,5.000000,5.000000
30.000000,0.880000,5.000000,84,evening_peak,clock,0.813151,0.834802,5.000000,5.000000
30.000000,0.880000,5.000000,84,evening_peak,forecast,0.813151,0.834802,5.000000,5.000000
30.000000,0.880000,5.000000,84,evening_peak,hindsight,1.647953,-0.000000,5.000000,5.000000
30.000000,0.880000,5.000000,85,scarcity_peak,idle,0.000000,3.299934,5.000000,5.000000
30.000000,0.880000,5.000000,85,scarcity_peak,clock,2.135476,1.164458,5.000000,5.000000
30.000000,0.880000,5.000000,85,scarcity_peak,forecast,2.135476,1.164458,5.000000,5.000000
30.000000,0.880000,5.000000,85,scarcity_peak,hindsight,3.299934,-0.000000,5.000000,5.000000
30.000000,0.880000,5.000000,86,negative_midday,idle,0.000000,2.547720,5.000000,5.000000
30.000000,0.880000,5.000000,86,negative_midday,clock,1.684766,0.862954,5.000000,5.000000
30.000000,0.880000,5.000000,86,negative_midday,forecast,1.684766,0.862954,5.000000,5.000000
30.000000,0.880000,5.000000,86,negative_midday,hindsight,2.547720,0.000000,5.000000,5.000000
30.000000,0.880000,5.000000,87,flat_missed_event,idle,0.000000,1.323273,5.000000,5.000000
30.000000,0.880000,5.000000,87,flat_missed_event,clock,-0.479961,1.803234,5.000000,5.000000
30.000000,0.880000,5.000000,87,flat_missed_event,forecast,0.000000,1.323273,5.000000,5.000000
30.000000,0.880000,5.000000,87,flat_missed_event,hindsight,1.323273,0.000000,5.000000,5.000000
30.000000,0.880000,5.000000,88,evening_peak,idle,0.000000,1.716959,5.000000,5.000000
30.000000,0.880000,5.000000,88,evening_peak,clock,0.807981,0.908978,5.000000,5.000000
30.000000,0.880000,5.000000,88,evening_peak,forecast,0.807981,0.908978,5.000000,5.000000
30.000000,0.880000,5.000000,88,evening_peak,hindsight,1.716959,-0.000000,5.000000,5.000000
30.000000,0.880000,5.000000,89,scarcity_peak,idle,0.000000,3.150628,5.000000,5.000000
30.000000,0.880000,5.000000,89,scarcity_peak,clock,1.692053,1.458575,5.000000,5.000000
30.000000,0.880000,5.000000,89,scarcity_peak,forecast,1.692053,1.458575,5.000000,5.000000
30.000000,0.880000,5.000000,89,scarcity_peak,hindsight,3.150628,0.000000,5.000000,5.000000
30.000000,0.880000,5.000000,90,negative_midday,idle,0.000000,2.476879,5.000000,5.000000
30.000000,0.880000,5.000000,90,negative_midday,clock,1.600519,0.876361,5.000000,5.000000
30.000000,0.880000,5.000000,90,negative_midday,forecast,1.600519,0.876361,5.000000,5.000000
30.000000,0.880000,5.000000,90,negative_midday,hindsight,2.476879,-0.000000,5.000000,5.000000
30.000000,0.880000,5.000000,91,flat_missed_event,idle,0.000000,0.956877,5.000000,5.000000
30.000000,0.880000,5.000000,91,flat_missed_event,clock,-0.100804,1.057680,5.000000,5.000000
30.000000,0.880000,5.000000,91,flat_missed_event,forecast,0.000000,0.956877,5.000000,5.000000
30.000000,0.880000,5.000000,91,flat_missed_event,hindsight,0.956877,0.000000,5.000000,5.000000
30.000000,0.880000,5.000000,92,evening_peak,idle,0.000000,1.610093,5.000000,5.000000
30.000000,0.880000,5.000000,92,evening_peak,clock,0.654800,0.955293,5.000000,5.000000
30.000000,0.880000,5.000000,92,evening_peak,forecast,0.654800,0.955293,5.000000,5.000000
30.000000,0.880000,5.000000,92,evening_peak,hindsight,1.610093,0.000000,5.000000,5.000000
30.000000,0.880000,5.000000,93,scarcity_peak,idle,0.000000,3.177319,5.000000,5.000000
30.000000,0.880000,5.000000,93,scarcity_peak,clock,2.122847,1.054472,5.000000,5.000000
30.000000,0.880000,5.000000,93,scarcity_peak,forecast,2.122847,1.054472,5.000000,5.000000
30.000000,0.880000,5.000000,93,scarcity_peak,hindsight,3.177319,0.000000,5.000000,5.000000
30.000000,0.880000,5.000000,94,negative_midday,idle,0.000000,2.316443,5.000000,5.000000
30.000000,0.880000,5.000000,94,negative_midday,clock,1.789222,0.527222,5.000000,5.000000
30.000000,0.880000,5.000000,94,negative_midday,forecast,1.789222,0.527222,5.000000,5.000000
30.000000,0.880000,5.000000,94,negative_midday,hindsight,2.316443,0.000000,5.000000,5.000000
30.000000,0.880000,5.000000,95,flat_missed_event,idle,0.000000,1.252079,5.000000,5.000000
30.000000,0.880000,5.000000,95,flat_missed_event,clock,0.496341,0.755738,5.000000,5.000000
30.000000,0.880000,5.000000,95,flat_missed_event,forecast,0.000000,1.252079,5.000000,5.000000
30.000000,0.880000,5.000000,95,flat_missed_event,hindsight,1.252079,0.000000,5.000000,5.000000
30.000000,0.880000,5.000000,96,evening_peak,idle,0.000000,1.658200,5.000000,5.000000
30.000000,0.880000,5.000000,96,evening_peak,clock,0.573133,1.085067,5.000000,5.000000
30.000000,0.880000,5.000000,96,evening_peak,forecast,0.573133,1.085067,5.000000,5.000000
30.000000,0.880000,5.000000,96,evening_peak,hindsight,1.658200,0.000000,5.000000,5.000000
30.000000,0.880000,5.000000,97,scarcity_peak,idle,0.000000,3.400735,5.000000,5.000000
30.000000,0.880000,5.000000,97,scarcity_peak,clock,1.567618,1.833117,5.000000,5.000000
30.000000,0.880000,5.000000,97,scarcity_peak,forecast,1.567618,1.833117,5.000000,5.000000
30.000000,0.880000,5.000000,97,scarcity_peak,hindsight,3.400735,0.000000,5.000000,5.000000
30.000000,0.880000,5.000000,98,negative_midday,idle,0.000000,2.192065,5.000000,5.000000
30.000000,0.880000,5.000000,98,negative_midday,clock,1.402607,0.789458,5.000000,5.000000
30.000000,0.880000,5.000000,98,negative_midday,forecast,1.402607,0.789458,5.000000,5.000000
30.000000,0.880000,5.000000,98,negative_midday,hindsight,2.192065,0.000000,5.000000,5.000000
30.000000,0.880000,5.000000,99,flat_missed_event,idle,0.000000,1.096979,5.000000,5.000000
30.000000,0.880000,5.000000,99,flat_missed_event,clock,-0.178360,1.275339,5.000000,5.000000
30.000000,0.880000,5.000000,99,flat_missed_event,forecast,0.000000,1.096979,5.000000,5.000000
30.000000,0.880000,5.000000,99,flat_missed_event,hindsight,1.096979,0.000000,5.000000,5.000000
30.000000,0.880000,5.000000,100,evening_peak,idle,0.000000,1.855700,5.000000,5.000000
30.000000,0.880000,5.000000,100,evening_peak,clock,1.156387,0.699313,5.000000,5.000000
30.000000,0.880000,5.000000,100,evening_peak,forecast,1.156387,0.699313,5.000000,5.000000
30.000000,0.880000,5.000000,100,evening_peak,hindsight,1.855700,0.000000,5.000000,5.000000
30.000000,0.880000,5.000000,101,scarcity_peak,idle,0.000000,3.282458,5.000000,5.000000
30.000000,0.880000,5.000000,101,scarcity_peak,clock,2.018302,1.264156,5.000000,5.000000
30.000000,0.880000,5.000000,101,scarcity_peak,forecast,2.018302,1.264156,5.000000,5.000000
30.000000,0.880000,5.000000,101,scarcity_peak,hindsight,3.282458,0.000000,5.000000,5.000000
30.000000,0.880000,5.000000,102,negative_midday,idle,0.000000,2.514385,5.000000,5.000000
30.000000,0.880000,5.000000,102,negative_midday,clock,1.437454,1.076931,5.000000,5.000000
30.000000,0.880000,5.000000,102,negative_midday,forecast,1.437454,1.076931,5.000000,5.000000
30.000000,0.880000,5.000000,102,negative_midday,hindsight,2.514385,0.000000,5.000000,5.000000
30.000000,0.880000,5.000000,103,flat_missed_event,idle,0.000000,1.205050,5.000000,5.000000
30.000000,0.880000,5.000000,103,flat_missed_event,clock,0.186437,1.018613,5.000000,5.000000
30.000000,0.880000,5.000000,103,flat_missed_event,forecast,0.000000,1.205050,5.000000,5.000000
30.000000,0.880000,5.000000,103,flat_missed_event,hindsight,1.205050,0.000000,5.000000,5.000000
30.000000,0.880000,5.000000,104,evening_peak,idle,0.000000,1.597034,5.000000,5.000000
30.000000,0.880000,5.000000,104,evening_peak,clock,0.686912,0.910122,5.000000,5.000000
30.000000,0.880000,5.000000,104,evening_peak,forecast,0.686912,0.910122,5.000000,5.000000
30.000000,0.880000,5.000000,104,evening_peak,hindsight,1.597034,0.000000,5.000000,5.000000
30.000000,0.880000,5.000000,105,scarcity_peak,idle,0.000000,3.332254,5.000000,5.000000
30.000000,0.880000,5.000000,105,scarcity_peak,clock,1.850867,1.481387,5.000000,5.000000
30.000000,0.880000,5.000000,105,scarcity_peak,forecast,1.850867,1.481387,5.000000,5.000000
30.000000,0.880000,5.000000,105,scarcity_peak,hindsight,3.332254,0.000000,5.000000,5.000000
30.000000,0.880000,5.000000,106,negative_midday,idle,0.000000,2.120054,5.000000,5.000000
30.000000,0.880000,5.000000,106,negative_midday,clock,1.326192,0.793862,5.000000,5.000000
30.000000,0.880000,5.000000,106,negative_midday,forecast,1.326192,0.793862,5.000000,5.000000
30.000000,0.880000,5.000000,106,negative_midday,hindsight,2.120054,-0.000000,5.000000,5.000000
30.000000,0.880000,5.000000,107,flat_missed_event,idle,0.000000,1.277444,5.000000,5.000000
30.000000,0.880000,5.000000,107,flat_missed_event,clock,-0.035520,1.312964,5.000000,5.000000
30.000000,0.880000,5.000000,107,flat_missed_event,forecast,0.000000,1.277444,5.000000,5.000000
30.000000,0.880000,5.000000,107,flat_missed_event,hindsight,1.277444,0.000000,5.000000,5.000000
30.000000,0.880000,5.000000,108,evening_peak,idle,0.000000,1.712016,5.000000,5.000000
30.000000,0.880000,5.000000,108,evening_peak,clock,1.285985,0.426030,5.000000,5.000000
30.000000,0.880000,5.000000,108,evening_peak,forecast,1.285985,0.426030,5.000000,5.000000
30.000000,0.880000,5.000000,108,evening_peak,hindsight,1.712016,0.000000,5.000000,5.000000
30.000000,0.880000,5.000000,109,scarcity_peak,idle,0.000000,3.482222,5.000000,5.000000
30.000000,0.880000,5.000000,109,scarcity_peak,clock,1.742530,1.739693,5.000000,5.000000
30.000000,0.880000,5.000000,109,scarcity_peak,forecast,1.742530,1.739693,5.000000,5.000000
30.000000,0.880000,5.000000,109,scarcity_peak,hindsight,3.482222,0.000000,5.000000,5.000000
30.000000,0.880000,5.000000,110,negative_midday,idle,0.000000,2.361091,5.000000,5.000000
30.000000,0.880000,5.000000,110,negative_midday,clock,1.231016,1.130075,5.000000,5.000000
30.000000,0.880000,5.000000,110,negative_midday,forecast,1.231016,1.130075,5.000000,5.000000
30.000000,0.880000,5.000000,110,negative_midday,hindsight,2.361091,0.000000,5.000000,5.000000
30.000000,0.880000,5.000000,111,flat_missed_event,idle,0.000000,1.054460,5.000000,5.000000
30.000000,0.880000,5.000000,111,flat_missed_event,clock,-0.023066,1.077526,5.000000,5.000000
30.000000,0.880000,5.000000,111,flat_missed_event,forecast,0.000000,1.054460,5.000000,5.000000
30.000000,0.880000,5.000000,111,flat_missed_event,hindsight,1.054460,0.000000,5.000000,5.000000
30.000000,0.880000,5.000000,112,evening_peak,idle,0.000000,1.737770,5.000000,5.000000
30.000000,0.880000,5.000000,112,evening_peak,clock,1.174074,0.563696,5.000000,5.000000
30.000000,0.880000,5.000000,112,evening_peak,forecast,1.174074,0.563696,5.000000,5.000000
30.000000,0.880000,5.000000,112,evening_peak,hindsight,1.737770,-0.000000,5.000000,5.000000
30.000000,0.880000,5.000000,113,scarcity_peak,idle,0.000000,3.347240,5.000000,5.000000
30.000000,0.880000,5.000000,113,scarcity_peak,clock,1.723426,1.623814,5.000000,5.000000
30.000000,0.880000,5.000000,113,scarcity_peak,forecast,1.723426,1.623814,5.000000,5.000000
30.000000,0.880000,5.000000,113,scarcity_peak,hindsight,3.347240,0.000000,5.000000,5.000000
30.000000,0.880000,5.000000,114,negative_midday,idle,0.000000,2.226550,5.000000,5.000000
30.000000,0.880000,5.000000,114,negative_midday,clock,1.142359,1.084191,5.000000,5.000000
30.000000,0.880000,5.000000,114,negative_midday,forecast,1.142359,1.084191,5.000000,5.000000
30.000000,0.880000,5.000000,114,negative_midday,hindsight,2.226550,0.000000,5.000000,5.000000
30.000000,0.880000,5.000000,115,flat_missed_event,idle,0.000000,1.009353,5.000000,5.000000
30.000000,0.880000,5.000000,115,flat_missed_event,clock,-0.236594,1.245948,5.000000,5.000000
30.000000,0.880000,5.000000,115,flat_missed_event,forecast,0.000000,1.009353,5.000000,5.000000
30.000000,0.880000,5.000000,115,flat_missed_event,hindsight,1.009353,0.000000,5.000000,5.000000
30.000000,0.880000,5.000000,116,evening_peak,idle,0.000000,1.988842,5.000000,5.000000
30.000000,0.880000,5.000000,116,evening_peak,clock,1.192316,0.796526,5.000000,5.000000
30.000000,0.880000,5.000000,116,evening_peak,forecast,1.192316,0.796526,5.000000,5.000000
30.000000,0.880000,5.000000,116,evening_peak,hindsight,1.988842,0.000000,5.000000,5.000000
30.000000,0.880000,5.000000,117,scarcity_peak,idle,0.000000,3.169532,5.000000,5.000000
30.000000,0.880000,5.000000,117,scarcity_peak,clock,1.883721,1.285811,5.000000,5.000000
30.000000,0.880000,5.000000,117,scarcity_peak,forecast,1.883721,1.285811,5.000000,5.000000
30.000000,0.880000,5.000000,117,scarcity_peak,hindsight,3.169532,0.000000,5.000000,5.000000
30.000000,0.880000,5.000000,118,negative_midday,idle,0.000000,2.592148,5.000000,5.000000
30.000000,0.880000,5.000000,118,negative_midday,clock,1.744160,0.847987,5.000000,5.000000
30.000000,0.880000,5.000000,118,negative_midday,forecast,1.744160,0.847987,5.000000,5.000000
30.000000,0.880000,5.000000,118,negative_midday,hindsight,2.592148,-0.000000,5.000000,5.000000
30.000000,0.880000,5.000000,119,flat_missed_event,idle,0.000000,1.470856,5.000000,5.000000
30.000000,0.880000,5.000000,119,flat_missed_event,clock,-0.247005,1.717861,5.000000,5.000000
30.000000,0.880000,5.000000,119,flat_missed_event,forecast,0.000000,1.470856,5.000000,5.000000
30.000000,0.880000,5.000000,119,flat_missed_event,hindsight,1.470856,-0.000000,5.000000,5.000000
30.000000,0.880000,10.000000,0,evening_peak,idle,0.000000,1.491580,10.000000,10.000000
30.000000,0.880000,10.000000,0,evening_peak,clock,0.751250,0.740330,10.000000,10.000000
30.000000,0.880000,10.000000,0,evening_peak,forecast,0.751250,0.740330,10.000000,10.000000
30.000000,0.880000,10.000000,0,evening_peak,hindsight,1.491580,0.000000,10.000000,10.000000
30.000000,0.880000,10.000000,1,scarcity_peak,idle,0.000000,2.891792,10.000000,10.000000
30.000000,0.880000,10.000000,1,scarcity_peak,clock,0.982875,1.908917,10.000000,10.000000
30.000000,0.880000,10.000000,1,scarcity_peak,forecast,0.987762,1.904030,10.000000,10.000000
30.000000,0.880000,10.000000,1,scarcity_peak,hindsight,2.891792,0.000000,10.000000,10.000000
30.000000,0.880000,10.000000,2,negative_midday,idle,0.000000,1.679864,10.000000,10.000000
30.000000,0.880000,10.000000,2,negative_midday,clock,0.613521,1.066343,10.000000,10.000000
30.000000,0.880000,10.000000,2,negative_midday,forecast,0.989088,0.690776,10.000000,10.000000
30.000000,0.880000,10.000000,2,negative_midday,hindsight,1.679864,-0.000000,10.000000,10.000000
30.000000,0.880000,10.000000,3,flat_missed_event,idle,0.000000,1.204462,10.000000,10.000000
30.000000,0.880000,10.000000,3,flat_missed_event,clock,-0.452198,1.656659,10.000000,10.000000
30.000000,0.880000,10.000000,3,flat_missed_event,forecast,0.000000,1.204462,10.000000,10.000000
30.000000,0.880000,10.000000,3,flat_missed_event,hindsight,1.204462,0.000000,10.000000,10.000000
30.000000,0.880000,10.000000,4,evening_peak,idle,0.000000,1.222308,10.000000,10.000000
30.000000,0.880000,10.000000,4,evening_peak,clock,0.423350,0.798958,10.000000,10.000000
30.000000,0.880000,10.000000,4,evening_peak,forecast,0.423350,0.798958,10.000000,10.000000
30.000000,0.880000,10.000000,4,evening_peak,hindsight,1.222308,0.000000,10.000000,10.000000
30.000000,0.880000,10.000000,5,scarcity_peak,idle,0.000000,2.887672,10.000000,10.000000
30.000000,0.880000,10.000000,5,scarcity_peak,clock,0.865490,2.022182,10.000000,10.000000
30.000000,0.880000,10.000000,5,scarcity_peak,forecast,0.810476,2.077196,10.000000,10.000000
30.000000,0.880000,10.000000,5,scarcity_peak,hindsight,2.887672,0.000000,10.000000,10.000000
30.000000,0.880000,10.000000,6,negative_midday,idle,0.000000,2.167278,10.000000,10.000000
30.000000,0.880000,10.000000,6,negative_midday,clock,0.970702,1.196576,10.000000,10.000000
30.000000,0.880000,10.000000,6,negative_midday,forecast,1.407943,0.759335,10.000000,10.000000
30.000000,0.880000,10.000000,6,negative_midday,hindsight,2.167278,0.000000,10.000000,10.000000
30.000000,0.880000,10.000000,7,flat_missed_event,idle,0.000000,1.019042,10.000000,10.000000
30.000000,0.880000,10.000000,7,flat_missed_event,clock,0.146808,0.872234,10.000000,10.000000
30.000000,0.880000,10.000000,7,flat_missed_event,forecast,0.000000,1.019042,10.000000,10.000000
30.000000,0.880000,10.000000,7,flat_missed_event,hindsight,1.019042,0.000000,10.000000,10.000000
30.000000,0.880000,10.000000,8,evening_peak,idle,0.000000,1.606861,10.000000,10.000000
30.000000,0.880000,10.000000,8,evening_peak,clock,0.581918,1.024942,10.000000,10.000000
30.000000,0.880000,10.000000,8,evening_peak,forecast,0.581918,1.024942,10.000000,10.000000
30.000000,0.880000,10.000000,8,evening_peak,hindsight,1.606861,-0.000000,10.000000,10.000000
30.000000,0.880000,10.000000,9,scarcity_peak,idle,0.000000,2.741974,10.000000,10.000000
30.000000,0.880000,10.000000,9,scarcity_peak,clock,0.755301,1.986673,10.000000,10.000000
30.000000,0.880000,10.000000,9,scarcity_peak,forecast,0.748443,1.993531,10.000000,10.000000
30.000000,0.880000,10.000000,9,scarcity_peak,hindsight,2.741974,0.000000,10.000000,10.000000
30.000000,0.880000,10.000000,10,negative_midday,idle,0.000000,1.838792,10.000000,10.000000
30.000000,0.880000,10.000000,10,negative_midday,clock,1.309928,0.528864,10.000000,10.000000
30.000000,0.880000,10.000000,10,negative_midday,forecast,1.444587,0.394205,10.000000,10.000000
30.000000,0.880000,10.000000,10,negative_midday,hindsight,1.838792,0.000000,10.000000,10.000000
30.000000,0.880000,10.000000,11,flat_missed_event,idle,0.000000,0.908579,10.000000,10.000000
30.000000,0.880000,10.000000,11,flat_missed_event,clock,0.008318,0.900260,10.000000,10.000000
30.000000,0.880000,10.000000,11,flat_missed_event,forecast,0.000000,0.908579,10.000000,10.000000
30.000000,0.880000,10.000000,11,flat_missed_event,hindsight,0.908579,0.000000,10.000000,10.000000
30.000000,0.880000,10.000000,12,evening_peak,idle,0.000000,1.808744,10.000000,10.000000
30.000000,0.880000,10.000000,12,evening_peak,clock,1.066828,0.741916,10.000000,10.000000
30.000000,0.880000,10.000000,12,evening_peak,forecast,1.066828,0.741916,10.000000,10.000000
30.000000,0.880000,10.000000,12,evening_peak,hindsight,1.808744,-0.000000,10.000000,10.000000
30.000000,0.880000,10.000000,13,scarcity_peak,idle,0.000000,2.855689,10.000000,10.000000
30.000000,0.880000,10.000000,13,scarcity_peak,clock,0.348371,2.507318,10.000000,10.000000
30.000000,0.880000,10.000000,13,scarcity_peak,forecast,0.281029,2.574661,10.000000,10.000000
30.000000,0.880000,10.000000,13,scarcity_peak,hindsight,2.855689,0.000000,10.000000,10.000000
30.000000,0.880000,10.000000,14,negative_midday,idle,0.000000,1.869291,10.000000,10.000000
30.000000,0.880000,10.000000,14,negative_midday,clock,0.814327,1.054964,10.000000,10.000000
30.000000,0.880000,10.000000,14,negative_midday,forecast,1.264393,0.604897,10.000000,10.000000
30.000000,0.880000,10.000000,14,negative_midday,hindsight,1.869291,0.000000,10.000000,10.000000
30.000000,0.880000,10.000000,15,flat_missed_event,idle,0.000000,1.172671,10.000000,10.000000
30.000000,0.880000,10.000000,15,flat_missed_event,clock,0.170964,1.001707,10.000000,10.000000
30.000000,0.880000,10.000000,15,flat_missed_event,forecast,0.000000,1.172671,10.000000,10.000000
30.000000,0.880000,10.000000,15,flat_missed_event,hindsight,1.172671,-0.000000,10.000000,10.000000
30.000000,0.880000,10.000000,16,evening_peak,idle,0.000000,1.349720,10.000000,10.000000
30.000000,0.880000,10.000000,16,evening_peak,clock,0.426669,0.923051,10.000000,10.000000
30.000000,0.880000,10.000000,16,evening_peak,forecast,0.426669,0.923051,10.000000,10.000000
30.000000,0.880000,10.000000,16,evening_peak,hindsight,1.349720,0.000000,10.000000,10.000000
30.000000,0.880000,10.000000,17,scarcity_peak,idle,0.000000,3.247126,10.000000,10.000000
30.000000,0.880000,10.000000,17,scarcity_peak,clock,0.737076,2.510050,10.000000,10.000000
30.000000,0.880000,10.000000,17,scarcity_peak,forecast,0.715415,2.531711,10.000000,10.000000
30.000000,0.880000,10.000000,17,scarcity_peak,hindsight,3.247126,0.000000,10.000000,10.000000
30.000000,0.880000,10.000000,18,negative_midday,idle,0.000000,1.622755,10.000000,10.000000
30.000000,0.880000,10.000000,18,negative_midday,clock,0.952265,0.670490,10.000000,10.000000
30.000000,0.880000,10.000000,18,negative_midday,forecast,1.123079,0.499676,10.000000,10.000000
30.000000,0.880000,10.000000,18,negative_midday,hindsight,1.622755,-0.000000,10.000000,10.000000
30.000000,0.880000,10.000000,19,flat_missed_event,idle,0.000000,1.067003,10.000000,10.000000
30.000000,0.880000,10.000000,19,flat_missed_event,clock,-0.012454,1.079457,10.000000,10.000000
30.000000,0.880000,10.000000,19,flat_missed_event,forecast,0.000000,1.067003,10.000000,10.000000
30.000000,0.880000,10.000000,19,flat_missed_event,hindsight,1.067003,-0.000000,10.000000,10.000000
30.000000,0.880000,10.000000,20,evening_peak,idle,0.000000,1.524981,10.000000,10.000000
30.000000,0.880000,10.000000,20,evening_peak,clock,0.725622,0.799359,10.000000,10.000000
30.000000,0.880000,10.000000,20,evening_peak,forecast,0.725622,0.799359,10.000000,10.000000
30.000000,0.880000,10.000000,20,evening_peak,hindsight,1.524981,0.000000,10.000000,10.000000
30.000000,0.880000,10.000000,21,scarcity_peak,idle,0.000000,2.919445,10.000000,10.000000
30.000000,0.880000,10.000000,21,scarcity_peak,clock,0.670705,2.248739,10.000000,10.000000
30.000000,0.880000,10.000000,21,scarcity_peak,forecast,0.688716,2.230729,10.000000,10.000000
30.000000,0.880000,10.000000,21,scarcity_peak,hindsight,2.919445,0.000000,10.000000,10.000000
30.000000,0.880000,10.000000,22,negative_midday,idle,0.000000,1.841062,10.000000,10.000000
30.000000,0.880000,10.000000,22,negative_midday,clock,0.682451,1.158612,10.000000,10.000000
30.000000,0.880000,10.000000,22,negative_midday,forecast,1.168383,0.672679,10.000000,10.000000
30.000000,0.880000,10.000000,22,negative_midday,hindsight,1.841062,-0.000000,10.000000,10.000000
30.000000,0.880000,10.000000,23,flat_missed_event,idle,0.000000,0.973923,10.000000,10.000000
30.000000,0.880000,10.000000,23,flat_missed_event,clock,-0.317945,1.291868,10.000000,10.000000
30.000000,0.880000,10.000000,23,flat_missed_event,forecast,0.000000,0.973923,10.000000,10.000000
30.000000,0.880000,10.000000,23,flat_missed_event,hindsight,0.973923,0.000000,10.000000,10.000000
30.000000,0.880000,10.000000,24,evening_peak,idle,0.000000,1.410755,10.000000,10.000000
30.000000,0.880000,10.000000,24,evening_peak,clock,1.087928,0.322826,10.000000,10.000000
30.000000,0.880000,10.000000,24,evening_peak,forecast,1.087928,0.322826,10.000000,10.000000
30.000000,0.880000,10.000000,24,evening_peak,hindsight,1.410755,0.000000,10.000000,10.000000
30.000000,0.880000,10.000000,25,scarcity_peak,idle,0.000000,2.818605,10.000000,10.000000
30.000000,0.880000,10.000000,25,scarcity_peak,clock,0.829857,1.988749,10.000000,10.000000
30.000000,0.880000,10.000000,25,scarcity_peak,forecast,0.786192,2.032413,10.000000,10.000000
30.000000,0.880000,10.000000,25,scarcity_peak,hindsight,2.818605,-0.000000,10.000000,10.000000
30.000000,0.880000,10.000000,26,negative_midday,idle,0.000000,1.704407,10.000000,10.000000
30.000000,0.880000,10.000000,26,negative_midday,clock,0.392655,1.311752,10.000000,10.000000
30.000000,0.880000,10.000000,26,negative_midday,forecast,0.768045,0.936363,10.000000,10.000000
30.000000,0.880000,10.000000,26,negative_midday,hindsight,1.704407,0.000000,10.000000,10.000000
30.000000,0.880000,10.000000,27,flat_missed_event,idle,0.000000,0.870121,10.000000,10.000000
30.000000,0.880000,10.000000,27,flat_missed_event,clock,-0.307398,1.177520,10.000000,10.000000
30.000000,0.880000,10.000000,27,flat_missed_event,forecast,0.000000,0.870121,10.000000,10.000000
30.000000,0.880000,10.000000,27,flat_missed_event,hindsight,0.870121,0.000000,10.000000,10.000000
30.000000,0.880000,10.000000,28,evening_peak,idle,0.000000,1.376401,10.000000,10.000000
30.000000,0.880000,10.000000,28,evening_peak,clock,0.760434,0.615967,10.000000,10.000000
30.000000,0.880000,10.000000,28,evening_peak,forecast,0.760434,0.615967,10.000000,10.000000
30.000000,0.880000,10.000000,28,evening_peak,hindsight,1.376401,0.000000,10.000000,10.000000
30.000000,0.880000,10.000000,29,scarcity_peak,idle,0.000000,3.111758,10.000000,10.000000
30.000000,0.880000,10.000000,29,scarcity_peak,clock,0.407780,2.703977,10.000000,10.000000
30.000000,0.880000,10.000000,29,scarcity_peak,forecast,0.406729,2.705028,10.000000,10.000000
30.000000,0.880000,10.000000,29,scarcity_peak,hindsight,3.111758,0.000000,10.000000,10.000000
30.000000,0.880000,10.000000,30,negative_midday,idle,0.000000,1.925997,10.000000,10.000000
30.000000,0.880000,10.000000,30,negative_midday,clock,0.869137,1.056859,10.000000,10.000000
30.000000,0.880000,10.000000,30,negative_midday,forecast,1.371900,0.554097,10.000000,10.000000
30.000000,0.880000,10.000000,30,negative_midday,hindsight,1.925997,0.000000,10.000000,10.000000
30.000000,0.880000,10.000000,31,flat_missed_event,idle,0.000000,1.051853,10.000000,10.000000
30.000000,0.880000,10.000000,31,flat_missed_event,clock,-0.205705,1.257557,10.000000,10.000000
30.000000,0.880000,10.000000,31,flat_missed_event,forecast,0.000000,1.051853,10.000000,10.000000
30.000000,0.880000,10.000000,31,flat_missed_event,hindsight,1.051853,0.000000,10.000000,10.000000
30.000000,0.880000,10.000000,32,evening_peak,idle,0.000000,1.416830,10.000000,10.000000
30.000000,0.880000,10.000000,32,evening_peak,clock,0.812512,0.604318,10.000000,10.000000
30.000000,0.880000,10.000000,32,evening_peak,forecast,0.812512,0.604318,10.000000,10.000000
30.000000,0.880000,10.000000,32,evening_peak,hindsight,1.416830,0.000000,10.000000,10.000000
30.000000,0.880000,10.000000,33,scarcity_peak,idle,0.000000,2.527536,10.000000,10.000000
30.000000,0.880000,10.000000,33,scarcity_peak,clock,0.715158,1.812378,10.000000,10.000000
30.000000,0.880000,10.000000,33,scarcity_peak,forecast,0.660494,1.867042,10.000000,10.000000
30.000000,0.880000,10.000000,33,scarcity_peak,hindsight,2.527536,0.000000,10.000000,10.000000
30.000000,0.880000,10.000000,34,negative_midday,idle,0.000000,2.215585,10.000000,10.000000
30.000000,0.880000,10.000000,34,negative_midday,clock,1.052590,1.162995,10.000000,10.000000
30.000000,0.880000,10.000000,34,negative_midday,forecast,1.426574,0.789011,10.000000,10.000000
30.000000,0.880000,10.000000,34,negative_midday,hindsight,2.215585,0.000000,10.000000,10.000000
30.000000,0.880000,10.000000,35,flat_missed_event,idle,0.000000,1.011126,10.000000,10.000000
30.000000,0.880000,10.000000,35,flat_missed_event,clock,-0.369482,1.380608,10.000000,10.000000
30.000000,0.880000,10.000000,35,flat_missed_event,forecast,0.000000,1.011126,10.000000,10.000000
30.000000,0.880000,10.000000,35,flat_missed_event,hindsight,1.011126,0.000000,10.000000,10.000000
30.000000,0.880000,10.000000,36,evening_peak,idle,0.000000,1.439776,10.000000,10.000000
30.000000,0.880000,10.000000,36,evening_peak,clock,0.831117,0.608660,10.000000,10.000000
30.000000,0.880000,10.000000,36,evening_peak,forecast,0.831117,0.608660,10.000000,10.000000
30.000000,0.880000,10.000000,36,evening_peak,hindsight,1.439776,0.000000,10.000000,10.000000
30.000000,0.880000,10.000000,37,scarcity_peak,idle,0.000000,3.049445,10.000000,10.000000
30.000000,0.880000,10.000000,37,scarcity_peak,clock,1.003669,2.045776,10.000000,10.000000
30.000000,0.880000,10.000000,37,scarcity_peak,forecast,0.992359,2.057086,10.000000,10.000000
30.000000,0.880000,10.000000,37,scarcity_peak,hindsight,3.049445,0.000000,10.000000,10.000000
30.000000,0.880000,10.000000,38,negative_midday,idle,0.000000,1.494533,10.000000,10.000000
30.000000,0.880000,10.000000,38,negative_midday,clock,0.811192,0.683341,10.000000,10.000000
30.000000,0.880000,10.000000,38,negative_midday,forecast,1.181377,0.313156,10.000000,10.000000
30.000000,0.880000,10.000000,38,negative_midday,hindsight,1.494533,0.000000,10.000000,10.000000
30.000000,0.880000,10.000000,39,flat_missed_event,idle,0.000000,1.160459,10.000000,10.000000
30.000000,0.880000,10.000000,39,flat_missed_event,clock,0.075417,1.085042,10.000000,10.000000
30.000000,0.880000,10.000000,39,flat_missed_event,forecast,0.000000,1.160459,10.000000,10.000000
30.000000,0.880000,10.000000,39,flat_missed_event,hindsight,1.160459,0.000000,10.000000,10.000000
30.000000,0.880000,10.000000,40,evening_peak,idle,0.000000,1.543944,10.000000,10.000000
30.000000,0.880000,10.000000,40,evening_peak,clock,0.966389,0.577556,10.000000,10.000000
30.000000,0.880000,10.000000,40,evening_peak,forecast,0.966389,0.577556,10.000000,10.000000
30.000000,0.880000,10.000000,40,evening_peak,hindsight,1.543944,-0.000000,10.000000,10.000000
30.000000,0.880000,10.000000,41,scarcity_peak,idle,0.000000,2.919383,10.000000,10.000000
30.000000,0.880000,10.000000,41,scarcity_peak,clock,0.503235,2.416148,10.000000,10.000000
30.000000,0.880000,10.000000,41,scarcity_peak,forecast,0.446042,2.473341,10.000000,10.000000
30.000000,0.880000,10.000000,41,scarcity_peak,hindsight,2.919383,0.000000,10.000000,10.000000
30.000000,0.880000,10.000000,42,negative_midday,idle,0.000000,1.737163,10.000000,10.000000
30.000000,0.880000,10.000000,42,negative_midday,clock,0.886485,0.850678,10.000000,10.000000
30.000000,0.880000,10.000000,42,negative_midday,forecast,1.010176,0.726987,10.000000,10.000000
30.000000,0.880000,10.000000,42,negative_midday,hindsight,1.737163,0.000000,10.000000,10.000000
30.000000,0.880000,10.000000,43,flat_missed_event,idle,0.000000,1.004063,10.000000,10.000000
30.000000,0.880000,10.000000,43,flat_missed_event,clock,-0.177601,1.181664,10.000000,10.000000
30.000000,0.880000,10.000000,43,flat_missed_event,forecast,0.000000,1.004063,10.000000,10.000000
30.000000,0.880000,10.000000,43,flat_missed_event,hindsight,1.004063,0.000000,10.000000,10.000000
30.000000,0.880000,10.000000,44,evening_peak,idle,0.000000,1.436265,10.000000,10.000000
30.000000,0.880000,10.000000,44,evening_peak,clock,0.787477,0.648788,10.000000,10.000000
30.000000,0.880000,10.000000,44,evening_peak,forecast,0.787477,0.648788,10.000000,10.000000
30.000000,0.880000,10.000000,44,evening_peak,hindsight,1.436265,0.000000,10.000000,10.000000
30.000000,0.880000,10.000000,45,scarcity_peak,idle,0.000000,2.897404,10.000000,10.000000
30.000000,0.880000,10.000000,45,scarcity_peak,clock,0.665520,2.231883,10.000000,10.000000
30.000000,0.880000,10.000000,45,scarcity_peak,forecast,0.705246,2.192157,10.000000,10.000000
30.000000,0.880000,10.000000,45,scarcity_peak,hindsight,2.897404,0.000000,10.000000,10.000000
30.000000,0.880000,10.000000,46,negative_midday,idle,0.000000,2.110939,10.000000,10.000000
30.000000,0.880000,10.000000,46,negative_midday,clock,1.021838,1.089101,10.000000,10.000000
30.000000,0.880000,10.000000,46,negative_midday,forecast,1.526143,0.584796,10.000000,10.000000
30.000000,0.880000,10.000000,46,negative_midday,hindsight,2.110939,0.000000,10.000000,10.000000
30.000000,0.880000,10.000000,47,flat_missed_event,idle,0.000000,0.857545,10.000000,10.000000
30.000000,0.880000,10.000000,47,flat_missed_event,clock,-0.182307,1.039852,10.000000,10.000000
30.000000,0.880000,10.000000,47,flat_missed_event,forecast,0.000000,0.857545,10.000000,10.000000
30.000000,0.880000,10.000000,47,flat_missed_event,hindsight,0.857545,0.000000,10.000000,10.000000
30.000000,0.880000,10.000000,48,evening_peak,idle,0.000000,1.515125,10.000000,10.000000
30.000000,0.880000,10.000000,48,evening_peak,clock,0.785994,0.729131,10.000000,10.000000
30.000000,0.880000,10.000000,48,evening_peak,forecast,0.785994,0.729131,10.000000,10.000000
30.000000,0.880000,10.000000,48,evening_peak,hindsight,1.515125,0.000000,10.000000,10.000000
30.000000,0.880000,10.000000,49,scarcity_peak,idle,0.000000,3.051709,10.000000,10.000000
30.000000,0.880000,10.000000,49,scarcity_peak,clock,0.801786,2.249922,10.000000,10.000000
30.000000,0.880000,10.000000,49,scarcity_peak,forecast,0.832229,2.219480,10.000000,10.000000
30.000000,0.880000,10.000000,49,scarcity_peak,hindsight,3.051709,0.000000,10.000000,10.000000
30.000000,0.880000,10.000000,50,negative_midday,idle,0.000000,1.855651,10.000000,10.000000
30.000000,0.880000,10.000000,50,negative_midday,clock,0.992802,0.862849,10.000000,10.000000
30.000000,0.880000,10.000000,50,negative_midday,forecast,1.209098,0.646554,10.000000,10.000000
30.000000,0.880000,10.000000,50,negative_midday,hindsight,1.855651,-0.000000,10.000000,10.000000
30.000000,0.880000,10.000000,51,flat_missed_event,idle,0.000000,0.920257,10.000000,10.000000
30.000000,0.880000,10.000000,51,flat_missed_event,clock,-0.146218,1.066474,10.000000,10.000000
30.000000,0.880000,10.000000,51,flat_missed_event,forecast,0.000000,0.920257,10.000000,10.000000
30.000000,0.880000,10.000000,51,flat_missed_event,hindsight,0.920257,0.000000,10.000000,10.000000
30.000000,0.880000,10.000000,52,evening_peak,idle,0.000000,1.378443,10.000000,10.000000
30.000000,0.880000,10.000000,52,evening_peak,clock,0.393725,0.984718,10.000000,10.000000
30.000000,0.880000,10.000000,52,evening_peak,forecast,0.393725,0.984718,10.000000,10.000000
30.000000,0.880000,10.000000,52,evening_peak,hindsight,1.378443,0.000000,10.000000,10.000000
30.000000,0.880000,10.000000,53,scarcity_peak,idle,0.000000,2.523369,10.000000,10.000000
30.000000,0.880000,10.000000,53,scarcity_peak,clock,0.169267,2.354102,10.000000,10.000000
30.000000,0.880000,10.000000,53,scarcity_peak,forecast,0.201966,2.321403,10.000000,10.000000
30.000000,0.880000,10.000000,53,scarcity_peak,hindsight,2.523369,0.000000,10.000000,10.000000
30.000000,0.880000,10.000000,54,negative_midday,idle,0.000000,1.904012,10.000000,10.000000
30.000000,0.880000,10.000000,54,negative_midday,clock,0.823500,1.080511,10.000000,10.000000
30.000000,0.880000,10.000000,54,negative_midday,forecast,1.251471,0.652541,10.000000,10.000000
30.000000,0.880000,10.000000,54,negative_midday,hindsight,1.904012,-0.000000,10.000000,10.000000
30.000000,0.880000,10.000000,55,flat_missed_event,idle,0.000000,1.178753,10.000000,10.000000
30.000000,0.880000,10.000000,55,flat_missed_event,clock,-0.025129,1.203882,10.000000,10.000000
30.000000,0.880000,10.000000,55,flat_missed_event,forecast,0.000000,1.178753,10.000000,10.000000
30.000000,0.880000,10.000000,55,flat_missed_event,hindsight,1.178753,0.000000,10.000000,10.000000
30.000000,0.880000,10.000000,56,evening_peak,idle,0.000000,1.561100,10.000000,10.000000
30.000000,0.880000,10.000000,56,evening_peak,clock,0.693463,0.867638,10.000000,10.000000
30.000000,0.880000,10.000000,56,evening_peak,forecast,0.693463,0.867638,10.000000,10.000000
30.000000,0.880000,10.000000,56,evening_peak,hindsight,1.561100,-0.000000,10.000000,10.000000
30.000000,0.880000,10.000000,57,scarcity_peak,idle,0.000000,2.994760,10.000000,10.000000
30.000000,0.880000,10.000000,57,scarcity_peak,clock,0.629165,2.365595,10.000000,10.000000
30.000000,0.880000,10.000000,57,scarcity_peak,forecast,0.647294,2.347466,10.000000,10.000000
30.000000,0.880000,10.000000,57,scarcity_peak,hindsight,2.994760,0.000000,10.000000,10.000000
30.000000,0.880000,10.000000,58,negative_midday,idle,0.000000,2.354419,10.000000,10.000000
30.000000,0.880000,10.000000,58,negative_midday,clock,1.259401,1.095017,10.000000,10.000000
30.000000,0.880000,10.000000,58,negative_midday,forecast,1.698841,0.655578,10.000000,10.000000
30.000000,0.880000,10.000000,58,negative_midday,hindsight,2.354419,0.000000,10.000000,10.000000
30.000000,0.880000,10.000000,59,flat_missed_event,idle,0.000000,1.152078,10.000000,10.000000
30.000000,0.880000,10.000000,59,flat_missed_event,clock,-0.068007,1.220085,10.000000,10.000000
30.000000,0.880000,10.000000,59,flat_missed_event,forecast,0.000000,1.152078,10.000000,10.000000
30.000000,0.880000,10.000000,59,flat_missed_event,hindsight,1.152078,0.000000,10.000000,10.000000
30.000000,0.880000,10.000000,60,evening_peak,idle,0.000000,1.187632,10.000000,10.000000
30.000000,0.880000,10.000000,60,evening_peak,clock,0.481309,0.706323,10.000000,10.000000
30.000000,0.880000,10.000000,60,evening_peak,forecast,0.481309,0.706323,10.000000,10.000000
30.000000,0.880000,10.000000,60,evening_peak,hindsight,1.187632,0.000000,10.000000,10.000000
30.000000,0.880000,10.000000,61,scarcity_peak,idle,0.000000,3.025376,10.000000,10.000000
30.000000,0.880000,10.000000,61,scarcity_peak,clock,0.391816,2.633560,10.000000,10.000000
30.000000,0.880000,10.000000,61,scarcity_peak,forecast,0.400886,2.624490,10.000000,10.000000
30.000000,0.880000,10.000000,61,scarcity_peak,hindsight,3.025376,-0.000000,10.000000,10.000000
30.000000,0.880000,10.000000,62,negative_midday,idle,0.000000,1.820871,10.000000,10.000000
30.000000,0.880000,10.000000,62,negative_midday,clock,0.839807,0.981065,10.000000,10.000000
30.000000,0.880000,10.000000,62,negative_midday,forecast,1.209651,0.611221,10.000000,10.000000
30.000000,0.880000,10.000000,62,negative_midday,hindsight,1.820871,-0.000000,10.000000,10.000000
30.000000,0.880000,10.000000,63,flat_missed_event,idle,0.000000,1.121802,10.000000,10.000000
30.000000,0.880000,10.000000,63,flat_missed_event,clock,0.270769,0.851033,10.000000,10.000000
30.000000,0.880000,10.000000,63,flat_missed_event,forecast,0.000000,1.121802,10.000000,10.000000
30.000000,0.880000,10.000000,63,flat_missed_event,hindsight,1.121802,0.000000,10.000000,10.000000
30.000000,0.880000,10.000000,64,evening_peak,idle,0.000000,1.448106,10.000000,10.000000
30.000000,0.880000,10.000000,64,evening_peak,clock,0.771871,0.676235,10.000000,10.000000
30.000000,0.880000,10.000000,64,evening_peak,forecast,0.771871,0.676235,10.000000,10.000000
30.000000,0.880000,10.000000,64,evening_peak,hindsight,1.448106,0.000000,10.000000,10.000000
30.000000,0.880000,10.000000,65,scarcity_peak,idle,0.000000,3.047022,10.000000,10.000000
30.000000,0.880000,10.000000,65,scarcity_peak,clock,0.763077,2.283944,10.000000,10.000000
30.000000,0.880000,10.000000,65,scarcity_peak,forecast,0.734546,2.312476,10.000000,10.000000
30.000000,0.880000,10.000000,65,scarcity_peak,hindsight,3.047022,0.000000,10.000000,10.000000
30.000000,0.880000,10.000000,66,negative_midday,idle,0.000000,2.236921,10.000000,10.000000
30.000000,0.880000,10.000000,66,negative_midday,clock,1.241548,0.995373,10.000000,10.000000
30.000000,0.880000,10.000000,66,negative_midday,forecast,1.642740,0.594181,10.000000,10.000000
30.000000,0.880000,10.000000,66,negative_midday,hindsight,2.236921,0.000000,10.000000,10.000000
30.000000,0.880000,10.000000,67,flat_missed_event,idle,0.000000,1.067745,10.000000,10.000000
30.000000,0.880000,10.000000,67,flat_missed_event,clock,0.290505,0.777239,10.000000,10.000000
30.000000,0.880000,10.000000,67,flat_missed_event,forecast,0.000000,1.067745,10.000000,10.000000
30.000000,0.880000,10.000000,67,flat_missed_event,hindsight,1.067745,0.000000,10.000000,10.000000
30.000000,0.880000,10.000000,68,evening_peak,idle,0.000000,1.236654,10.000000,10.000000
30.000000,0.880000,10.000000,68,evening_peak,clock,0.619302,0.617352,10.000000,10.000000
30.000000,0.880000,10.000000,68,evening_peak,forecast,0.619302,0.617352,10.000000,10.000000
30.000000,0.880000,10.000000,68,evening_peak,hindsight,1.236654,0.000000,10.000000,10.000000
30.000000,0.880000,10.000000,69,scarcity_peak,idle,0.000000,2.742028,10.000000,10.000000
30.000000,0.880000,10.000000,69,scarcity_peak,clock,0.148611,2.593417,10.000000,10.000000
30.000000,0.880000,10.000000,69,scarcity_peak,forecast,0.168166,2.573862,10.000000,10.000000
30.000000,0.880000,10.000000,69,scarcity_peak,hindsight,2.742028,0.000000,10.000000,10.000000
30.000000,0.880000,10.000000,70,negative_midday,idle,0.000000,1.714352,10.000000,10.000000
30.000000,0.880000,10.000000,70,negative_midday,clock,0.610249,1.104103,10.000000,10.000000
30.000000,0.880000,10.000000,70,negative_midday,forecast,1.016229,0.698123,10.000000,10.000000
30.000000,0.880000,10.000000,70,negative_midday,hindsight,1.714352,-0.000000,10.000000,10.000000
30.000000,0.880000,10.000000,71,flat_missed_event,idle,0.000000,1.131453,10.000000,10.000000
30.000000,0.880000,10.000000,71,flat_missed_event,clock,-0.115296,1.246750,10.000000,10.000000
30.000000,0.880000,10.000000,71,flat_missed_event,forecast,0.000000,1.131453,10.000000,10.000000
30.000000,0.880000,10.000000,71,flat_missed_event,hindsight,1.131453,0.000000,10.000000,10.000000
30.000000,0.880000,10.000000,72,evening_peak,idle,0.000000,1.409974,10.000000,10.000000
30.000000,0.880000,10.000000,72,evening_peak,clock,0.717153,0.692820,10.000000,10.000000
30.000000,0.880000,10.000000,72,evening_peak,forecast,0.717153,0.692820,10.000000,10.000000
30.000000,0.880000,10.000000,72,evening_peak,hindsight,1.409974,-0.000000,10.000000,10.000000
30.000000,0.880000,10.000000,73,scarcity_peak,idle,0.000000,2.903141,10.000000,10.000000
30.000000,0.880000,10.000000,73,scarcity_peak,clock,0.738866,2.164276,10.000000,10.000000
30.000000,0.880000,10.000000,73,scarcity_peak,forecast,0.695048,2.208093,10.000000,10.000000
30.000000,0.880000,10.000000,73,scarcity_peak,hindsight,2.903141,0.000000,10.000000,10.000000
30.000000,0.880000,10.000000,74,negative_midday,idle,0.000000,2.082506,10.000000,10.000000
30.000000,0.880000,10.000000,74,negative_midday,clock,0.963693,1.118813,10.000000,10.000000
30.000000,0.880000,10.000000,74,negative_midday,forecast,1.398740,0.683766,10.000000,10.000000
30.000000,0.880000,10.000000,74,negative_midday,hindsight,2.082506,0.000000,10.000000,10.000000
30.000000,0.880000,10.000000,75,flat_missed_event,idle,0.000000,1.201975,10.000000,10.000000
30.000000,0.880000,10.000000,75,flat_missed_event,clock,0.006874,1.195100,10.000000,10.000000
30.000000,0.880000,10.000000,75,flat_missed_event,forecast,0.000000,1.201975,10.000000,10.000000
30.000000,0.880000,10.000000,75,flat_missed_event,hindsight,1.201975,0.000000,10.000000,10.000000
30.000000,0.880000,10.000000,76,evening_peak,idle,0.000000,1.685876,10.000000,10.000000
30.000000,0.880000,10.000000,76,evening_peak,clock,0.877518,0.808358,10.000000,10.000000
30.000000,0.880000,10.000000,76,evening_peak,forecast,0.877518,0.808358,10.000000,10.000000
30.000000,0.880000,10.000000,76,evening_peak,hindsight,1.685876,0.000000,10.000000,10.000000
30.000000,0.880000,10.000000,77,scarcity_peak,idle,0.000000,3.008206,10.000000,10.000000
30.000000,0.880000,10.000000,77,scarcity_peak,clock,0.680203,2.328003,10.000000,10.000000
30.000000,0.880000,10.000000,77,scarcity_peak,forecast,0.574793,2.433412,10.000000,10.000000
30.000000,0.880000,10.000000,77,scarcity_peak,hindsight,3.008206,-0.000000,10.000000,10.000000
30.000000,0.880000,10.000000,78,negative_midday,idle,0.000000,2.298158,10.000000,10.000000
30.000000,0.880000,10.000000,78,negative_midday,clock,0.851520,1.446638,10.000000,10.000000
30.000000,0.880000,10.000000,78,negative_midday,forecast,1.417498,0.880660,10.000000,10.000000
30.000000,0.880000,10.000000,78,negative_midday,hindsight,2.298158,-0.000000,10.000000,10.000000
30.000000,0.880000,10.000000,79,flat_missed_event,idle,0.000000,0.915466,10.000000,10.000000
30.000000,0.880000,10.000000,79,flat_missed_event,clock,-0.418757,1.334223,10.000000,10.000000
30.000000,0.880000,10.000000,79,flat_missed_event,forecast,0.000000,0.915466,10.000000,10.000000
30.000000,0.880000,10.000000,79,flat_missed_event,hindsight,0.915466,-0.000000,10.000000,10.000000
30.000000,0.880000,10.000000,80,evening_peak,idle,0.000000,1.348356,10.000000,10.000000
30.000000,0.880000,10.000000,80,evening_peak,clock,0.593196,0.755160,10.000000,10.000000
30.000000,0.880000,10.000000,80,evening_peak,forecast,0.593196,0.755160,10.000000,10.000000
30.000000,0.880000,10.000000,80,evening_peak,hindsight,1.348356,0.000000,10.000000,10.000000
30.000000,0.880000,10.000000,81,scarcity_peak,idle,0.000000,2.829696,10.000000,10.000000
30.000000,0.880000,10.000000,81,scarcity_peak,clock,0.743376,2.086320,10.000000,10.000000
30.000000,0.880000,10.000000,81,scarcity_peak,forecast,0.759762,2.069934,10.000000,10.000000
30.000000,0.880000,10.000000,81,scarcity_peak,hindsight,2.829696,0.000000,10.000000,10.000000
30.000000,0.880000,10.000000,82,negative_midday,idle,0.000000,1.904967,10.000000,10.000000
30.000000,0.880000,10.000000,82,negative_midday,clock,1.083134,0.821833,10.000000,10.000000
30.000000,0.880000,10.000000,82,negative_midday,forecast,1.389790,0.515177,10.000000,10.000000
30.000000,0.880000,10.000000,82,negative_midday,hindsight,1.904967,-0.000000,10.000000,10.000000
30.000000,0.880000,10.000000,83,flat_missed_event,idle,0.000000,1.099100,10.000000,10.000000
30.000000,0.880000,10.000000,83,flat_missed_event,clock,-0.037980,1.137081,10.000000,10.000000
30.000000,0.880000,10.000000,83,flat_missed_event,forecast,0.000000,1.099100,10.000000,10.000000
30.000000,0.880000,10.000000,83,flat_missed_event,hindsight,1.099100,-0.000000,10.000000,10.000000
30.000000,0.880000,10.000000,84,evening_peak,idle,0.000000,1.348706,10.000000,10.000000
30.000000,0.880000,10.000000,84,evening_peak,clock,0.625560,0.723146,10.000000,10.000000
30.000000,0.880000,10.000000,84,evening_peak,forecast,0.625560,0.723146,10.000000,10.000000
30.000000,0.880000,10.000000,84,evening_peak,hindsight,1.348706,-0.000000,10.000000,10.000000
30.000000,0.880000,10.000000,85,scarcity_peak,idle,0.000000,2.883398,10.000000,10.000000
30.000000,0.880000,10.000000,85,scarcity_peak,clock,1.007378,1.876020,10.000000,10.000000
30.000000,0.880000,10.000000,85,scarcity_peak,forecast,1.016400,1.866998,10.000000,10.000000
30.000000,0.880000,10.000000,85,scarcity_peak,hindsight,2.883398,-0.000000,10.000000,10.000000
30.000000,0.880000,10.000000,86,negative_midday,idle,0.000000,2.174921,10.000000,10.000000
30.000000,0.880000,10.000000,86,negative_midday,clock,0.999171,1.175750,10.000000,10.000000
30.000000,0.880000,10.000000,86,negative_midday,forecast,1.320253,0.854668,10.000000,10.000000
30.000000,0.880000,10.000000,86,negative_midday,hindsight,2.174921,0.000000,10.000000,10.000000
30.000000,0.880000,10.000000,87,flat_missed_event,idle,0.000000,1.132350,10.000000,10.000000
30.000000,0.880000,10.000000,87,flat_missed_event,clock,-0.325860,1.458210,10.000000,10.000000
30.000000,0.880000,10.000000,87,flat_missed_event,forecast,0.000000,1.132350,10.000000,10.000000
30.000000,0.880000,10.000000,87,flat_missed_event,hindsight,1.132350,0.000000,10.000000,10.000000
30.000000,0.880000,10.000000,88,evening_peak,idle,0.000000,1.444636,10.000000,10.000000
30.000000,0.880000,10.000000,88,evening_peak,clock,0.401108,1.043528,10.000000,10.000000
30.000000,0.880000,10.000000,88,evening_peak,forecast,0.401108,1.043528,10.000000,10.000000
30.000000,0.880000,10.000000,88,evening_peak,hindsight,1.444636,0.000000,10.000000,10.000000
30.000000,0.880000,10.000000,89,scarcity_peak,idle,0.000000,2.843877,10.000000,10.000000
30.000000,0.880000,10.000000,89,scarcity_peak,clock,0.484052,2.359825,10.000000,10.000000
30.000000,0.880000,10.000000,89,scarcity_peak,forecast,0.473450,2.370427,10.000000,10.000000
30.000000,0.880000,10.000000,89,scarcity_peak,hindsight,2.843877,0.000000,10.000000,10.000000
30.000000,0.880000,10.000000,90,negative_midday,idle,0.000000,1.977473,10.000000,10.000000
30.000000,0.880000,10.000000,90,negative_midday,clock,1.096919,0.880555,10.000000,10.000000
30.000000,0.880000,10.000000,90,negative_midday,forecast,1.402286,0.575187,10.000000,10.000000
30.000000,0.880000,10.000000,90,negative_midday,hindsight,1.977473,0.000000,10.000000,10.000000
30.000000,0.880000,10.000000,91,flat_missed_event,idle,0.000000,0.861757,10.000000,10.000000
30.000000,0.880000,10.000000,91,flat_missed_event,clock,-0.074052,0.935809,10.000000,10.000000
30.000000,0.880000,10.000000,91,flat_missed_event,forecast,0.000000,0.861757,10.000000,10.000000
30.000000,0.880000,10.000000,91,flat_missed_event,hindsight,0.861757,-0.000000,10.000000,10.000000
30.000000,0.880000,10.000000,92,evening_peak,idle,0.000000,1.269857,10.000000,10.000000
30.000000,0.880000,10.000000,92,evening_peak,clock,0.428852,0.841005,10.000000,10.000000
30.000000,0.880000,10.000000,92,evening_peak,forecast,0.428852,0.841005,10.000000,10.000000
30.000000,0.880000,10.000000,92,evening_peak,hindsight,1.269857,0.000000,10.000000,10.000000
30.000000,0.880000,10.000000,93,scarcity_peak,idle,0.000000,2.738470,10.000000,10.000000
30.000000,0.880000,10.000000,93,scarcity_peak,clock,1.005121,1.733349,10.000000,10.000000
30.000000,0.880000,10.000000,93,scarcity_peak,forecast,0.995885,1.742586,10.000000,10.000000
30.000000,0.880000,10.000000,93,scarcity_peak,hindsight,2.738470,0.000000,10.000000,10.000000
30.000000,0.880000,10.000000,94,negative_midday,idle,0.000000,2.033370,10.000000,10.000000
30.000000,0.880000,10.000000,94,negative_midday,clock,1.075198,0.958171,10.000000,10.000000
30.000000,0.880000,10.000000,94,negative_midday,forecast,1.431711,0.601659,10.000000,10.000000
30.000000,0.880000,10.000000,94,negative_midday,hindsight,2.033370,0.000000,10.000000,10.000000
30.000000,0.880000,10.000000,95,flat_missed_event,idle,0.000000,1.072049,10.000000,10.000000
30.000000,0.880000,10.000000,95,flat_missed_event,clock,0.331839,0.740210,10.000000,10.000000
30.000000,0.880000,10.000000,95,flat_missed_event,forecast,0.000000,1.072049,10.000000,10.000000
30.000000,0.880000,10.000000,95,flat_missed_event,hindsight,1.072049,0.000000,10.000000,10.000000
30.000000,0.880000,10.000000,96,evening_peak,idle,0.000000,1.355068,10.000000,10.000000
30.000000,0.880000,10.000000,96,evening_peak,clock,0.191927,1.163141,10.000000,10.000000
30.000000,0.880000,10.000000,96,evening_peak,forecast,0.191927,1.163141,10.000000,10.000000
30.000000,0.880000,10.000000,96,evening_peak,hindsight,1.355068,-0.000000,10.000000,10.000000
30.000000,0.880000,10.000000,97,scarcity_peak,idle,0.000000,3.046707,10.000000,10.000000
30.000000,0.880000,10.000000,97,scarcity_peak,clock,0.572167,2.474540,10.000000,10.000000
30.000000,0.880000,10.000000,97,scarcity_peak,forecast,0.552007,2.494700,10.000000,10.000000
30.000000,0.880000,10.000000,97,scarcity_peak,hindsight,3.046707,0.000000,10.000000,10.000000
30.000000,0.880000,10.000000,98,negative_midday,idle,0.000000,1.763601,10.000000,10.000000
30.000000,0.880000,10.000000,98,negative_midday,clock,0.881423,0.882178,10.000000,10.000000
30.000000,0.880000,10.000000,98,negative_midday,forecast,1.128681,0.634921,10.000000,10.000000
30.000000,0.880000,10.000000,98,negative_midday,hindsight,1.763601,0.000000,10.000000,10.000000
30.000000,0.880000,10.000000,99,flat_missed_event,idle,0.000000,1.040051,10.000000,10.000000
30.000000,0.880000,10.000000,99,flat_missed_event,clock,-0.091754,1.131804,10.000000,10.000000
30.000000,0.880000,10.000000,99,flat_missed_event,forecast,0.000000,1.040051,10.000000,10.000000
30.000000,0.880000,10.000000,99,flat_missed_event,hindsight,1.040051,0.000000,10.000000,10.000000
30.000000,0.880000,10.000000,100,evening_peak,idle,0.000000,1.508094,10.000000,10.000000
30.000000,0.880000,10.000000,100,evening_peak,clock,0.872511,0.635583,10.000000,10.000000
30.000000,0.880000,10.000000,100,evening_peak,forecast,0.872511,0.635583,10.000000,10.000000
30.000000,0.880000,10.000000,100,evening_peak,hindsight,1.508094,0.000000,10.000000,10.000000
30.000000,0.880000,10.000000,101,scarcity_peak,idle,0.000000,2.892490,10.000000,10.000000
30.000000,0.880000,10.000000,101,scarcity_peak,clock,0.876343,2.016146,10.000000,10.000000
30.000000,0.880000,10.000000,101,scarcity_peak,forecast,0.843435,2.049054,10.000000,10.000000
30.000000,0.880000,10.000000,101,scarcity_peak,hindsight,2.892490,0.000000,10.000000,10.000000
30.000000,0.880000,10.000000,102,negative_midday,idle,0.000000,2.129901,10.000000,10.000000
30.000000,0.880000,10.000000,102,negative_midday,clock,0.736591,1.393310,10.000000,10.000000
30.000000,0.880000,10.000000,102,negative_midday,forecast,1.316011,0.813889,10.000000,10.000000
30.000000,0.880000,10.000000,102,negative_midday,hindsight,2.129901,0.000000,10.000000,10.000000
30.000000,0.880000,10.000000,103,flat_missed_event,idle,0.000000,1.052584,10.000000,10.000000
30.000000,0.880000,10.000000,103,flat_missed_event,clock,0.074705,0.977879,10.000000,10.000000
30.000000,0.880000,10.000000,103,flat_missed_event,forecast,0.000000,1.052584,10.000000,10.000000
30.000000,0.880000,10.000000,103,flat_missed_event,hindsight,1.052584,0.000000,10.000000,10.000000
30.000000,0.880000,10.000000,104,evening_peak,idle,0.000000,1.365291,10.000000,10.000000
30.000000,0.880000,10.000000,104,evening_peak,clock,0.226493,1.138798,10.000000,10.000000
30.000000,0.880000,10.000000,104,evening_peak,forecast,0.226493,1.138798,10.000000,10.000000
30.000000,0.880000,10.000000,104,evening_peak,hindsight,1.365291,0.000000,10.000000,10.000000
30.000000,0.880000,10.000000,105,scarcity_peak,idle,0.000000,3.009774,10.000000,10.000000
30.000000,0.880000,10.000000,105,scarcity_peak,clock,0.779058,2.230717,10.000000,10.000000
30.000000,0.880000,10.000000,105,scarcity_peak,forecast,0.844464,2.165310,10.000000,10.000000
30.000000,0.880000,10.000000,105,scarcity_peak,hindsight,3.009774,0.000000,10.000000,10.000000
30.000000,0.880000,10.000000,106,negative_midday,idle,0.000000,1.823705,10.000000,10.000000
30.000000,0.880000,10.000000,106,negative_midday,clock,0.882609,0.941096,10.000000,10.000000
30.000000,0.880000,10.000000,106,negative_midday,forecast,1.128317,0.695388,10.000000,10.000000
30.000000,0.880000,10.000000,106,negative_midday,hindsight,1.823705,0.000000,10.000000,10.000000
30.000000,0.880000,10.000000,107,flat_missed_event,idle,0.000000,1.134235,10.000000,10.000000
30.000000,0.880000,10.000000,107,flat_missed_event,clock,0.020448,1.113787,10.000000,10.000000
30.000000,0.880000,10.000000,107,flat_missed_event,forecast,0.000000,1.134235,10.000000,10.000000
30.000000,0.880000,10.000000,107,flat_missed_event,hindsight,1.134235,-0.000000,10.000000,10.000000
30.000000,0.880000,10.000000,108,evening_peak,idle,0.000000,1.389232,10.000000,10.000000
30.000000,0.880000,10.000000,108,evening_peak,clock,0.861060,0.528172,10.000000,10.000000
30.000000,0.880000,10.000000,108,evening_peak,forecast,0.861060,0.528172,10.000000,10.000000
30.000000,0.880000,10.000000,108,evening_peak,hindsight,1.389232,0.000000,10.000000,10.000000
30.000000,0.880000,10.000000,109,scarcity_peak,idle,0.000000,3.002412,10.000000,10.000000
30.000000,0.880000,10.000000,109,scarcity_peak,clock,0.566818,2.435594,10.000000,10.000000
30.000000,0.880000,10.000000,109,scarcity_peak,forecast,0.516299,2.486112,10.000000,10.000000
30.000000,0.880000,10.000000,109,scarcity_peak,hindsight,3.002412,-0.000000,10.000000,10.000000
30.000000,0.880000,10.000000,110,negative_midday,idle,0.000000,1.943231,10.000000,10.000000
30.000000,0.880000,10.000000,110,negative_midday,clock,0.589202,1.354029,10.000000,10.000000
30.000000,0.880000,10.000000,110,negative_midday,forecast,1.134638,0.808593,10.000000,10.000000
30.000000,0.880000,10.000000,110,negative_midday,hindsight,1.943231,-0.000000,10.000000,10.000000
30.000000,0.880000,10.000000,111,flat_missed_event,idle,0.000000,0.907554,10.000000,10.000000
30.000000,0.880000,10.000000,111,flat_missed_event,clock,-0.199181,1.106735,10.000000,10.000000
30.000000,0.880000,10.000000,111,flat_missed_event,forecast,0.000000,0.907554,10.000000,10.000000
30.000000,0.880000,10.000000,111,flat_missed_event,hindsight,0.907554,0.000000,10.000000,10.000000
30.000000,0.880000,10.000000,112,evening_peak,idle,0.000000,1.410231,10.000000,10.000000
30.000000,0.880000,10.000000,112,evening_peak,clock,0.791587,0.618644,10.000000,10.000000
30.000000,0.880000,10.000000,112,evening_peak,forecast,0.791587,0.618644,10.000000,10.000000
30.000000,0.880000,10.000000,112,evening_peak,hindsight,1.410231,-0.000000,10.000000,10.000000
30.000000,0.880000,10.000000,113,scarcity_peak,idle,0.000000,2.959763,10.000000,10.000000
30.000000,0.880000,10.000000,113,scarcity_peak,clock,0.684318,2.275445,10.000000,10.000000
30.000000,0.880000,10.000000,113,scarcity_peak,forecast,0.739480,2.220283,10.000000,10.000000
30.000000,0.880000,10.000000,113,scarcity_peak,hindsight,2.959763,0.000000,10.000000,10.000000
30.000000,0.880000,10.000000,114,negative_midday,idle,0.000000,1.863670,10.000000,10.000000
30.000000,0.880000,10.000000,114,negative_midday,clock,0.730034,1.133636,10.000000,10.000000
30.000000,0.880000,10.000000,114,negative_midday,forecast,0.988060,0.875610,10.000000,10.000000
30.000000,0.880000,10.000000,114,negative_midday,hindsight,1.863670,-0.000000,10.000000,10.000000
30.000000,0.880000,10.000000,115,flat_missed_event,idle,0.000000,0.902852,10.000000,10.000000
30.000000,0.880000,10.000000,115,flat_missed_event,clock,-0.117458,1.020310,10.000000,10.000000
30.000000,0.880000,10.000000,115,flat_missed_event,forecast,0.000000,0.902852,10.000000,10.000000
30.000000,0.880000,10.000000,115,flat_missed_event,hindsight,0.902852,-0.000000,10.000000,10.000000
30.000000,0.880000,10.000000,116,evening_peak,idle,0.000000,1.633650,10.000000,10.000000
30.000000,0.880000,10.000000,116,evening_peak,clock,0.789270,0.844380,10.000000,10.000000
30.000000,0.880000,10.000000,116,evening_peak,forecast,0.789270,0.844380,10.000000,10.000000
30.000000,0.880000,10.000000,116,evening_peak,hindsight,1.633650,0.000000,10.000000,10.000000
30.000000,0.880000,10.000000,117,scarcity_peak,idle,0.000000,2.793366,10.000000,10.000000
30.000000,0.880000,10.000000,117,scarcity_peak,clock,0.806314,1.987052,10.000000,10.000000
30.000000,0.880000,10.000000,117,scarcity_peak,forecast,0.741320,2.052047,10.000000,10.000000
30.000000,0.880000,10.000000,117,scarcity_peak,hindsight,2.793366,0.000000,10.000000,10.000000
30.000000,0.880000,10.000000,118,negative_midday,idle,0.000000,2.261136,10.000000,10.000000
30.000000,0.880000,10.000000,118,negative_midday,clock,1.045787,1.215349,10.000000,10.000000
30.000000,0.880000,10.000000,118,negative_midday,forecast,1.420564,0.840572,10.000000,10.000000
30.000000,0.880000,10.000000,118,negative_midday,hindsight,2.261136,0.000000,10.000000,10.000000
30.000000,0.880000,10.000000,119,flat_missed_event,idle,0.000000,1.269242,10.000000,10.000000
30.000000,0.880000,10.000000,119,flat_missed_event,clock,-0.145197,1.414439,10.000000,10.000000
30.000000,0.880000,10.000000,119,flat_missed_event,forecast,0.000000,1.269242,10.000000,10.000000
30.000000,0.880000,10.000000,119,flat_missed_event,hindsight,1.269242,0.000000,10.000000,10.000000
90.000000,1.000000,0.000000,0,evening_peak,idle,0.000000,2.771393,0.000000,0.000000
90.000000,1.000000,0.000000,0,evening_peak,clock,2.036664,0.734729,0.000000,0.000000
90.000000,1.000000,0.000000,0,evening_peak,forecast,2.036664,0.734729,0.000000,0.000000
90.000000,1.000000,0.000000,0,evening_peak,hindsight,2.771393,0.000000,0.000000,0.000000
90.000000,1.000000,0.000000,1,scarcity_peak,idle,0.000000,4.656107,0.000000,0.000000
90.000000,1.000000,0.000000,1,scarcity_peak,clock,1.874731,2.781376,0.000000,0.000000
90.000000,1.000000,0.000000,1,scarcity_peak,forecast,1.874731,2.781376,0.000000,0.000000
90.000000,1.000000,0.000000,1,scarcity_peak,hindsight,4.656107,-0.000000,0.000000,0.000000
90.000000,1.000000,0.000000,2,negative_midday,idle,0.000000,3.728439,0.000000,0.000000
90.000000,1.000000,0.000000,2,negative_midday,clock,-0.490673,4.219112,0.000000,0.000000
90.000000,1.000000,0.000000,2,negative_midday,forecast,-0.490673,4.219112,0.000000,0.000000
90.000000,1.000000,0.000000,2,negative_midday,hindsight,3.728439,0.000000,0.000000,0.000000
90.000000,1.000000,0.000000,3,flat_missed_event,idle,0.000000,5.009528,0.000000,0.000000
90.000000,1.000000,0.000000,3,flat_missed_event,clock,-0.476305,5.485832,0.000000,0.000000
90.000000,1.000000,0.000000,3,flat_missed_event,forecast,0.000000,5.009528,0.000000,0.000000
90.000000,1.000000,0.000000,3,flat_missed_event,hindsight,5.009528,-0.000000,0.000000,0.000000
90.000000,1.000000,0.000000,4,evening_peak,idle,0.000000,2.457268,0.000000,0.000000
90.000000,1.000000,0.000000,4,evening_peak,clock,-0.664216,3.121484,0.000000,0.000000
90.000000,1.000000,0.000000,4,evening_peak,forecast,-0.664216,3.121484,0.000000,0.000000
90.000000,1.000000,0.000000,4,evening_peak,hindsight,2.457268,-0.000000,0.000000,0.000000
90.000000,1.000000,0.000000,5,scarcity_peak,idle,0.000000,4.471462,0.000000,0.000000
90.000000,1.000000,0.000000,5,scarcity_peak,clock,0.921130,3.550331,0.000000,0.000000
90.000000,1.000000,0.000000,5,scarcity_peak,forecast,0.921130,3.550331,0.000000,0.000000
90.000000,1.000000,0.000000,5,scarcity_peak,hindsight,4.471462,0.000000,0.000000,0.000000
90.000000,1.000000,0.000000,6,negative_midday,idle,0.000000,3.496844,0.000000,0.000000
90.000000,1.000000,0.000000,6,negative_midday,clock,2.125935,1.370909,0.000000,0.000000
90.000000,1.000000,0.000000,6,negative_midday,forecast,2.125935,1.370909,0.000000,0.000000
90.000000,1.000000,0.000000,6,negative_midday,hindsight,3.496844,0.000000,0.000000,0.000000
90.000000,1.000000,0.000000,7,flat_missed_event,idle,0.000000,4.934563,0.000000,0.000000
90.000000,1.000000,0.000000,7,flat_missed_event,clock,0.778294,4.156268,0.000000,0.000000
90.000000,1.000000,0.000000,7,flat_missed_event,forecast,0.000000,4.934563,0.000000,0.000000
90.000000,1.000000,0.000000,7,flat_missed_event,hindsight,4.934563,0.000000,0.000000,0.000000
90.000000,1.000000,0.000000,8,evening_peak,idle,0.000000,3.718411,0.000000,0.000000
90.000000,1.000000,0.000000,8,evening_peak,clock,0.845820,2.872591,0.000000,0.000000
90.000000,1.000000,0.000000,8,evening_peak,forecast,0.845820,2.872591,0.000000,0.000000
90.000000,1.000000,0.000000,8,evening_peak,hindsight,3.718411,0.000000,0.000000,0.000000
90.000000,1.000000,0.000000,9,scarcity_peak,idle,0.000000,3.850391,0.000000,0.000000
90.000000,1.000000,0.000000,9,scarcity_peak,clock,0.928614,2.921777,0.000000,0.000000
90.000000,1.000000,0.000000,9,scarcity_peak,forecast,0.928614,2.921777,0.000000,0.000000
90.000000,1.000000,0.000000,9,scarcity_peak,hindsight,3.850391,0.000000,0.000000,0.000000
90.000000,1.000000,0.000000,10,negative_midday,idle,0.000000,2.838143,0.000000,0.000000
90.000000,1.000000,0.000000,10,negative_midday,clock,1.136274,1.701868,0.000000,0.000000
90.000000,1.000000,0.000000,10,negative_midday,forecast,1.136274,1.701868,0.000000,0.000000
90.000000,1.000000,0.000000,10,negative_midday,hindsight,2.838143,0.000000,0.000000,0.000000
90.000000,1.000000,0.000000,11,flat_missed_event,idle,0.000000,4.153121,0.000000,0.000000
90.000000,1.000000,0.000000,11,flat_missed_event,clock,0.758121,3.395000,0.000000,0.000000
90.000000,1.000000,0.000000,11,flat_missed_event,forecast,0.000000,4.153121,0.000000,0.000000
90.000000,1.000000,0.000000,11,flat_missed_event,hindsight,4.153121,0.000000,0.000000,0.000000
90.000000,1.000000,0.000000,12,evening_peak,idle,0.000000,4.410272,0.000000,0.000000
90.000000,1.000000,0.000000,12,evening_peak,clock,3.370255,1.040017,0.000000,0.000000
90.000000,1.000000,0.000000,12,evening_peak,forecast,3.370255,1.040017,0.000000,0.000000
90.000000,1.000000,0.000000,12,evening_peak,hindsight,4.410272,0.000000,0.000000,0.000000
90.000000,1.000000,0.000000,13,scarcity_peak,idle,0.000000,3.901488,0.000000,0.000000
90.000000,1.000000,0.000000,13,scarcity_peak,clock,0.376966,3.524522,0.000000,0.000000
90.000000,1.000000,0.000000,13,scarcity_peak,forecast,0.376966,3.524522,0.000000,0.000000
90.000000,1.000000,0.000000,13,scarcity_peak,hindsight,3.901488,0.000000,0.000000,0.000000
90.000000,1.000000,0.000000,14,negative_midday,idle,0.000000,3.903309,0.000000,0.000000
90.000000,1.000000,0.000000,14,negative_midday,clock,0.847036,3.056273,0.000000,0.000000
90.000000,1.000000,0.000000,14,negative_midday,forecast,0.847036,3.056273,0.000000,0.000000
90.000000,1.000000,0.000000,14,negative_midday,hindsight,3.903309,-0.000000,0.000000,0.000000
90.000000,1.000000,0.000000,15,flat_missed_event,idle,0.000000,5.018721,0.000000,0.000000
90.000000,1.000000,0.000000,15,flat_missed_event,clock,0.440238,4.578483,0.000000,0.000000
90.000000,1.000000,0.000000,15,flat_missed_event,forecast,0.000000,5.018721,0.000000,0.000000
90.000000,1.000000,0.000000,15,flat_missed_event,hindsight,5.018721,0.000000,0.000000,0.000000
90.000000,1.000000,0.000000,16,evening_peak,idle,0.000000,2.832267,0.000000,0.000000
90.000000,1.000000,0.000000,16,evening_peak,clock,0.286940,2.545327,0.000000,0.000000
90.000000,1.000000,0.000000,16,evening_peak,forecast,0.286940,2.545327,0.000000,0.000000
90.000000,1.000000,0.000000,16,evening_peak,hindsight,2.832267,0.000000,0.000000,0.000000
90.000000,1.000000,0.000000,17,scarcity_peak,idle,0.000000,5.404085,0.000000,0.000000
90.000000,1.000000,0.000000,17,scarcity_peak,clock,1.728821,3.675264,0.000000,0.000000
90.000000,1.000000,0.000000,17,scarcity_peak,forecast,1.728821,3.675264,0.000000,0.000000
90.000000,1.000000,0.000000,17,scarcity_peak,hindsight,5.404085,0.000000,0.000000,0.000000
90.000000,1.000000,0.000000,18,negative_midday,idle,0.000000,2.545324,0.000000,0.000000
90.000000,1.000000,0.000000,18,negative_midday,clock,0.928168,1.617156,0.000000,0.000000
90.000000,1.000000,0.000000,18,negative_midday,forecast,0.928168,1.617156,0.000000,0.000000
90.000000,1.000000,0.000000,18,negative_midday,hindsight,2.545324,0.000000,0.000000,0.000000
90.000000,1.000000,0.000000,19,flat_missed_event,idle,0.000000,4.776920,0.000000,0.000000
90.000000,1.000000,0.000000,19,flat_missed_event,clock,0.173884,4.603036,0.000000,0.000000
90.000000,1.000000,0.000000,19,flat_missed_event,forecast,0.000000,4.776920,0.000000,0.000000
90.000000,1.000000,0.000000,19,flat_missed_event,hindsight,4.776920,0.000000,0.000000,0.000000
90.000000,1.000000,0.000000,20,evening_peak,idle,0.000000,3.020202,0.000000,0.000000
90.000000,1.000000,0.000000,20,evening_peak,clock,1.639911,1.380291,0.000000,0.000000
90.000000,1.000000,0.000000,20,evening_peak,forecast,1.639911,1.380291,0.000000,0.000000
90.000000,1.000000,0.000000,20,evening_peak,hindsight,3.020202,0.000000,0.000000,0.000000
90.000000,1.000000,0.000000,21,scarcity_peak,idle,0.000000,4.683489,0.000000,0.000000
90.000000,1.000000,0.000000,21,scarcity_peak,clock,0.689807,3.993682,0.000000,0.000000
90.000000,1.000000,0.000000,21,scarcity_peak,forecast,0.689807,3.993682,0.000000,0.000000
90.000000,1.000000,0.000000,21,scarcity_peak,hindsight,4.683489,0.000000,0.000000,0.000000
90.000000,1.000000,0.000000,22,negative_midday,idle,0.000000,3.081218,0.000000,0.000000
90.000000,1.000000,0.000000,22,negative_midday,clock,0.388085,2.693134,0.000000,0.000000
90.000000,1.000000,0.000000,22,negative_midday,forecast,0.388085,2.693134,0.000000,0.000000
90.000000,1.000000,0.000000,22,negative_midday,hindsight,3.081218,0.000000,0.000000,0.000000
90.000000,1.000000,0.000000,23,flat_missed_event,idle,0.000000,3.474147,0.000000,0.000000
90.000000,1.000000,0.000000,23,flat_missed_event,clock,-0.791574,4.265721,0.000000,0.000000
90.000000,1.000000,0.000000,23,flat_missed_event,forecast,0.000000,3.474147,0.000000,0.000000
90.000000,1.000000,0.000000,23,flat_missed_event,hindsight,3.474147,0.000000,0.000000,0.000000
90.000000,1.000000,0.000000,24,evening_peak,idle,0.000000,2.483711,0.000000,0.000000
90.000000,1.000000,0.000000,24,evening_peak,clock,1.189571,1.294140,0.000000,0.000000
90.000000,1.000000,0.000000,24,evening_peak,forecast,1.189571,1.294140,0.000000,0.000000
90.000000,1.000000,0.000000,24,evening_peak,hindsight,2.483711,0.000000,0.000000,0.000000
90.000000,1.000000,0.000000,25,scarcity_peak,idle,0.000000,4.644234,0.000000,0.000000
90.000000,1.000000,0.000000,25,scarcity_peak,clock,1.184499,3.459736,0.000000,0.000000
90.000000,1.000000,0.000000,25,scarcity_peak,forecast,1.184499,3.459736,0.000000,0.000000
90.000000,1.000000,0.000000,25,scarcity_peak,hindsight,4.644234,0.000000,0.000000,0.000000
90.000000,1.000000,0.000000,26,negative_midday,idle,0.000000,2.607545,0.000000,0.000000
90.000000,1.000000,0.000000,26,negative_midday,clock,-0.678221,3.285767,0.000000,0.000000
90.000000,1.000000,0.000000,26,negative_midday,forecast,-0.678221,3.285767,0.000000,0.000000
90.000000,1.000000,0.000000,26,negative_midday,hindsight,2.607545,0.000000,0.000000,0.000000
90.000000,1.000000,0.000000,27,flat_missed_event,idle,0.000000,3.517148,0.000000,0.000000
90.000000,1.000000,0.000000,27,flat_missed_event,clock,-1.081663,4.598811,0.000000,0.000000
90.000000,1.000000,0.000000,27,flat_missed_event,forecast,0.000000,3.517148,0.000000,0.000000
90.000000,1.000000,0.000000,27,flat_missed_event,hindsight,3.517148,0.000000,0.000000,0.000000
90.000000,1.000000,0.000000,28,evening_peak,idle,0.000000,3.298010,0.000000,0.000000
90.000000,1.000000,0.000000,28,evening_peak,clock,1.692470,1.605540,0.000000,0.000000
90.000000,1.000000,0.000000,28,evening_peak,forecast,1.692470,1.605540,0.000000,0.000000
90.000000,1.000000,0.000000,28,evening_peak,hindsight,3.298010,0.000000,0.000000,0.000000
90.000000,1.000000,0.000000,29,scarcity_peak,idle,0.000000,5.685915,0.000000,0.000000
90.000000,1.000000,0.000000,29,scarcity_peak,clock,1.361992,4.323923,0.000000,0.000000
90.000000,1.000000,0.000000,29,scarcity_peak,forecast,1.361992,4.323923,0.000000,0.000000
90.000000,1.000000,0.000000,29,scarcity_peak,hindsight,5.685915,0.000000,0.000000,0.000000
90.000000,1.000000,0.000000,30,negative_midday,idle,0.000000,2.912167,0.000000,0.000000
90.000000,1.000000,0.000000,30,negative_midday,clock,1.269076,1.643091,0.000000,0.000000
90.000000,1.000000,0.000000,30,negative_midday,forecast,1.269076,1.643091,0.000000,0.000000
90.000000,1.000000,0.000000,30,negative_midday,hindsight,2.912167,0.000000,0.000000,0.000000
90.000000,1.000000,0.000000,31,flat_missed_event,idle,0.000000,4.022121,0.000000,0.000000
90.000000,1.000000,0.000000,31,flat_missed_event,clock,-1.412385,5.434505,0.000000,0.000000
90.000000,1.000000,0.000000,31,flat_missed_event,forecast,0.000000,4.022121,0.000000,0.000000
90.000000,1.000000,0.000000,31,flat_missed_event,hindsight,4.022121,0.000000,0.000000,0.000000
90.000000,1.000000,0.000000,32,evening_peak,idle,0.000000,2.961613,0.000000,0.000000
90.000000,1.000000,0.000000,32,evening_peak,clock,1.261129,1.700484,0.000000,0.000000
90.000000,1.000000,0.000000,32,evening_peak,forecast,1.261129,1.700484,0.000000,0.000000
90.000000,1.000000,0.000000,32,evening_peak,hindsight,2.961613,0.000000,0.000000,0.000000
90.000000,1.000000,0.000000,33,scarcity_peak,idle,0.000000,4.274999,0.000000,0.000000
90.000000,1.000000,0.000000,33,scarcity_peak,clock,0.327242,3.947757,0.000000,0.000000
90.000000,1.000000,0.000000,33,scarcity_peak,forecast,0.327242,3.947757,0.000000,0.000000
90.000000,1.000000,0.000000,33,scarcity_peak,hindsight,4.274999,0.000000,0.000000,0.000000
90.000000,1.000000,0.000000,34,negative_midday,idle,0.000000,4.397087,0.000000,0.000000
90.000000,1.000000,0.000000,34,negative_midday,clock,2.532159,1.864928,0.000000,0.000000
90.000000,1.000000,0.000000,34,negative_midday,forecast,2.532159,1.864928,0.000000,0.000000
90.000000,1.000000,0.000000,34,negative_midday,hindsight,4.397087,-0.000000,0.000000,0.000000
90.000000,1.000000,0.000000,35,flat_missed_event,idle,0.000000,4.155608,0.000000,0.000000
90.000000,1.000000,0.000000,35,flat_missed_event,clock,-1.053416,5.209024,0.000000,0.000000
90.000000,1.000000,0.000000,35,flat_missed_event,forecast,0.000000,4.155608,0.000000,0.000000
90.000000,1.000000,0.000000,35,flat_missed_event,hindsight,4.155608,0.000000,0.000000,0.000000
90.000000,1.000000,0.000000,36,evening_peak,idle,0.000000,2.677076,0.000000,0.000000
90.000000,1.000000,0.000000,36,evening_peak,clock,0.834391,1.842685,0.000000,0.000000
90.000000,1.000000,0.000000,36,evening_peak,forecast,0.834391,1.842685,0.000000,0.000000
90.000000,1.000000,0.000000,36,evening_peak,hindsight,2.677076,-0.000000,0.000000,0.000000
90.000000,1.000000,0.000000,37,scarcity_peak,idle,0.000000,5.199347,0.000000,0.000000
90.000000,1.000000,0.000000,37,scarcity_peak,clock,2.543801,2.655546,0.000000,0.000000
90.000000,1.000000,0.000000,37,scarcity_peak,forecast,2.543801,2.655546,0.000000,0.000000
90.000000,1.000000,0.000000,37,scarcity_peak,hindsight,5.199347,0.000000,0.000000,0.000000
90.000000,1.000000,0.000000,38,negative_midday,idle,0.000000,2.749124,0.000000,0.000000
90.000000,1.000000,0.000000,38,negative_midday,clock,-0.002343,2.751467,0.000000,0.000000
90.000000,1.000000,0.000000,38,negative_midday,forecast,-0.002343,2.751467,0.000000,0.000000
90.000000,1.000000,0.000000,38,negative_midday,hindsight,2.749124,0.000000,0.000000,0.000000
90.000000,1.000000,0.000000,39,flat_missed_event,idle,0.000000,4.749795,0.000000,0.000000
90.000000,1.000000,0.000000,39,flat_missed_event,clock,0.623898,4.125897,0.000000,0.000000
90.000000,1.000000,0.000000,39,flat_missed_event,forecast,0.000000,4.749795,0.000000,0.000000
90.000000,1.000000,0.000000,39,flat_missed_event,hindsight,4.749795,-0.000000,0.000000,0.000000
90.000000,1.000000,0.000000,40,evening_peak,idle,0.000000,3.650280,0.000000,0.000000
90.000000,1.000000,0.000000,40,evening_peak,clock,2.498095,1.152184,0.000000,0.000000
90.000000,1.000000,0.000000,40,evening_peak,forecast,2.498095,1.152184,0.000000,0.000000
90.000000,1.000000,0.000000,40,evening_peak,hindsight,3.650280,0.000000,0.000000,0.000000
90.000000,1.000000,0.000000,41,scarcity_peak,idle,0.000000,4.567474,0.000000,0.000000
90.000000,1.000000,0.000000,41,scarcity_peak,clock,0.378519,4.188956,0.000000,0.000000
90.000000,1.000000,0.000000,41,scarcity_peak,forecast,0.378519,4.188956,0.000000,0.000000
90.000000,1.000000,0.000000,41,scarcity_peak,hindsight,4.567474,0.000000,0.000000,0.000000
90.000000,1.000000,0.000000,42,negative_midday,idle,0.000000,3.118771,0.000000,0.000000
90.000000,1.000000,0.000000,42,negative_midday,clock,0.496535,2.622236,0.000000,0.000000
90.000000,1.000000,0.000000,42,negative_midday,forecast,0.496535,2.622236,0.000000,0.000000
90.000000,1.000000,0.000000,42,negative_midday,hindsight,3.118771,0.000000,0.000000,0.000000
90.000000,1.000000,0.000000,43,flat_missed_event,idle,0.000000,3.607327,0.000000,0.000000
90.000000,1.000000,0.000000,43,flat_missed_event,clock,-0.768055,4.375382,0.000000,0.000000
90.000000,1.000000,0.000000,43,flat_missed_event,forecast,0.000000,3.607327,0.000000,0.000000
90.000000,1.000000,0.000000,43,flat_missed_event,hindsight,3.607327,0.000000,0.000000,0.000000
90.000000,1.000000,0.000000,44,evening_peak,idle,0.000000,2.924169,0.000000,0.000000
90.000000,1.000000,0.000000,44,evening_peak,clock,1.571553,1.352616,0.000000,0.000000
90.000000,1.000000,0.000000,44,evening_peak,forecast,1.571553,1.352616,0.000000,0.000000
90.000000,1.000000,0.000000,44,evening_peak,hindsight,2.924169,-0.000000,0.000000,0.000000
90.000000,1.000000,0.000000,45,scarcity_peak,idle,0.000000,5.036039,0.000000,0.000000
90.000000,1.000000,0.000000,45,scarcity_peak,clock,0.994704,4.041335,0.000000,0.000000
90.000000,1.000000,0.000000,45,scarcity_peak,forecast,0.994704,4.041335,0.000000,0.000000
90.000000,1.000000,0.000000,45,scarcity_peak,hindsight,5.036039,0.000000,0.000000,0.000000
90.000000,1.000000,0.000000,46,negative_midday,idle,0.000000,4.444357,0.000000,0.000000
90.000000,1.000000,0.000000,46,negative_midday,clock,2.132517,2.311841,0.000000,0.000000
90.000000,1.000000,0.000000,46,negative_midday,forecast,2.132517,2.311841,0.000000,0.000000
90.000000,1.000000,0.000000,46,negative_midday,hindsight,4.444357,-0.000000,0.000000,0.000000
90.000000,1.000000,0.000000,47,flat_missed_event,idle,0.000000,3.684654,0.000000,0.000000
90.000000,1.000000,0.000000,47,flat_missed_event,clock,-0.502423,4.187077,0.000000,0.000000
90.000000,1.000000,0.000000,47,flat_missed_event,forecast,0.000000,3.684654,0.000000,0.000000
90.000000,1.000000,0.000000,47,flat_missed_event,hindsight,3.684654,0.000000,0.000000,0.000000
90.000000,1.000000,0.000000,48,evening_peak,idle,0.000000,3.237221,0.000000,0.000000
90.000000,1.000000,0.000000,48,evening_peak,clock,0.490519,2.746703,0.000000,0.000000
90.000000,1.000000,0.000000,48,evening_peak,forecast,0.490519,2.746703,0.000000,0.000000
90.000000,1.000000,0.000000,48,evening_peak,hindsight,3.237221,0.000000,0.000000,0.000000
90.000000,1.000000,0.000000,49,scarcity_peak,idle,0.000000,4.429376,0.000000,0.000000
90.000000,1.000000,0.000000,49,scarcity_peak,clock,1.727114,2.702262,0.000000,0.000000
90.000000,1.000000,0.000000,49,scarcity_peak,forecast,1.727114,2.702262,0.000000,0.000000
90.000000,1.000000,0.000000,49,scarcity_peak,hindsight,4.429376,-0.000000,0.000000,0.000000
90.000000,1.000000,0.000000,50,negative_midday,idle,0.000000,3.284655,0.000000,0.000000
90.000000,1.000000,0.000000,50,negative_midday,clock,0.847860,2.436795,0.000000,0.000000
90.000000,1.000000,0.000000,50,negative_midday,forecast,0.847860,2.436795,0.000000,0.000000
90.000000,1.000000,0.000000,50,negative_midday,hindsight,3.284655,0.000000,0.000000,0.000000
90.000000,1.000000,0.000000,51,flat_missed_event,idle,0.000000,4.016707,0.000000,0.000000
90.000000,1.000000,0.000000,51,flat_missed_event,clock,0.024734,3.991973,0.000000,0.000000
90.000000,1.000000,0.000000,51,flat_missed_event,forecast,0.000000,4.016707,0.000000,0.000000
90.000000,1.000000,0.000000,51,flat_missed_event,hindsight,4.016707,0.000000,0.000000,0.000000
90.000000,1.000000,0.000000,52,evening_peak,idle,0.000000,3.363956,0.000000,0.000000
90.000000,1.000000,0.000000,52,evening_peak,clock,0.773058,2.590898,0.000000,0.000000
90.000000,1.000000,0.000000,52,evening_peak,forecast,0.773058,2.590898,0.000000,0.000000
90.000000,1.000000,0.000000,52,evening_peak,hindsight,3.363956,0.000000,0.000000,0.000000
90.000000,1.000000,0.000000,53,scarcity_peak,idle,0.000000,3.657273,0.000000,0.000000
90.000000,1.000000,0.000000,53,scarcity_peak,clock,-1.255769,4.913042,0.000000,0.000000
90.000000,1.000000,0.000000,53,scarcity_peak,forecast,-1.255769,4.913042,0.000000,0.000000
90.000000,1.000000,0.000000,53,scarcity_peak,hindsight,3.657273,-0.000000,0.000000,0.000000
90.000000,1.000000,0.000000,54,negative_midday,idle,0.000000,4.187460,0.000000,0.000000
90.000000,1.000000,0.000000,54,negative_midday,clock,1.503617,2.683843,0.000000,0.000000
90.000000,1.000000,0.000000,54,negative_midday,forecast,1.503617,2.683843,0.000000,0.000000
90.000000,1.000000,0.000000,54,negative_midday,hindsight,4.187460,0.000000,0.000000,0.000000
90.000000,1.000000,0.000000,55,flat_missed_event,idle,0.000000,4.755183,0.000000,0.000000
90.000000,1.000000,0.000000,55,flat_missed_event,clock,-0.486586,5.241768,0.000000,0.000000
90.000000,1.000000,0.000000,55,flat_missed_event,forecast,0.000000,4.755183,0.000000,0.000000
90.000000,1.000000,0.000000,55,flat_missed_event,hindsight,4.755183,0.000000,0.000000,0.000000
90.000000,1.000000,0.000000,56,evening_peak,idle,0.000000,3.398923,0.000000,0.000000
90.000000,1.000000,0.000000,56,evening_peak,clock,1.256645,2.142278,0.000000,0.000000
90.000000,1.000000,0.000000,56,evening_peak,forecast,1.256645,2.142278,0.000000,0.000000
90.000000,1.000000,0.000000,56,evening_peak,hindsight,3.398923,0.000000,0.000000,0.000000
90.000000,1.000000,0.000000,57,scarcity_peak,idle,0.000000,4.851456,0.000000,0.000000
90.000000,1.000000,0.000000,57,scarcity_peak,clock,1.325470,3.525986,0.000000,0.000000
90.000000,1.000000,0.000000,57,scarcity_peak,forecast,1.325470,3.525986,0.000000,0.000000
90.000000,1.000000,0.000000,57,scarcity_peak,hindsight,4.851456,0.000000,0.000000,0.000000
90.000000,1.000000,0.000000,58,negative_midday,idle,0.000000,5.066236,0.000000,0.000000
90.000000,1.000000,0.000000,58,negative_midday,clock,2.460198,2.606038,0.000000,0.000000
90.000000,1.000000,0.000000,58,negative_midday,forecast,2.460198,2.606038,0.000000,0.000000
90.000000,1.000000,0.000000,58,negative_midday,hindsight,5.066236,0.000000,0.000000,0.000000
90.000000,1.000000,0.000000,59,flat_missed_event,idle,0.000000,4.623759,0.000000,0.000000
90.000000,1.000000,0.000000,59,flat_missed_event,clock,-0.016812,4.640571,0.000000,0.000000
90.000000,1.000000,0.000000,59,flat_missed_event,forecast,0.000000,4.623759,0.000000,0.000000
90.000000,1.000000,0.000000,59,flat_missed_event,hindsight,4.623759,0.000000,0.000000,0.000000
90.000000,1.000000,0.000000,60,evening_peak,idle,0.000000,2.572758,0.000000,0.000000
90.000000,1.000000,0.000000,60,evening_peak,clock,-0.505593,3.078351,0.000000,0.000000
90.000000,1.000000,0.000000,60,evening_peak,forecast,-0.505593,3.078351,0.000000,0.000000
90.000000,1.000000,0.000000,60,evening_peak,hindsight,2.572758,0.000000,0.000000,0.000000
90.000000,1.000000,0.000000,61,scarcity_peak,idle,0.000000,4.880203,0.000000,0.000000
90.000000,1.000000,0.000000,61,scarcity_peak,clock,0.652294,4.227909,0.000000,0.000000
90.000000,1.000000,0.000000,61,scarcity_peak,forecast,0.652294,4.227909,0.000000,0.000000
90.000000,1.000000,0.000000,61,scarcity_peak,hindsight,4.880203,-0.000000,0.000000,0.000000
90.000000,1.000000,0.000000,62,negative_midday,idle,0.000000,3.244061,0.000000,0.000000
90.000000,1.000000,0.000000,62,negative_midday,clock,0.618314,2.625746,0.000000,0.000000
90.000000,1.000000,0.000000,62,negative_midday,forecast,0.618314,2.625746,0.000000,0.000000
90.000000,1.000000,0.000000,62,negative_midday,hindsight,3.244061,0.000000,0.000000,0.000000
90.000000,1.000000,0.000000,63,flat_missed_event,idle,0.000000,4.692279,0.000000,0.000000
90.000000,1.000000,0.000000,63,flat_missed_event,clock,0.188516,4.503763,0.000000,0.000000
90.000000,1.000000,0.000000,63,flat_missed_event,forecast,0.000000,4.692279,0.000000,0.000000
90.000000,1.000000,0.000000,63,flat_missed_event,hindsight,4.692279,0.000000,0.000000,0.000000
90.000000,1.000000,0.000000,64,evening_peak,idle,0.000000,3.087996,0.000000,0.000000
90.000000,1.000000,0.000000,64,evening_peak,clock,0.823608,2.264388,0.000000,0.000000
90.000000,1.000000,0.000000,64,evening_peak,forecast,0.823608,2.264388,0.000000,0.000000
90.000000,1.000000,0.000000,64,evening_peak,hindsight,3.087996,-0.000000,0.000000,0.000000
90.000000,1.000000,0.000000,65,scarcity_peak,idle,0.000000,5.475524,0.000000,0.000000
90.000000,1.000000,0.000000,65,scarcity_peak,clock,1.328425,4.147099,0.000000,0.000000
90.000000,1.000000,0.000000,65,scarcity_peak,forecast,1.328425,4.147099,0.000000,0.000000
90.000000,1.000000,0.000000,65,scarcity_peak,hindsight,5.475524,-0.000000,0.000000,0.000000
90.000000,1.000000,0.000000,66,negative_midday,idle,0.000000,4.355326,0.000000,0.000000
90.000000,1.000000,0.000000,66,negative_midday,clock,2.815864,1.539463,0.000000,0.000000
90.000000,1.000000,0.000000,66,negative_midday,forecast,2.815864,1.539463,0.000000,0.000000
90.000000,1.000000,0.000000,66,negative_midday,hindsight,4.355326,0.000000,0.000000,0.000000
90.000000,1.000000,0.000000,67,flat_missed_event,idle,0.000000,4.409164,0.000000,0.000000
90.000000,1.000000,0.000000,67,flat_missed_event,clock,1.426162,2.983002,0.000000,0.000000
90.000000,1.000000,0.000000,67,flat_missed_event,forecast,0.000000,4.409164,0.000000,0.000000
90.000000,1.000000,0.000000,67,flat_missed_event,hindsight,4.409164,-0.000000,0.000000,0.000000
90.000000,1.000000,0.000000,68,evening_peak,idle,0.000000,3.417524,0.000000,0.000000
90.000000,1.000000,0.000000,68,evening_peak,clock,0.724457,2.693067,0.000000,0.000000
90.000000,1.000000,0.000000,68,evening_peak,forecast,0.724457,2.693067,0.000000,0.000000
90.000000,1.000000,0.000000,68,evening_peak,hindsight,3.417524,0.000000,0.000000,0.000000
90.000000,1.000000,0.000000,69,scarcity_peak,idle,0.000000,3.810869,0.000000,0.000000
90.000000,1.000000,0.000000,69,scarcity_peak,clock,-0.945471,4.756339,0.000000,0.000000
90.000000,1.000000,0.000000,69,scarcity_peak,forecast,-0.945471,4.756339,0.000000,0.000000
90.000000,1.000000,0.000000,69,scarcity_peak,hindsight,3.810869,0.000000,0.000000,0.000000
90.000000,1.000000,0.000000,70,negative_midday,idle,0.000000,2.438788,0.000000,0.000000
90.000000,1.000000,0.000000,70,negative_midday,clock,-0.209670,2.648458,0.000000,0.000000
90.000000,1.000000,0.000000,70,negative_midday,forecast,-0.209670,2.648458,0.000000,0.000000
90.000000,1.000000,0.000000,70,negative_midday,hindsight,2.438788,0.000000,0.000000,0.000000
90.000000,1.000000,0.000000,71,flat_missed_event,idle,0.000000,4.253951,0.000000,0.000000
90.000000,1.000000,0.000000,71,flat_missed_event,clock,0.381262,3.872689,0.000000,0.000000
90.000000,1.000000,0.000000,71,flat_missed_event,forecast,0.000000,4.253951,0.000000,0.000000
90.000000,1.000000,0.000000,71,flat_missed_event,hindsight,4.253951,-0.000000,0.000000,0.000000
90.000000,1.000000,0.000000,72,evening_peak,idle,0.000000,2.999484,0.000000,0.000000
90.000000,1.000000,0.000000,72,evening_peak,clock,1.108380,1.891104,0.000000,0.000000
90.000000,1.000000,0.000000,72,evening_peak,forecast,1.108380,1.891104,0.000000,0.000000
90.000000,1.000000,0.000000,72,evening_peak,hindsight,2.999484,0.000000,0.000000,0.000000
90.000000,1.000000,0.000000,73,scarcity_peak,idle,0.000000,4.821627,0.000000,0.000000
90.000000,1.000000,0.000000,73,scarcity_peak,clock,1.047780,3.773847,0.000000,0.000000
90.000000,1.000000,0.000000,73,scarcity_peak,forecast,1.047780,3.773847,0.000000,0.000000
90.000000,1.000000,0.000000,73,scarcity_peak,hindsight,4.821627,0.000000,0.000000,0.000000
90.000000,1.000000,0.000000,74,negative_midday,idle,0.000000,3.277122,0.000000,0.000000
90.000000,1.000000,0.000000,74,negative_midday,clock,1.805015,1.472107,0.000000,0.000000
90.000000,1.000000,0.000000,74,negative_midday,forecast,1.805015,1.472107,0.000000,0.000000
90.000000,1.000000,0.000000,74,negative_midday,hindsight,3.277122,0.000000,0.000000,0.000000
90.000000,1.000000,0.000000,75,flat_missed_event,idle,0.000000,4.460607,0.000000,0.000000
90.000000,1.000000,0.000000,75,flat_missed_event,clock,-0.174711,4.635318,0.000000,0.000000
90.000000,1.000000,0.000000,75,flat_missed_event,forecast,0.000000,4.460607,0.000000,0.000000
90.000000,1.000000,0.000000,75,flat_missed_event,hindsight,4.460607,0.000000,0.000000,0.000000
90.000000,1.000000,0.000000,76,evening_peak,idle,0.000000,4.232700,0.000000,0.000000
90.000000,1.000000,0.000000,76,evening_peak,clock,0.942875,3.289825,0.000000,0.000000
90.000000,1.000000,0.000000,76,evening_peak,forecast,0.942875,3.289825,0.000000,0.000000
90.000000,1.000000,0.000000,76,evening_peak,hindsight,4.232700,-0.000000,0.000000,0.000000
90.000000,1.000000,0.000000,77,scarcity_peak,idle,0.000000,5.346709,0.000000,0.000000
90.000000,1.000000,0.000000,77,scarcity_peak,clock,0.678509,4.668201,0.000000,0.000000
90.000000,1.000000,0.000000,77,scarcity_peak,forecast,0.678509,4.668201,0.000000,0.000000
90.000000,1.000000,0.000000,77,scarcity_peak,hindsight,5.346709,0.000000,0.000000,0.000000
90.000000,1.000000,0.000000,78,negative_midday,idle,0.000000,4.667978,0.000000,0.000000
90.000000,1.000000,0.000000,78,negative_midday,clock,2.148621,2.519357,0.000000,0.000000
90.000000,1.000000,0.000000,78,negative_midday,forecast,2.148621,2.519357,0.000000,0.000000
90.000000,1.000000,0.000000,78,negative_midday,hindsight,4.667978,0.000000,0.000000,0.000000
90.000000,1.000000,0.000000,79,flat_missed_event,idle,0.000000,3.316583,0.000000,0.000000
90.000000,1.000000,0.000000,79,flat_missed_event,clock,-2.213010,5.529592,0.000000,0.000000
90.000000,1.000000,0.000000,79,flat_missed_event,forecast,0.000000,3.316583,0.000000,0.000000
90.000000,1.000000,0.000000,79,flat_missed_event,hindsight,3.316583,0.000000,0.000000,0.000000
90.000000,1.000000,0.000000,80,evening_peak,idle,0.000000,2.987412,0.000000,0.000000
90.000000,1.000000,0.000000,80,evening_peak,clock,0.801373,2.186039,0.000000,0.000000
90.000000,1.000000,0.000000,80,evening_peak,forecast,0.801373,2.186039,0.000000,0.000000
90.000000,1.000000,0.000000,80,evening_peak,hindsight,2.987412,0.000000,0.000000,0.000000
90.000000,1.000000,0.000000,81,scarcity_peak,idle,0.000000,4.219498,0.000000,0.000000
90.000000,1.000000,0.000000,81,scarcity_peak,clock,1.472760,2.746738,0.000000,0.000000
90.000000,1.000000,0.000000,81,scarcity_peak,forecast,1.472760,2.746738,0.000000,0.000000
90.000000,1.000000,0.000000,81,scarcity_peak,hindsight,4.219498,0.000000,0.000000,0.000000
90.000000,1.000000,0.000000,82,negative_midday,idle,0.000000,3.449009,0.000000,0.000000
90.000000,1.000000,0.000000,82,negative_midday,clock,1.145459,2.303550,0.000000,0.000000
90.000000,1.000000,0.000000,82,negative_midday,forecast,1.145459,2.303550,0.000000,0.000000
90.000000,1.000000,0.000000,82,negative_midday,hindsight,3.449009,0.000000,0.000000,0.000000
90.000000,1.000000,0.000000,83,flat_missed_event,idle,0.000000,4.280521,0.000000,0.000000
90.000000,1.000000,0.000000,83,flat_missed_event,clock,0.689591,3.590930,0.000000,0.000000
90.000000,1.000000,0.000000,83,flat_missed_event,forecast,0.000000,4.280521,0.000000,0.000000
90.000000,1.000000,0.000000,83,flat_missed_event,hindsight,4.280521,-0.000000,0.000000,0.000000
90.000000,1.000000,0.000000,84,evening_peak,idle,0.000000,2.645717,0.000000,0.000000
90.000000,1.000000,0.000000,84,evening_peak,clock,0.395294,2.250423,0.000000,0.000000
90.000000,1.000000,0.000000,84,evening_peak,forecast,0.395294,2.250423,0.000000,0.000000
90.000000,1.000000,0.000000,84,evening_peak,hindsight,2.645717,-0.000000,0.000000,0.000000
90.000000,1.000000,0.000000,85,scarcity_peak,idle,0.000000,5.215154,0.000000,0.000000
90.000000,1.000000,0.000000,85,scarcity_peak,clock,2.197837,3.017317,0.000000,0.000000
90.000000,1.000000,0.000000,85,scarcity_peak,forecast,2.197837,3.017317,0.000000,0.000000
90.000000,1.000000,0.000000,85,scarcity_peak,hindsight,5.215154,0.000000,0.000000,0.000000
90.000000,1.000000,0.000000,86,negative_midday,idle,0.000000,3.615495,0.000000,0.000000
90.000000,1.000000,0.000000,86,negative_midday,clock,1.787561,1.827935,0.000000,0.000000
90.000000,1.000000,0.000000,86,negative_midday,forecast,1.787561,1.827935,0.000000,0.000000
90.000000,1.000000,0.000000,86,negative_midday,hindsight,3.615495,0.000000,0.000000,0.000000
90.000000,1.000000,0.000000,87,flat_missed_event,idle,0.000000,4.827632,0.000000,0.000000
90.000000,1.000000,0.000000,87,flat_missed_event,clock,-0.870022,5.697653,0.000000,0.000000
90.000000,1.000000,0.000000,87,flat_missed_event,forecast,0.000000,4.827632,0.000000,0.000000
90.000000,1.000000,0.000000,87,flat_missed_event,hindsight,4.827632,0.000000,0.000000,0.000000
90.000000,1.000000,0.000000,88,evening_peak,idle,0.000000,3.246875,0.000000,0.000000
90.000000,1.000000,0.000000,88,evening_peak,clock,0.492852,2.754023,0.000000,0.000000
90.000000,1.000000,0.000000,88,evening_peak,forecast,0.492852,2.754023,0.000000,0.000000
90.000000,1.000000,0.000000,88,evening_peak,hindsight,3.246875,0.000000,0.000000,0.000000
90.000000,1.000000,0.000000,89,scarcity_peak,idle,0.000000,4.679551,0.000000,0.000000
90.000000,1.000000,0.000000,89,scarcity_peak,clock,0.584053,4.095497,0.000000,0.000000
90.000000,1.000000,0.000000,89,scarcity_peak,forecast,0.584053,4.095497,0.000000,0.000000
90.000000,1.000000,0.000000,89,scarcity_peak,hindsight,4.679551,0.000000,0.000000,0.000000
90.000000,1.000000,0.000000,90,negative_midday,idle,0.000000,4.751862,0.000000,0.000000
90.000000,1.000000,0.000000,90,negative_midday,clock,2.320962,2.430900,0.000000,0.000000
90.000000,1.000000,0.000000,90,negative_midday,forecast,2.320962,2.430900,0.000000,0.000000
90.000000,1.000000,0.000000,90,negative_midday,hindsight,4.751862,-0.000000,0.000000,0.000000
90.000000,1.000000,0.000000,91,flat_missed_event,idle,0.000000,3.459333,0.000000,0.000000
90.000000,1.000000,0.000000,91,flat_missed_event,clock,0.034049,3.425285,0.000000,0.000000
90.000000,1.000000,0.000000,91,flat_missed_event,forecast,0.000000,3.459333,0.000000,0.000000
90.000000,1.000000,0.000000,91,flat_missed_event,hindsight,3.459333,0.000000,0.000000,0.000000
90.000000,1.000000,0.000000,92,evening_peak,idle,0.000000,2.804615,0.000000,0.000000
90.000000,1.000000,0.000000,92,evening_peak,clock,-0.436425,3.241039,0.000000,0.000000
90.000000,1.000000,0.000000,92,evening_peak,forecast,-0.436425,3.241039,0.000000,0.000000
90.000000,1.000000,0.000000,92,evening_peak,hindsight,2.804615,0.000000,0.000000,0.000000
90.000000,1.000000,0.000000,93,scarcity_peak,idle,0.000000,4.341173,0.000000,0.000000
90.000000,1.000000,0.000000,93,scarcity_peak,clock,1.408211,2.932963,0.000000,0.000000
90.000000,1.000000,0.000000,93,scarcity_peak,forecast,1.408211,2.932963,0.000000,0.000000
90.000000,1.000000,0.000000,93,scarcity_peak,hindsight,4.341173,0.000000,0.000000,0.000000
90.000000,1.000000,0.000000,94,negative_midday,idle,0.000000,3.167541,0.000000,0.000000
90.000000,1.000000,0.000000,94,negative_midday,clock,1.923520,1.244021,0.000000,0.000000
90.000000,1.000000,0.000000,94,negative_midday,forecast,1.923520,1.244021,0.000000,0.000000
90.000000,1.000000,0.000000,94,negative_midday,hindsight,3.167541,0.000000,0.000000,0.000000
90.000000,1.000000,0.000000,95,flat_missed_event,idle,0.000000,4.555603,0.000000,0.000000
90.000000,1.000000,0.000000,95,flat_missed_event,clock,2.125404,2.430199,0.000000,0.000000
90.000000,1.000000,0.000000,95,flat_missed_event,forecast,0.000000,4.555603,0.000000,0.000000
90.000000,1.000000,0.000000,95,flat_missed_event,hindsight,4.555603,-0.000000,0.000000,0.000000
90.000000,1.000000,0.000000,96,evening_peak,idle,0.000000,3.106622,0.000000,0.000000
90.000000,1.000000,0.000000,96,evening_peak,clock,-0.579652,3.686274,0.000000,0.000000
90.000000,1.000000,0.000000,96,evening_peak,forecast,-0.579652,3.686274,0.000000,0.000000
90.000000,1.000000,0.000000,96,evening_peak,hindsight,3.106622,-0.000000,0.000000,0.000000
90.000000,1.000000,0.000000,97,scarcity_peak,idle,0.000000,4.957919,0.000000,0.000000
90.000000,1.000000,0.000000,97,scarcity_peak,clock,0.220190,4.737729,0.000000,0.000000
90.000000,1.000000,0.000000,97,scarcity_peak,forecast,0.220190,4.737729,0.000000,0.000000
90.000000,1.000000,0.000000,97,scarcity_peak,hindsight,4.957919,0.000000,0.000000,0.000000
90.000000,1.000000,0.000000,98,negative_midday,idle,0.000000,3.450194,0.000000,0.000000
90.000000,1.000000,0.000000,98,negative_midday,clock,1.243886,2.206308,0.000000,0.000000
90.000000,1.000000,0.000000,98,negative_midday,forecast,1.243886,2.206308,0.000000,0.000000
90.000000,1.000000,0.000000,98,negative_midday,hindsight,3.450194,0.000000,0.000000,0.000000
90.000000,1.000000,0.000000,99,flat_missed_event,idle,0.000000,4.101223,0.000000,0.000000
90.000000,1.000000,0.000000,99,flat_missed_event,clock,-0.801080,4.902303,0.000000,0.000000
90.000000,1.000000,0.000000,99,flat_missed_event,forecast,0.000000,4.101223,0.000000,0.000000
90.000000,1.000000,0.000000,99,flat_missed_event,hindsight,4.101223,0.000000,0.000000,0.000000
90.000000,1.000000,0.000000,100,evening_peak,idle,0.000000,3.156443,0.000000,0.000000
90.000000,1.000000,0.000000,100,evening_peak,clock,1.315029,1.841414,0.000000,0.000000
90.000000,1.000000,0.000000,100,evening_peak,forecast,1.315029,1.841414,0.000000,0.000000
90.000000,1.000000,0.000000,100,evening_peak,hindsight,3.156443,0.000000,0.000000,0.000000
90.000000,1.000000,0.000000,101,scarcity_peak,idle,0.000000,4.415220,0.000000,0.000000
90.000000,1.000000,0.000000,101,scarcity_peak,clock,1.770604,2.644615,0.000000,0.000000
90.000000,1.000000,0.000000,101,scarcity_peak,forecast,1.770604,2.644615,0.000000,0.000000
90.000000,1.000000,0.000000,101,scarcity_peak,hindsight,4.415220,0.000000,0.000000,0.000000
90.000000,1.000000,0.000000,102,negative_midday,idle,0.000000,3.720755,0.000000,0.000000
90.000000,1.000000,0.000000,102,negative_midday,clock,0.724574,2.996181,0.000000,0.000000
90.000000,1.000000,0.000000,102,negative_midday,forecast,0.724574,2.996181,0.000000,0.000000
90.000000,1.000000,0.000000,102,negative_midday,hindsight,3.720755,0.000000,0.000000,0.000000
90.000000,1.000000,0.000000,103,flat_missed_event,idle,0.000000,4.507011,0.000000,0.000000
90.000000,1.000000,0.000000,103,flat_missed_event,clock,0.984895,3.522116,0.000000,0.000000
90.000000,1.000000,0.000000,103,flat_missed_event,forecast,0.000000,4.507011,0.000000,0.000000
90.000000,1.000000,0.000000,103,flat_missed_event,hindsight,4.507011,-0.000000,0.000000,0.000000
90.000000,1.000000,0.000000,104,evening_peak,idle,0.000000,3.215246,0.000000,0.000000
90.000000,1.000000,0.000000,104,evening_peak,clock,-0.225809,3.441056,0.000000,0.000000
90.000000,1.000000,0.000000,104,evening_peak,forecast,-0.225809,3.441056,0.000000,0.000000
90.000000,1.000000,0.000000,104,evening_peak,hindsight,3.215246,0.000000,0.000000,0.000000
90.000000,1.000000,0.000000,105,scarcity_peak,idle,0.000000,4.231703,0.000000,0.000000
90.000000,1.000000,0.000000,105,scarcity_peak,clock,0.627564,3.604140,0.000000,0.000000
90.000000,1.000000,0.000000,105,scarcity_peak,forecast,0.627564,3.604140,0.000000,0.000000
90.000000,1.000000,0.000000,105,scarcity_peak,hindsight,4.231703,0.000000,0.000000,0.000000
90.000000,1.000000,0.000000,106,negative_midday,idle,0.000000,2.672113,0.000000,0.000000
90.000000,1.000000,0.000000,106,negative_midday,clock,0.714949,1.957165,0.000000,0.000000
90.000000,1.000000,0.000000,106,negative_midday,forecast,0.714949,1.957165,0.000000,0.000000
90.000000,1.000000,0.000000,106,negative_midday,hindsight,2.672113,0.000000,0.000000,0.000000
90.000000,1.000000,0.000000,107,flat_missed_event,idle,0.000000,4.552801,0.000000,0.000000
90.000000,1.000000,0.000000,107,flat_missed_event,clock,0.723115,3.829687,0.000000,0.000000
90.000000,1.000000,0.000000,107,flat_missed_event,forecast,0.000000,4.552801,0.000000,0.000000
90.000000,1.000000,0.000000,107,flat_missed_event,hindsight,4.552801,-0.000000,0.000000,0.000000
90.000000,1.000000,0.000000,108,evening_peak,idle,0.000000,3.778149,0.000000,0.000000
90.000000,1.000000,0.000000,108,evening_peak,clock,1.370970,2.407178,0.000000,0.000000
90.000000,1.000000,0.000000,108,evening_peak,forecast,1.370970,2.407178,0.000000,0.000000
90.000000,1.000000,0.000000,108,evening_peak,hindsight,3.778149,0.000000,0.000000,0.000000
90.000000,1.000000,0.000000,109,scarcity_peak,idle,0.000000,5.151276,0.000000,0.000000
90.000000,1.000000,0.000000,109,scarcity_peak,clock,0.812833,4.338443,0.000000,0.000000
90.000000,1.000000,0.000000,109,scarcity_peak,forecast,0.812833,4.338443,0.000000,0.000000
90.000000,1.000000,0.000000,109,scarcity_peak,hindsight,5.151276,0.000000,0.000000,0.000000
90.000000,1.000000,0.000000,110,negative_midday,idle,0.000000,3.424945,0.000000,0.000000
90.000000,1.000000,0.000000,110,negative_midday,clock,0.950885,2.474060,0.000000,0.000000
90.000000,1.000000,0.000000,110,negative_midday,forecast,0.950885,2.474060,0.000000,0.000000
90.000000,1.000000,0.000000,110,negative_midday,hindsight,3.424945,0.000000,0.000000,0.000000
90.000000,1.000000,0.000000,111,flat_missed_event,idle,0.000000,4.182342,0.000000,0.000000
90.000000,1.000000,0.000000,111,flat_missed_event,clock,0.207905,3.974437,0.000000,0.000000
90.000000,1.000000,0.000000,111,flat_missed_event,forecast,0.000000,4.182342,0.000000,0.000000
90.000000,1.000000,0.000000,111,flat_missed_event,hindsight,4.182342,-0.000000,0.000000,0.000000
90.000000,1.000000,0.000000,112,evening_peak,idle,0.000000,3.313363,0.000000,0.000000
90.000000,1.000000,0.000000,112,evening_peak,clock,1.484544,1.828819,0.000000,0.000000
90.000000,1.000000,0.000000,112,evening_peak,forecast,1.484544,1.828819,0.000000,0.000000
90.000000,1.000000,0.000000,112,evening_peak,hindsight,3.313363,0.000000,0.000000,0.000000
90.000000,1.000000,0.000000,113,scarcity_peak,idle,0.000000,4.374416,0.000000,0.000000
90.000000,1.000000,0.000000,113,scarcity_peak,clock,1.048138,3.326278,0.000000,0.000000
90.000000,1.000000,0.000000,113,scarcity_peak,forecast,1.048138,3.326278,0.000000,0.000000
90.000000,1.000000,0.000000,113,scarcity_peak,hindsight,4.374416,-0.000000,0.000000,0.000000
90.000000,1.000000,0.000000,114,negative_midday,idle,0.000000,2.734335,0.000000,0.000000
90.000000,1.000000,0.000000,114,negative_midday,clock,0.014656,2.719679,0.000000,0.000000
90.000000,1.000000,0.000000,114,negative_midday,forecast,0.014656,2.719679,0.000000,0.000000
90.000000,1.000000,0.000000,114,negative_midday,hindsight,2.734335,0.000000,0.000000,0.000000
90.000000,1.000000,0.000000,115,flat_missed_event,idle,0.000000,3.808347,0.000000,0.000000
90.000000,1.000000,0.000000,115,flat_missed_event,clock,-0.123974,3.932322,0.000000,0.000000
90.000000,1.000000,0.000000,115,flat_missed_event,forecast,0.000000,3.808347,0.000000,0.000000
90.000000,1.000000,0.000000,115,flat_missed_event,hindsight,3.808347,-0.000000,0.000000,0.000000
90.000000,1.000000,0.000000,116,evening_peak,idle,0.000000,3.342771,0.000000,0.000000
90.000000,1.000000,0.000000,116,evening_peak,clock,1.142023,2.200749,0.000000,0.000000
90.000000,1.000000,0.000000,116,evening_peak,forecast,1.142023,2.200749,0.000000,0.000000
90.000000,1.000000,0.000000,116,evening_peak,hindsight,3.342771,0.000000,0.000000,0.000000
90.000000,1.000000,0.000000,117,scarcity_peak,idle,0.000000,4.108104,0.000000,0.000000
90.000000,1.000000,0.000000,117,scarcity_peak,clock,0.960038,3.148066,0.000000,0.000000
90.000000,1.000000,0.000000,117,scarcity_peak,forecast,0.960038,3.148066,0.000000,0.000000
90.000000,1.000000,0.000000,117,scarcity_peak,hindsight,4.108104,0.000000,0.000000,0.000000
90.000000,1.000000,0.000000,118,negative_midday,idle,0.000000,3.560043,0.000000,0.000000
90.000000,1.000000,0.000000,118,negative_midday,clock,2.377912,1.182131,0.000000,0.000000
90.000000,1.000000,0.000000,118,negative_midday,forecast,2.377912,1.182131,0.000000,0.000000
90.000000,1.000000,0.000000,118,negative_midday,hindsight,3.560043,0.000000,0.000000,0.000000
90.000000,1.000000,0.000000,119,flat_missed_event,idle,0.000000,5.210776,0.000000,0.000000
90.000000,1.000000,0.000000,119,flat_missed_event,clock,0.086019,5.124756,0.000000,0.000000
90.000000,1.000000,0.000000,119,flat_missed_event,forecast,0.000000,5.210776,0.000000,0.000000
90.000000,1.000000,0.000000,119,flat_missed_event,hindsight,5.210776,0.000000,0.000000,0.000000
90.000000,1.000000,5.000000,0,evening_peak,idle,0.000000,2.580457,5.000000,5.000000
90.000000,1.000000,5.000000,0,evening_peak,clock,0.956551,1.623905,5.000000,5.000000
90.000000,1.000000,5.000000,0,evening_peak,forecast,0.956551,1.623905,5.000000,5.000000
90.000000,1.000000,5.000000,0,evening_peak,hindsight,2.580457,-0.000000,5.000000,5.000000
90.000000,1.000000,5.000000,1,scarcity_peak,idle,0.000000,4.219544,5.000000,5.000000
90.000000,1.000000,5.000000,1,scarcity_peak,clock,1.523873,2.695671,5.000000,5.000000
90.000000,1.000000,5.000000,1,scarcity_peak,forecast,1.523873,2.695671,5.000000,5.000000
90.000000,1.000000,5.000000,1,scarcity_peak,hindsight,4.219544,-0.000000,5.000000,5.000000
90.000000,1.000000,5.000000,2,negative_midday,idle,0.000000,3.304622,5.000000,5.000000
90.000000,1.000000,5.000000,2,negative_midday,clock,-0.826641,4.131264,5.000000,5.000000
90.000000,1.000000,5.000000,2,negative_midday,forecast,-0.826641,4.131264,5.000000,5.000000
90.000000,1.000000,5.000000,2,negative_midday,hindsight,3.304622,0.000000,5.000000,5.000000
90.000000,1.000000,5.000000,3,flat_missed_event,idle,0.000000,4.470159,5.000000,5.000000
90.000000,1.000000,5.000000,3,flat_missed_event,clock,-1.162903,5.633062,5.000000,5.000000
90.000000,1.000000,5.000000,3,flat_missed_event,forecast,0.000000,4.470159,5.000000,5.000000
90.000000,1.000000,5.000000,3,flat_missed_event,hindsight,4.470159,0.000000,5.000000,5.000000
90.000000,1.000000,5.000000,4,evening_peak,idle,0.000000,2.242305,5.000000,5.000000
90.000000,1.000000,5.000000,4,evening_peak,clock,-0.592779,2.835085,5.000000,5.000000
90.000000,1.000000,5.000000,4,evening_peak,forecast,-0.592779,2.835085,5.000000,5.000000
90.000000,1.000000,5.000000,4,evening_peak,hindsight,2.242305,-0.000000,5.000000,5.000000
90.000000,1.000000,5.000000,5,scarcity_peak,idle,0.000000,4.149228,5.000000,5.000000
90.000000,1.000000,5.000000,5,scarcity_peak,clock,0.057503,4.091726,5.000000,5.000000
90.000000,1.000000,5.000000,5,scarcity_peak,forecast,0.057503,4.091726,5.000000,5.000000
90.000000,1.000000,5.000000,5,scarcity_peak,hindsight,4.149228,0.000000,5.000000,5.000000
90.000000,1.000000,5.000000,6,negative_midday,idle,0.000000,3.241037,5.000000,5.000000
90.000000,1.000000,5.000000,6,negative_midday,clock,0.863481,2.377556,5.000000,5.000000
90.000000,1.000000,5.000000,6,negative_midday,forecast,0.863481,2.377556,5.000000,5.000000
90.000000,1.000000,5.000000,6,negative_midday,hindsight,3.241037,0.000000,5.000000,5.000000
90.000000,1.000000,5.000000,7,flat_missed_event,idle,0.000000,4.282896,5.000000,5.000000
90.000000,1.000000,5.000000,7,flat_missed_event,clock,1.302936,2.979960,5.000000,5.000000
90.000000,1.000000,5.000000,7,flat_missed_event,forecast,0.000000,4.282896,5.000000,5.000000
90.000000,1.000000,5.000000,7,flat_missed_event,hindsight,4.282896,0.000000,5.000000,5.000000
90.000000,1.000000,5.000000,8,evening_peak,idle,0.000000,3.429160,5.000000,5.000000
90.000000,1.000000,5.000000,8,evening_peak,clock,-0.052627,3.481787,5.000000,5.000000
90.000000,1.000000,5.000000,8,evening_peak,forecast,-0.052627,3.481787,5.000000,5.000000
90.000000,1.000000,5.000000,8,evening_peak,hindsight,3.429160,0.000000,5.000000,5.000000
90.000000,1.000000,5.000000,9,scarcity_peak,idle,0.000000,3.664959,5.000000,5.000000
90.000000,1.000000,5.000000,9,scarcity_peak,clock,0.467711,3.197248,5.000000,5.000000
90.000000,1.000000,5.000000,9,scarcity_peak,forecast,0.467711,3.197248,5.000000,5.000000
90.000000,1.000000,5.000000,9,scarcity_peak,hindsight,3.664959,0.000000,5.000000,5.000000
90.000000,1.000000,5.000000,10,negative_midday,idle,0.000000,2.472409,5.000000,5.000000
90.000000,1.000000,5.000000,10,negative_midday,clock,1.030776,1.441633,5.000000,5.000000
90.000000,1.000000,5.000000,10,negative_midday,forecast,1.030776,1.441633,5.000000,5.000000
90.000000,1.000000,5.000000,10,negative_midday,hindsight,2.472409,0.000000,5.000000,5.000000
90.000000,1.000000,5.000000,11,flat_missed_event,idle,0.000000,3.676380,5.000000,5.000000
90.000000,1.000000,5.000000,11,flat_missed_event,clock,0.464036,3.212343,5.000000,5.000000
90.000000,1.000000,5.000000,11,flat_missed_event,forecast,0.000000,3.676380,5.000000,5.000000
90.000000,1.000000,5.000000,11,flat_missed_event,hindsight,3.676380,0.000000,5.000000,5.000000
90.000000,1.000000,5.000000,12,evening_peak,idle,0.000000,3.961823,5.000000,5.000000
90.000000,1.000000,5.000000,12,evening_peak,clock,2.168001,1.793821,5.000000,5.000000
90.000000,1.000000,5.000000,12,evening_peak,forecast,2.168001,1.793821,5.000000,5.000000
90.000000,1.000000,5.000000,12,evening_peak,hindsight,3.961823,0.000000,5.000000,5.000000
90.000000,1.000000,5.000000,13,scarcity_peak,idle,0.000000,3.742423,5.000000,5.000000
90.000000,1.000000,5.000000,13,scarcity_peak,clock,-0.195793,3.938216,5.000000,5.000000
90.000000,1.000000,5.000000,13,scarcity_peak,forecast,-0.195793,3.938216,5.000000,5.000000
90.000000,1.000000,5.000000,13,scarcity_peak,hindsight,3.742423,0.000000,5.000000,5.000000
90.000000,1.000000,5.000000,14,negative_midday,idle,0.000000,3.629250,5.000000,5.000000
90.000000,1.000000,5.000000,14,negative_midday,clock,0.311133,3.318117,5.000000,5.000000
90.000000,1.000000,5.000000,14,negative_midday,forecast,0.311133,3.318117,5.000000,5.000000
90.000000,1.000000,5.000000,14,negative_midday,hindsight,3.629250,0.000000,5.000000,5.000000
90.000000,1.000000,5.000000,15,flat_missed_event,idle,0.000000,4.433837,5.000000,5.000000
90.000000,1.000000,5.000000,15,flat_missed_event,clock,0.406608,4.027229,5.000000,5.000000
90.000000,1.000000,5.000000,15,flat_missed_event,forecast,0.000000,4.433837,5.000000,5.000000
90.000000,1.000000,5.000000,15,flat_missed_event,hindsight,4.433837,0.000000,5.000000,5.000000
90.000000,1.000000,5.000000,16,evening_peak,idle,0.000000,2.697089,5.000000,5.000000
90.000000,1.000000,5.000000,16,evening_peak,clock,-0.113428,2.810517,5.000000,5.000000
90.000000,1.000000,5.000000,16,evening_peak,forecast,-0.113428,2.810517,5.000000,5.000000
90.000000,1.000000,5.000000,16,evening_peak,hindsight,2.697089,0.000000,5.000000,5.000000
90.000000,1.000000,5.000000,17,scarcity_peak,idle,0.000000,5.028252,5.000000,5.000000
90.000000,1.000000,5.000000,17,scarcity_peak,clock,0.729224,4.299028,5.000000,5.000000
90.000000,1.000000,5.000000,17,scarcity_peak,forecast,0.729224,4.299028,5.000000,5.000000
90.000000,1.000000,5.000000,17,scarcity_peak,hindsight,5.028252,0.000000,5.000000,5.000000
90.000000,1.000000,5.000000,18,negative_midday,idle,0.000000,2.389415,5.000000,5.000000
90.000000,1.000000,5.000000,18,negative_midday,clock,0.336073,2.053342,5.000000,5.000000
90.000000,1.000000,5.000000,18,negative_midday,forecast,0.336073,2.053342,5.000000,5.000000
90.000000,1.000000,5.000000,18,negative_midday,hindsight,2.389415,0.000000,5.000000,5.000000
90.000000,1.000000,5.000000,19,flat_missed_event,idle,0.000000,4.298329,5.000000,5.000000
90.000000,1.000000,5.000000,19,flat_missed_event,clock,0.617331,3.680998,5.000000,5.000000
90.000000,1.000000,5.000000,19,flat_missed_event,forecast,0.000000,4.298329,5.000000,5.000000
90.000000,1.000000,5.000000,19,flat_missed_event,hindsight,4.298329,-0.000000,5.000000,5.000000
90.000000,1.000000,5.000000,20,evening_peak,idle,0.000000,2.793539,5.000000,5.000000
90.000000,1.000000,5.000000,20,evening_peak,clock,0.670448,2.123091,5.000000,5.000000
90.000000,1.000000,5.000000,20,evening_peak,forecast,0.670448,2.123091,5.000000,5.000000
90.000000,1.000000,5.000000,20,evening_peak,hindsight,2.793539,0.000000,5.000000,5.000000
90.000000,1.000000,5.000000,21,scarcity_peak,idle,0.000000,4.338926,5.000000,5.000000
90.000000,1.000000,5.000000,21,scarcity_peak,clock,0.836330,3.502596,5.000000,5.000000
90.000000,1.000000,5.000000,21,scarcity_peak,forecast,0.836330,3.502596,5.000000,5.000000
90.000000,1.000000,5.000000,21,scarcity_peak,hindsight,4.338926,0.000000,5.000000,5.000000
90.000000,1.000000,5.000000,22,negative_midday,idle,0.000000,2.872821,5.000000,5.000000
90.000000,1.000000,5.000000,22,negative_midday,clock,-0.461540,3.334361,5.000000,5.000000
90.000000,1.000000,5.000000,22,negative_midday,forecast,-0.461540,3.334361,5.000000,5.000000
90.000000,1.000000,5.000000,22,negative_midday,hindsight,2.872821,0.000000,5.000000,5.000000
90.000000,1.000000,5.000000,23,flat_missed_event,idle,0.000000,3.414164,5.000000,5.000000
90.000000,1.000000,5.000000,23,flat_missed_event,clock,-1.205934,4.620098,5.000000,5.000000
90.000000,1.000000,5.000000,23,flat_missed_event,forecast,0.000000,3.414164,5.000000,5.000000
90.000000,1.000000,5.000000,23,flat_missed_event,hindsight,3.414164,0.000000,5.000000,5.000000
90.000000,1.000000,5.000000,24,evening_peak,idle,0.000000,2.476368,5.000000,5.000000
90.000000,1.000000,5.000000,24,evening_peak,clock,1.414084,1.062284,5.000000,5.000000
90.000000,1.000000,5.000000,24,evening_peak,forecast,1.414084,1.062284,5.000000,5.000000
90.000000,1.000000,5.000000,24,evening_peak,hindsight,2.476368,0.000000,5.000000,5.000000
90.000000,1.000000,5.000000,25,scarcity_peak,idle,0.000000,4.162487,5.000000,5.000000
90.000000,1.000000,5.000000,25,scarcity_peak,clock,0.489327,3.673161,5.000000,5.000000
90.000000,1.000000,5.000000,25,scarcity_peak,forecast,0.489327,3.673161,5.000000,5.000000
90.000000,1.000000,5.000000,25,scarcity_peak,hindsight,4.162487,0.000000,5.000000,5.000000
90.000000,1.000000,5.000000,26,negative_midday,idle,0.000000,2.529167,5.000000,5.000000
90.000000,1.000000,5.000000,26,negative_midday,clock,-1.383592,3.912758,5.000000,5.000000
90.000000,1.000000,5.000000,26,negative_midday,forecast,-1.383592,3.912758,5.000000,5.000000
90.000000,1.000000,5.000000,26,negative_midday,hindsight,2.529167,0.000000,5.000000,5.000000
90.000000,1.000000,5.000000,27,flat_missed_event,idle,0.000000,3.248702,5.000000,5.000000
90.000000,1.000000,5.000000,27,flat_missed_event,clock,-1.117719,4.366421,5.000000,5.000000
90.000000,1.000000,5.000000,27,flat_missed_event,forecast,0.000000,3.248702,5.000000,5.000000
90.000000,1.000000,5.000000,27,flat_missed_event,hindsight,3.248702,0.000000,5.000000,5.000000
90.000000,1.000000,5.000000,28,evening_peak,idle,0.000000,2.855359,5.000000,5.000000
90.000000,1.000000,5.000000,28,evening_peak,clock,1.069802,1.785557,5.000000,5.000000
90.000000,1.000000,5.000000,28,evening_peak,forecast,1.069802,1.785557,5.000000,5.000000
90.000000,1.000000,5.000000,28,evening_peak,hindsight,2.855359,-0.000000,5.000000,5.000000
90.000000,1.000000,5.000000,29,scarcity_peak,idle,0.000000,5.036497,5.000000,5.000000
90.000000,1.000000,5.000000,29,scarcity_peak,clock,0.224921,4.811576,5.000000,5.000000
90.000000,1.000000,5.000000,29,scarcity_peak,forecast,0.224921,4.811576,5.000000,5.000000
90.000000,1.000000,5.000000,29,scarcity_peak,hindsight,5.036497,0.000000,5.000000,5.000000
90.000000,1.000000,5.000000,30,negative_midday,idle,0.000000,2.665663,5.000000,5.000000
90.000000,1.000000,5.000000,30,negative_midday,clock,0.720453,1.945210,5.000000,5.000000
90.000000,1.000000,5.000000,30,negative_midday,forecast,0.720453,1.945210,5.000000,5.000000
90.000000,1.000000,5.000000,30,negative_midday,hindsight,2.665663,0.000000,5.000000,5.000000
90.000000,1.000000,5.000000,31,flat_missed_event,idle,0.000000,3.793377,5.000000,5.000000
90.000000,1.000000,5.000000,31,flat_missed_event,clock,-1.145762,4.939139,5.000000,5.000000
90.000000,1.000000,5.000000,31,flat_missed_event,forecast,0.000000,3.793377,5.000000,5.000000
90.000000,1.000000,5.000000,31,flat_missed_event,hindsight,3.793377,0.000000,5.000000,5.000000
90.000000,1.000000,5.000000,32,evening_peak,idle,0.000000,2.611419,5.000000,5.000000
90.000000,1.000000,5.000000,32,evening_peak,clock,-0.002838,2.614257,5.000000,5.000000
90.000000,1.000000,5.000000,32,evening_peak,forecast,-0.002838,2.614257,5.000000,5.000000
90.000000,1.000000,5.000000,32,evening_peak,hindsight,2.611419,0.000000,5.000000,5.000000
90.000000,1.000000,5.000000,33,scarcity_peak,idle,0.000000,3.944678,5.000000,5.000000
90.000000,1.000000,5.000000,33,scarcity_peak,clock,0.146406,3.798272,5.000000,5.000000
90.000000,1.000000,5.000000,33,scarcity_peak,forecast,0.146406,3.798272,5.000000,5.000000
90.000000,1.000000,5.000000,33,scarcity_peak,hindsight,3.944678,0.000000,5.000000,5.000000
90.000000,1.000000,5.000000,34,negative_midday,idle,0.000000,4.159293,5.000000,5.000000
90.000000,1.000000,5.000000,34,negative_midday,clock,1.442540,2.716753,5.000000,5.000000
90.000000,1.000000,5.000000,34,negative_midday,forecast,1.442540,2.716753,5.000000,5.000000
90.000000,1.000000,5.000000,34,negative_midday,hindsight,4.159293,0.000000,5.000000,5.000000
90.000000,1.000000,5.000000,35,flat_missed_event,idle,0.000000,3.871348,5.000000,5.000000
90.000000,1.000000,5.000000,35,flat_missed_event,clock,-0.802527,4.673874,5.000000,5.000000
90.000000,1.000000,5.000000,35,flat_missed_event,forecast,0.000000,3.871348,5.000000,5.000000
90.000000,1.000000,5.000000,35,flat_missed_event,hindsight,3.871348,-0.000000,5.000000,5.000000
90.000000,1.000000,5.000000,36,evening_peak,idle,0.000000,2.231537,5.000000,5.000000
90.000000,1.000000,5.000000,36,evening_peak,clock,0.934786,1.296750,5.000000,5.000000
90.000000,1.000000,5.000000,36,evening_peak,forecast,0.934786,1.296750,5.000000,5.000000
90.000000,1.000000,5.000000,36,evening_peak,hindsight,2.231537,-0.000000,5.000000,5.000000
90.000000,1.000000,5.000000,37,scarcity_peak,idle,0.000000,4.620077,5.000000,5.000000
90.000000,1.000000,5.000000,37,scarcity_peak,clock,1.542235,3.077842,5.000000,5.000000
90.000000,1.000000,5.000000,37,scarcity_peak,forecast,1.542235,3.077842,5.000000,5.000000
90.000000,1.000000,5.000000,37,scarcity_peak,hindsight,4.620077,0.000000,5.000000,5.000000
90.000000,1.000000,5.000000,38,negative_midday,idle,0.000000,2.553195,5.000000,5.000000
90.000000,1.000000,5.000000,38,negative_midday,clock,0.026285,2.526910,5.000000,5.000000
90.000000,1.000000,5.000000,38,negative_midday,forecast,0.026285,2.526910,5.000000,5.000000
90.000000,1.000000,5.000000,38,negative_midday,hindsight,2.553195,0.000000,5.000000,5.000000
90.000000,1.000000,5.000000,39,flat_missed_event,idle,0.000000,4.284686,5.000000,5.000000
90.000000,1.000000,5.000000,39,flat_missed_event,clock,0.559049,3.725638,5.000000,5.000000
90.000000,1.000000,5.000000,39,flat_missed_event,forecast,0.000000,4.284686,5.000000,5.000000
90.000000,1.000000,5.000000,39,flat_missed_event,hindsight,4.284686,0.000000,5.000000,5.000000
90.000000,1.000000,5.000000,40,evening_peak,idle,0.000000,3.103949,5.000000,5.000000
90.000000,1.000000,5.000000,40,evening_peak,clock,1.753807,1.350142,5.000000,5.000000
90.000000,1.000000,5.000000,40,evening_peak,forecast,1.753807,1.350142,5.000000,5.000000
90.000000,1.000000,5.000000,40,evening_peak,hindsight,3.103949,0.000000,5.000000,5.000000
90.000000,1.000000,5.000000,41,scarcity_peak,idle,0.000000,4.290783,5.000000,5.000000
90.000000,1.000000,5.000000,41,scarcity_peak,clock,-0.035844,4.326627,5.000000,5.000000
90.000000,1.000000,5.000000,41,scarcity_peak,forecast,-0.035844,4.326627,5.000000,5.000000
90.000000,1.000000,5.000000,41,scarcity_peak,hindsight,4.290783,0.000000,5.000000,5.000000
90.000000,1.000000,5.000000,42,negative_midday,idle,0.000000,2.893705,5.000000,5.000000
90.000000,1.000000,5.000000,42,negative_midday,clock,-0.355190,3.248895,5.000000,5.000000
90.000000,1.000000,5.000000,42,negative_midday,forecast,-0.355190,3.248895,5.000000,5.000000
90.000000,1.000000,5.000000,42,negative_midday,hindsight,2.893705,0.000000,5.000000,5.000000
90.000000,1.000000,5.000000,43,flat_missed_event,idle,0.000000,3.470163,5.000000,5.000000
90.000000,1.000000,5.000000,43,flat_missed_event,clock,-0.679667,4.149830,5.000000,5.000000
90.000000,1.000000,5.000000,43,flat_missed_event,forecast,0.000000,3.470163,5.000000,5.000000
90.000000,1.000000,5.000000,43,flat_missed_event,hindsight,3.470163,0.000000,5.000000,5.000000
90.000000,1.000000,5.000000,44,evening_peak,idle,0.000000,2.725266,5.000000,5.000000
90.000000,1.000000,5.000000,44,evening_peak,clock,1.280875,1.444392,5.000000,5.000000
90.000000,1.000000,5.000000,44,evening_peak,forecast,1.280875,1.444392,5.000000,5.000000
90.000000,1.000000,5.000000,44,evening_peak,hindsight,2.725266,0.000000,5.000000,5.000000
90.000000,1.000000,5.000000,45,scarcity_peak,idle,0.000000,4.687401,5.000000,5.000000
90.000000,1.000000,5.000000,45,scarcity_peak,clock,0.459836,4.227565,5.000000,5.000000
90.000000,1.000000,5.000000,45,scarcity_peak,forecast,0.459836,4.227565,5.000000,5.000000
90.000000,1.000000,5.000000,45,scarcity_peak,hindsight,4.687401,0.000000,5.000000,5.000000
90.000000,1.000000,5.000000,46,negative_midday,idle,0.000000,3.984898,5.000000,5.000000
90.000000,1.000000,5.000000,46,negative_midday,clock,0.858851,3.126048,5.000000,5.000000
90.000000,1.000000,5.000000,46,negative_midday,forecast,0.858851,3.126048,5.000000,5.000000
90.000000,1.000000,5.000000,46,negative_midday,hindsight,3.984898,0.000000,5.000000,5.000000
90.000000,1.000000,5.000000,47,flat_missed_event,idle,0.000000,3.393770,5.000000,5.000000
90.000000,1.000000,5.000000,47,flat_missed_event,clock,-0.378438,3.772208,5.000000,5.000000
90.000000,1.000000,5.000000,47,flat_missed_event,forecast,0.000000,3.393770,5.000000,5.000000
90.000000,1.000000,5.000000,47,flat_missed_event,hindsight,3.393770,0.000000,5.000000,5.000000
90.000000,1.000000,5.000000,48,evening_peak,idle,0.000000,2.862348,5.000000,5.000000
90.000000,1.000000,5.000000,48,evening_peak,clock,0.370315,2.492033,5.000000,5.000000
90.000000,1.000000,5.000000,48,evening_peak,forecast,0.370315,2.492033,5.000000,5.000000
90.000000,1.000000,5.000000,48,evening_peak,hindsight,2.862348,0.000000,5.000000,5.000000
90.000000,1.000000,5.000000,49,scarcity_peak,idle,0.000000,4.131128,5.000000,5.000000
90.000000,1.000000,5.000000,49,scarcity_peak,clock,1.536893,2.594234,5.000000,5.000000
90.000000,1.000000,5.000000,49,scarcity_peak,forecast,1.536893,2.594234,5.000000,5.000000
90.000000,1.000000,5.000000,49,scarcity_peak,hindsight,4.131128,-0.000000,5.000000,5.000000
90.000000,1.000000,5.000000,50,negative_midday,idle,0.000000,3.105922,5.000000,5.000000
90.000000,1.000000,5.000000,50,negative_midday,clock,0.459186,2.646736,5.000000,5.000000
90.000000,1.000000,5.000000,50,negative_midday,forecast,0.459186,2.646736,5.000000,5.000000
90.000000,1.000000,5.000000,50,negative_midday,hindsight,3.105922,0.000000,5.000000,5.000000
90.000000,1.000000,5.000000,51,flat_missed_event,idle,0.000000,3.621909,5.000000,5.000000
90.000000,1.000000,5.000000,51,flat_missed_event,clock,-0.287001,3.908910,5.000000,5.000000
90.000000,1.000000,5.000000,51,flat_missed_event,forecast,0.000000,3.621909,5.000000,5.000000
90.000000,1.000000,5.000000,51,flat_missed_event,hindsight,3.621909,0.000000,5.000000,5.000000
90.000000,1.000000,5.000000,52,evening_peak,idle,0.000000,3.194608,5.000000,5.000000
90.000000,1.000000,5.000000,52,evening_peak,clock,-0.049763,3.244371,5.000000,5.000000
90.000000,1.000000,5.000000,52,evening_peak,forecast,-0.049763,3.244371,5.000000,5.000000
90.000000,1.000000,5.000000,52,evening_peak,hindsight,3.194608,0.000000,5.000000,5.000000
90.000000,1.000000,5.000000,53,scarcity_peak,idle,0.000000,3.414768,5.000000,5.000000
90.000000,1.000000,5.000000,53,scarcity_peak,clock,-1.050175,4.464943,5.000000,5.000000
90.000000,1.000000,5.000000,53,scarcity_peak,forecast,-1.050175,4.464943,5.000000,5.000000
90.000000,1.000000,5.000000,53,scarcity_peak,hindsight,3.414768,0.000000,5.000000,5.000000
90.000000,1.000000,5.000000,54,negative_midday,idle,0.000000,3.775625,5.000000,5.000000
90.000000,1.000000,5.000000,54,negative_midday,clock,0.461482,3.314143,5.000000,5.000000
90.000000,1.000000,5.000000,54,negative_midday,forecast,0.461482,3.314143,5.000000,5.000000
90.000000,1.000000,5.000000,54,negative_midday,hindsight,3.775625,0.000000,5.000000,5.000000
90.000000,1.000000,5.000000,55,flat_missed_event,idle,0.000000,4.356079,5.000000,5.000000
90.000000,1.000000,5.000000,55,flat_missed_event,clock,-0.743570,5.099649,5.000000,5.000000
90.000000,1.000000,5.000000,55,flat_missed_event,forecast,0.000000,4.356079,5.000000,5.000000
90.000000,1.000000,5.000000,55,flat_missed_event,hindsight,4.356079,0.000000,5.000000,5.000000
90.000000,1.000000,5.000000,56,evening_peak,idle,0.000000,2.954823,5.000000,5.000000
90.000000,1.000000,5.000000,56,evening_peak,clock,0.729594,2.225229,5.000000,5.000000
90.000000,1.000000,5.000000,56,evening_peak,forecast,0.729594,2.225229,5.000000,5.000000
90.000000,1.000000,5.000000,56,evening_peak,hindsight,2.954823,0.000000,5.000000,5.000000
90.000000,1.000000,5.000000,57,scarcity_peak,idle,0.000000,4.584878,5.000000,5.000000
90.000000,1.000000,5.000000,57,scarcity_peak,clock,0.655737,3.929142,5.000000,5.000000
90.000000,1.000000,5.000000,57,scarcity_peak,forecast,0.655737,3.929142,5.000000,5.000000
90.000000,1.000000,5.000000,57,scarcity_peak,hindsight,4.584878,0.000000,5.000000,5.000000
90.000000,1.000000,5.000000,58,negative_midday,idle,0.000000,4.562488,5.000000,5.000000
90.000000,1.000000,5.000000,58,negative_midday,clock,1.802946,2.759542,5.000000,5.000000
90.000000,1.000000,5.000000,58,negative_midday,forecast,1.802946,2.759542,5.000000,5.000000
90.000000,1.000000,5.000000,58,negative_midday,hindsight,4.562488,0.000000,5.000000,5.000000
90.000000,1.000000,5.000000,59,flat_missed_event,idle,0.000000,4.316841,5.000000,5.000000
90.000000,1.000000,5.000000,59,flat_missed_event,clock,-0.031072,4.347913,5.000000,5.000000
90.000000,1.000000,5.000000,59,flat_missed_event,forecast,0.000000,4.316841,5.000000,5.000000
90.000000,1.000000,5.000000,59,flat_missed_event,hindsight,4.316841,0.000000,5.000000,5.000000
90.000000,1.000000,5.000000,60,evening_peak,idle,0.000000,2.387142,5.000000,5.000000
90.000000,1.000000,5.000000,60,evening_peak,clock,-0.636911,3.024054,5.000000,5.000000
90.000000,1.000000,5.000000,60,evening_peak,forecast,-0.636911,3.024054,5.000000,5.000000
90.000000,1.000000,5.000000,60,evening_peak,hindsight,2.387142,0.000000,5.000000,5.000000
90.000000,1.000000,5.000000,61,scarcity_peak,idle,0.000000,4.614649,5.000000,5.000000
90.000000,1.000000,5.000000,61,scarcity_peak,clock,-0.440566,5.055215,5.000000,5.000000
90.000000,1.000000,5.000000,61,scarcity_peak,forecast,-0.440566,5.055215,5.000000,5.000000
90.000000,1.000000,5.000000,61,scarcity_peak,hindsight,4.614649,-0.000000,5.000000,5.000000
90.000000,1.000000,5.000000,62,negative_midday,idle,0.000000,3.059510,5.000000,5.000000
90.000000,1.000000,5.000000,62,negative_midday,clock,0.109318,2.950192,5.000000,5.000000
90.000000,1.000000,5.000000,62,negative_midday,forecast,0.109318,2.950192,5.000000,5.000000
90.000000,1.000000,5.000000,62,negative_midday,hindsight,3.059510,0.000000,5.000000,5.000000
90.000000,1.000000,5.000000,63,flat_missed_event,idle,0.000000,4.323699,5.000000,5.000000
90.000000,1.000000,5.000000,63,flat_missed_event,clock,0.556297,3.767402,5.000000,5.000000
90.000000,1.000000,5.000000,63,flat_missed_event,forecast,0.000000,4.323699,5.000000,5.000000
90.000000,1.000000,5.000000,63,flat_missed_event,hindsight,4.323699,0.000000,5.000000,5.000000
90.000000,1.000000,5.000000,64,evening_peak,idle,0.000000,2.687692,5.000000,5.000000
90.000000,1.000000,5.000000,64,evening_peak,clock,0.587448,2.100245,5.000000,5.000000
90.000000,1.000000,5.000000,64,evening_peak,forecast,0.587448,2.100245,5.000000,5.000000
90.000000,1.000000,5.000000,64,evening_peak,hindsight,2.687692,0.000000,5.000000,5.000000
90.000000,1.000000,5.000000,65,scarcity_peak,idle,0.000000,5.066072,5.000000,5.000000
90.000000,1.000000,5.000000,65,scarcity_peak,clock,1.459389,3.606683,5.000000,5.000000
90.000000,1.000000,5.000000,65,scarcity_peak,forecast,1.459389,3.606683,5.000000,5.000000
90.000000,1.000000,5.000000,65,scarcity_peak,hindsight,5.066072,-0.000000,5.000000,5.000000
90.000000,1.000000,5.000000,66,negative_midday,idle,0.000000,3.783316,5.000000,5.000000
90.000000,1.000000,5.000000,66,negative_midday,clock,1.763580,2.019736,5.000000,5.000000
90.000000,1.000000,5.000000,66,negative_midday,forecast,1.763580,2.019736,5.000000,5.000000
90.000000,1.000000,5.000000,66,negative_midday,hindsight,3.783316,0.000000,5.000000,5.000000
90.000000,1.000000,5.000000,67,flat_missed_event,idle,0.000000,4.011551,5.000000,5.000000
90.000000,1.000000,5.000000,67,flat_missed_event,clock,1.716969,2.294582,5.000000,5.000000
90.000000,1.000000,5.000000,67,flat_missed_event,forecast,0.000000,4.011551,5.000000,5.000000
90.000000,1.000000,5.000000,67,flat_missed_event,hindsight,4.011551,0.000000,5.000000,5.000000
90.000000,1.000000,5.000000,68,evening_peak,idle,0.000000,3.049925,5.000000,5.000000
90.000000,1.000000,5.000000,68,evening_peak,clock,0.095934,2.953992,5.000000,5.000000
90.000000,1.000000,5.000000,68,evening_peak,forecast,0.095934,2.953992,5.000000,5.000000
90.000000,1.000000,5.000000,68,evening_peak,hindsight,3.049925,0.000000,5.000000,5.000000
90.000000,1.000000,5.000000,69,scarcity_peak,idle,0.000000,3.810869,5.000000,5.000000
90.000000,1.000000,5.000000,69,scarcity_peak,clock,-1.693250,5.504119,5.000000,5.000000
90.000000,1.000000,5.000000,69,scarcity_peak,forecast,-1.693250,5.504119,5.000000,5.000000
90.000000,1.000000,5.000000,69,scarcity_peak,hindsight,3.810869,0.000000,5.000000,5.000000
90.000000,1.000000,5.000000,70,negative_midday,idle,0.000000,2.333465,5.000000,5.000000
90.000000,1.000000,5.000000,70,negative_midday,clock,-0.937962,3.271427,5.000000,5.000000
90.000000,1.000000,5.000000,70,negative_midday,forecast,-0.937962,3.271427,5.000000,5.000000
90.000000,1.000000,5.000000,70,negative_midday,hindsight,2.333465,0.000000,5.000000,5.000000
90.000000,1.000000,5.000000,71,flat_missed_event,idle,0.000000,4.122391,5.000000,5.000000
90.000000,1.000000,5.000000,71,flat_missed_event,clock,0.121994,4.000396,5.000000,5.000000
90.000000,1.000000,5.000000,71,flat_missed_event,forecast,0.000000,4.122391,5.000000,5.000000
90.000000,1.000000,5.000000,71,flat_missed_event,hindsight,4.122391,0.000000,5.000000,5.000000
90.000000,1.000000,5.000000,72,evening_peak,idle,0.000000,2.647362,5.000000,5.000000
90.000000,1.000000,5.000000,72,evening_peak,clock,0.501904,2.145459,5.000000,5.000000
90.000000,1.000000,5.000000,72,evening_peak,forecast,0.501904,2.145459,5.000000,5.000000
90.000000,1.000000,5.000000,72,evening_peak,hindsight,2.647362,0.000000,5.000000,5.000000
90.000000,1.000000,5.000000,73,scarcity_peak,idle,0.000000,4.470782,5.000000,5.000000
90.000000,1.000000,5.000000,73,scarcity_peak,clock,0.797837,3.672945,5.000000,5.000000
90.000000,1.000000,5.000000,73,scarcity_peak,forecast,0.797837,3.672945,5.000000,5.000000
90.000000,1.000000,5.000000,73,scarcity_peak,hindsight,4.470782,0.000000,5.000000,5.000000
90.000000,1.000000,5.000000,74,negative_midday,idle,0.000000,2.903292,5.000000,5.000000
90.000000,1.000000,5.000000,74,negative_midday,clock,1.038804,1.864487,5.000000,5.000000
90.000000,1.000000,5.000000,74,negative_midday,forecast,1.038804,1.864487,5.000000,5.000000
90.000000,1.000000,5.000000,74,negative_midday,hindsight,2.903292,0.000000,5.000000,5.000000
90.000000,1.000000,5.000000,75,flat_missed_event,idle,0.000000,4.298295,5.000000,5.000000
90.000000,1.000000,5.000000,75,flat_missed_event,clock,-0.043251,4.341546,5.000000,5.000000
90.000000,1.000000,5.000000,75,flat_missed_event,forecast,0.000000,4.298295,5.000000,5.000000
90.000000,1.000000,5.000000,75,flat_missed_event,hindsight,4.298295,0.000000,5.000000,5.000000
90.000000,1.000000,5.000000,76,evening_peak,idle,0.000000,3.718117,5.000000,5.000000
90.000000,1.000000,5.000000,76,evening_peak,clock,0.584115,3.134002,5.000000,5.000000
90.000000,1.000000,5.000000,76,evening_peak,forecast,0.584115,3.134002,5.000000,5.000000
90.000000,1.000000,5.000000,76,evening_peak,hindsight,3.718117,-0.000000,5.000000,5.000000
90.000000,1.000000,5.000000,77,scarcity_peak,idle,0.000000,4.932517,5.000000,5.000000
90.000000,1.000000,5.000000,77,scarcity_peak,clock,0.333963,4.598554,5.000000,5.000000
90.000000,1.000000,5.000000,77,scarcity_peak,forecast,0.333963,4.598554,5.000000,5.000000
90.000000,1.000000,5.000000,77,scarcity_peak,hindsight,4.932517,0.000000,5.000000,5.000000
90.000000,1.000000,5.000000,78,negative_midday,idle,0.000000,4.012396,5.000000,5.000000
90.000000,1.000000,5.000000,78,negative_midday,clock,0.920240,3.092157,5.000000,5.000000
90.000000,1.000000,5.000000,78,negative_midday,forecast,0.920240,3.092157,5.000000,5.000000
90.000000,1.000000,5.000000,78,negative_midday,hindsight,4.012396,0.000000,5.000000,5.000000
90.000000,1.000000,5.000000,79,flat_missed_event,idle,0.000000,3.146081,5.000000,5.000000
90.000000,1.000000,5.000000,79,flat_missed_event,clock,-1.956833,5.102915,5.000000,5.000000
90.000000,1.000000,5.000000,79,flat_missed_event,forecast,0.000000,3.146081,5.000000,5.000000
90.000000,1.000000,5.000000,79,flat_missed_event,hindsight,3.146081,0.000000,5.000000,5.000000
90.000000,1.000000,5.000000,80,evening_peak,idle,0.000000,2.667300,5.000000,5.000000
90.000000,1.000000,5.000000,80,evening_peak,clock,-0.014143,2.681443,5.000000,5.000000
90.000000,1.000000,5.000000,80,evening_peak,forecast,-0.014143,2.681443,5.000000,5.000000
90.000000,1.000000,5.000000,80,evening_peak,hindsight,2.667300,0.000000,5.000000,5.000000
90.000000,1.000000,5.000000,81,scarcity_peak,idle,0.000000,3.875318,5.000000,5.000000
90.000000,1.000000,5.000000,81,scarcity_peak,clock,0.536300,3.339017,5.000000,5.000000
90.000000,1.000000,5.000000,81,scarcity_peak,forecast,0.536300,3.339017,5.000000,5.000000
90.000000,1.000000,5.000000,81,scarcity_peak,hindsight,3.875318,0.000000,5.000000,5.000000
90.000000,1.000000,5.000000,82,negative_midday,idle,0.000000,3.248929,5.000000,5.000000
90.000000,1.000000,5.000000,82,negative_midday,clock,1.189923,2.059006,5.000000,5.000000
90.000000,1.000000,5.000000,82,negative_midday,forecast,1.189923,2.059006,5.000000,5.000000
90.000000,1.000000,5.000000,82,negative_midday,hindsight,3.248929,0.000000,5.000000,5.000000
90.000000,1.000000,5.000000,83,flat_missed_event,idle,0.000000,4.002053,5.000000,5.000000
90.000000,1.000000,5.000000,83,flat_missed_event,clock,0.440362,3.561691,5.000000,5.000000
90.000000,1.000000,5.000000,83,flat_missed_event,forecast,0.000000,4.002053,5.000000,5.000000
90.000000,1.000000,5.000000,83,flat_missed_event,hindsight,4.002053,-0.000000,5.000000,5.000000
90.000000,1.000000,5.000000,84,evening_peak,idle,0.000000,2.508527,5.000000,5.000000
90.000000,1.000000,5.000000,84,evening_peak,clock,-0.410618,2.919145,5.000000,5.000000
90.000000,1.000000,5.000000,84,evening_peak,forecast,-0.410618,2.919145,5.000000,5.000000
90.000000,1.000000,5.000000,84,evening_peak,hindsight,2.508527,0.000000,5.000000,5.000000
90.000000,1.000000,5.000000,85,scarcity_peak,idle,0.000000,4.707262,5.000000,5.000000
90.000000,1.000000,5.000000,85,scarcity_peak,clock,1.641639,3.065623,5.000000,5.000000
90.000000,1.000000,5.000000,85,scarcity_peak,forecast,1.641639,3.065623,5.000000,5.000000
90.000000,1.000000,5.000000,85,scarcity_peak,hindsight,4.707262,0.000000,5.000000,5.000000
90.000000,1.000000,5.000000,86,negative_midday,idle,0.000000,3.169479,5.000000,5.000000
90.000000,1.000000,5.000000,86,negative_midday,clock,0.831994,2.337485,5.000000,5.000000
90.000000,1.000000,5.000000,86,negative_midday,forecast,0.831994,2.337485,5.000000,5.000000
90.000000,1.000000,5.000000,86,negative_midday,hindsight,3.169479,0.000000,5.000000,5.000000
90.000000,1.000000,5.000000,87,flat_missed_event,idle,0.000000,4.503981,5.000000,5.000000
90.000000,1.000000,5.000000,87,flat_missed_event,clock,-0.865623,5.369603,5.000000,5.000000
90.000000,1.000000,5.000000,87,flat_missed_event,forecast,0.000000,4.503981,5.000000,5.000000
90.000000,1.000000,5.000000,87,flat_missed_event,hindsight,4.503981,0.000000,5.000000,5.000000
90.000000,1.000000,5.000000,88,evening_peak,idle,0.000000,3.246875,5.000000,5.000000
90.000000,1.000000,5.000000,88,evening_peak,clock,-0.200877,3.447752,5.000000,5.000000
90.000000,1.000000,5.000000,88,evening_peak,forecast,-0.200877,3.447752,5.000000,5.000000
90.000000,1.000000,5.000000,88,evening_peak,hindsight,3.246875,0.000000,5.000000,5.000000
90.000000,1.000000,5.000000,89,scarcity_peak,idle,0.000000,4.527243,5.000000,5.000000
90.000000,1.000000,5.000000,89,scarcity_peak,clock,0.163398,4.363846,5.000000,5.000000
90.000000,1.000000,5.000000,89,scarcity_peak,forecast,0.163398,4.363846,5.000000,5.000000
90.000000,1.000000,5.000000,89,scarcity_peak,hindsight,4.527243,0.000000,5.000000,5.000000
90.000000,1.000000,5.000000,90,negative_midday,idle,0.000000,4.216389,5.000000,5.000000
90.000000,1.000000,5.000000,90,negative_midday,clock,1.088097,3.128292,5.000000,5.000000
90.000000,1.000000,5.000000,90,negative_midday,forecast,1.088097,3.128292,5.000000,5.000000
90.000000,1.000000,5.000000,90,negative_midday,hindsight,4.216389,-0.000000,5.000000,5.000000
90.000000,1.000000,5.000000,91,flat_missed_event,idle,0.000000,3.242505,5.000000,5.000000
90.000000,1.000000,5.000000,91,flat_missed_event,clock,0.110670,3.131836,5.000000,5.000000
90.000000,1.000000,5.000000,91,flat_missed_event,forecast,0.000000,3.242505,5.000000,5.000000
90.000000,1.000000,5.000000,91,flat_missed_event,hindsight,3.242505,0.000000,5.000000,5.000000
90.000000,1.000000,5.000000,92,evening_peak,idle,0.000000,2.697796,5.000000,5.000000
90.000000,1.000000,5.000000,92,evening_peak,clock,-0.541975,3.239771,5.000000,5.000000
90.000000,1.000000,5.000000,92,evening_peak,forecast,-0.541975,3.239771,5.000000,5.000000
90.000000,1.000000,5.000000,92,evening_peak,hindsight,2.697796,0.000000,5.000000,5.000000
90.000000,1.000000,5.000000,93,scarcity_peak,idle,0.000000,3.946381,5.000000,5.000000
90.000000,1.000000,5.000000,93,scarcity_peak,clock,1.089636,2.856746,5.000000,5.000000
90.000000,1.000000,5.000000,93,scarcity_peak,forecast,1.089636,2.856746,5.000000,5.000000
90.000000,1.000000,5.000000,93,scarcity_peak,hindsight,3.946381,0.000000,5.000000,5.000000
90.000000,1.000000,5.000000,94,negative_midday,idle,0.000000,2.783694,5.000000,5.000000
90.000000,1.000000,5.000000,94,negative_midday,clock,1.494825,1.288868,5.000000,5.000000
90.000000,1.000000,5.000000,94,negative_midday,forecast,1.494825,1.288868,5.000000,5.000000
90.000000,1.000000,5.000000,94,negative_midday,hindsight,2.783694,0.000000,5.000000,5.000000
90.000000,1.000000,5.000000,95,flat_missed_event,idle,0.000000,4.062690,5.000000,5.000000
90.000000,1.000000,5.000000,95,flat_missed_event,clock,1.752478,2.310213,5.000000,5.000000
90.000000,1.000000,5.000000,95,flat_missed_event,forecast,0.000000,4.062690,5.000000,5.000000
90.000000,1.000000,5.000000,95,flat_missed_event,hindsight,4.062690,0.000000,5.000000,5.000000
90.000000,1.000000,5.000000,96,evening_peak,idle,0.000000,3.106622,5.000000,5.000000
90.000000,1.000000,5.000000,96,evening_peak,clock,-0.771540,3.878163,5.000000,5.000000
90.000000,1.000000,5.000000,96,evening_peak,forecast,-0.771540,3.878163,5.000000,5.000000
90.000000,1.000000,5.000000,96,evening_peak,hindsight,3.106622,-0.000000,5.000000,5.000000
90.000000,1.000000,5.000000,97,scarcity_peak,idle,0.000000,4.760942,5.000000,5.000000
90.000000,1.000000,5.000000,97,scarcity_peak,clock,-0.512571,5.273513,5.000000,5.000000
90.000000,1.000000,5.000000,97,scarcity_peak,forecast,-0.512571,5.273513,5.000000,5.000000
90.000000,1.000000,5.000000,97,scarcity_peak,hindsight,4.760942,0.000000,5.000000,5.000000
90.000000,1.000000,5.000000,98,negative_midday,idle,0.000000,3.097632,5.000000,5.000000
90.000000,1.000000,5.000000,98,negative_midday,clock,0.182425,2.915207,5.000000,5.000000
90.000000,1.000000,5.000000,98,negative_midday,forecast,0.182425,2.915207,5.000000,5.000000
90.000000,1.000000,5.000000,98,negative_midday,hindsight,3.097632,-0.000000,5.000000,5.000000
90.000000,1.000000,5.000000,99,flat_missed_event,idle,0.000000,3.838655,5.000000,5.000000
90.000000,1.000000,5.000000,99,flat_missed_event,clock,-0.040107,3.878762,5.000000,5.000000
90.000000,1.000000,5.000000,99,flat_missed_event,forecast,0.000000,3.838655,5.000000,5.000000
90.000000,1.000000,5.000000,99,flat_missed_event,hindsight,3.838655,0.000000,5.000000,5.000000
90.000000,1.000000,5.000000,100,evening_peak,idle,0.000000,2.839902,5.000000,5.000000
90.000000,1.000000,5.000000,100,evening_peak,clock,0.828145,2.011757,5.000000,5.000000
90.000000,1.000000,5.000000,100,evening_peak,forecast,0.828145,2.011757,5.000000,5.000000
90.000000,1.000000,5.000000,100,evening_peak,hindsight,2.839902,-0.000000,5.000000,5.000000
90.000000,1.000000,5.000000,101,scarcity_peak,idle,0.000000,3.942754,5.000000,5.000000
90.000000,1.000000,5.000000,101,scarcity_peak,clock,1.057343,2.885411,5.000000,5.000000
90.000000,1.000000,5.000000,101,scarcity_peak,forecast,1.057343,2.885411,5.000000,5.000000
90.000000,1.000000,5.000000,101,scarcity_peak,hindsight,3.942754,0.000000,5.000000,5.000000
90.000000,1.000000,5.000000,102,negative_midday,idle,0.000000,3.309385,5.000000,5.000000
90.000000,1.000000,5.000000,102,negative_midday,clock,0.083486,3.225899,5.000000,5.000000
90.000000,1.000000,5.000000,102,negative_midday,forecast,0.083486,3.225899,5.000000,5.000000
90.000000,1.000000,5.000000,102,negative_midday,hindsight,3.309385,0.000000,5.000000,5.000000
90.000000,1.000000,5.000000,103,flat_missed_event,idle,0.000000,4.060215,5.000000,5.000000
90.000000,1.000000,5.000000,103,flat_missed_event,clock,0.902499,3.157716,5.000000,5.000000
90.000000,1.000000,5.000000,103,flat_missed_event,forecast,0.000000,4.060215,5.000000,5.000000
90.000000,1.000000,5.000000,103,flat_missed_event,hindsight,4.060215,-0.000000,5.000000,5.000000
90.000000,1.000000,5.000000,104,evening_peak,idle,0.000000,3.033916,5.000000,5.000000
90.000000,1.000000,5.000000,104,evening_peak,clock,-0.576545,3.610461,5.000000,5.000000
90.000000,1.000000,5.000000,104,evening_peak,forecast,-0.576545,3.610461,5.000000,5.000000
90.000000,1.000000,5.000000,104,evening_peak,hindsight,3.033916,0.000000,5.000000,5.000000
90.000000,1.000000,5.000000,105,scarcity_peak,idle,0.000000,3.977622,5.000000,5.000000
90.000000,1.000000,5.000000,105,scarcity_peak,clock,0.407159,3.570463,5.000000,5.000000
90.000000,1.000000,5.000000,105,scarcity_peak,forecast,0.407159,3.570463,5.000000,5.000000
90.000000,1.000000,5.000000,105,scarcity_peak,hindsight,3.977622,-0.000000,5.000000,5.000000
90.000000,1.000000,5.000000,106,negative_midday,idle,0.000000,2.300639,5.000000,5.000000
90.000000,1.000000,5.000000,106,negative_midday,clock,0.035699,2.264940,5.000000,5.000000
90.000000,1.000000,5.000000,106,negative_midday,forecast,0.035699,2.264940,5.000000,5.000000
90.000000,1.000000,5.000000,106,negative_midday,hindsight,2.300639,0.000000,5.000000,5.000000
90.000000,1.000000,5.000000,107,flat_missed_event,idle,0.000000,4.141169,5.000000,5.000000
90.000000,1.000000,5.000000,107,flat_missed_event,clock,0.087352,4.053817,5.000000,5.000000
90.000000,1.000000,5.000000,107,flat_missed_event,forecast,0.000000,4.141169,5.000000,5.000000
90.000000,1.000000,5.000000,107,flat_missed_event,hindsight,4.141169,0.000000,5.000000,5.000000
90.000000,1.000000,5.000000,108,evening_peak,idle,0.000000,3.349333,5.000000,5.000000
90.000000,1.000000,5.000000,108,evening_peak,clock,1.122318,2.227015,5.000000,5.000000
90.000000,1.000000,5.000000,108,evening_peak,forecast,1.122318,2.227015,5.000000,5.000000
90.000000,1.000000,5.000000,108,evening_peak,hindsight,3.349333,0.000000,5.000000,5.000000
90.000000,1.000000,5.000000,109,scarcity_peak,idle,0.000000,4.857613,5.000000,5.000000
90.000000,1.000000,5.000000,109,scarcity_peak,clock,-0.063048,4.920661,5.000000,5.000000
90.000000,1.000000,5.000000,109,scarcity_peak,forecast,-0.063048,4.920661,5.000000,5.000000
90.000000,1.000000,5.000000,109,scarcity_peak,hindsight,4.857613,0.000000,5.000000,5.000000
90.000000,1.000000,5.000000,110,negative_midday,idle,0.000000,3.089745,5.000000,5.000000
90.000000,1.000000,5.000000,110,negative_midday,clock,-0.346761,3.436506,5.000000,5.000000
90.000000,1.000000,5.000000,110,negative_midday,forecast,-0.346761,3.436506,5.000000,5.000000
90.000000,1.000000,5.000000,110,negative_midday,hindsight,3.089745,0.000000,5.000000,5.000000
90.000000,1.000000,5.000000,111,flat_missed_event,idle,0.000000,3.790141,5.000000,5.000000
90.000000,1.000000,5.000000,111,flat_missed_event,clock,0.612868,3.177273,5.000000,5.000000
90.000000,1.000000,5.000000,111,flat_missed_event,forecast,0.000000,3.790141,5.000000,5.000000
90.000000,1.000000,5.000000,111,flat_missed_event,hindsight,3.790141,0.000000,5.000000,5.000000
90.000000,1.000000,5.000000,112,evening_peak,idle,0.000000,2.944632,5.000000,5.000000
90.000000,1.000000,5.000000,112,evening_peak,clock,0.798620,2.146012,5.000000,5.000000
90.000000,1.000000,5.000000,112,evening_peak,forecast,0.798620,2.146012,5.000000,5.000000
90.000000,1.000000,5.000000,112,evening_peak,hindsight,2.944632,-0.000000,5.000000,5.000000
90.000000,1.000000,5.000000,113,scarcity_peak,idle,0.000000,4.176075,5.000000,5.000000
90.000000,1.000000,5.000000,113,scarcity_peak,clock,0.158200,4.017876,5.000000,5.000000
90.000000,1.000000,5.000000,113,scarcity_peak,forecast,0.158200,4.017876,5.000000,5.000000
90.000000,1.000000,5.000000,113,scarcity_peak,hindsight,4.176075,-0.000000,5.000000,5.000000
90.000000,1.000000,5.000000,114,negative_midday,idle,0.000000,2.668828,5.000000,5.000000
90.000000,1.000000,5.000000,114,negative_midday,clock,-0.823938,3.492767,5.000000,5.000000
90.000000,1.000000,5.000000,114,negative_midday,forecast,-0.823938,3.492767,5.000000,5.000000
90.000000,1.000000,5.000000,114,negative_midday,hindsight,2.668828,0.000000,5.000000,5.000000
90.000000,1.000000,5.000000,115,flat_missed_event,idle,0.000000,3.482774,5.000000,5.000000
90.000000,1.000000,5.000000,115,flat_missed_event,clock,-0.449547,3.932322,5.000000,5.000000
90.000000,1.000000,5.000000,115,flat_missed_event,forecast,0.000000,3.482774,5.000000,5.000000
90.000000,1.000000,5.000000,115,flat_missed_event,hindsight,3.482774,0.000000,5.000000,5.000000
90.000000,1.000000,5.000000,116,evening_peak,idle,0.000000,3.035426,5.000000,5.000000
90.000000,1.000000,5.000000,116,evening_peak,clock,0.491405,2.544020,5.000000,5.000000
90.000000,1.000000,5.000000,116,evening_peak,forecast,0.491405,2.544020,5.000000,5.000000
90.000000,1.000000,5.000000,116,evening_peak,hindsight,3.035426,0.000000,5.000000,5.000000
90.000000,1.000000,5.000000,117,scarcity_peak,idle,0.000000,4.008701,5.000000,5.000000
90.000000,1.000000,5.000000,117,scarcity_peak,clock,0.434658,3.574043,5.000000,5.000000
90.000000,1.000000,5.000000,117,scarcity_peak,forecast,0.434658,3.574043,5.000000,5.000000
90.000000,1.000000,5.000000,117,scarcity_peak,hindsight,4.008701,0.000000,5.000000,5.000000
90.000000,1.000000,5.000000,118,negative_midday,idle,0.000000,3.255817,5.000000,5.000000
90.000000,1.000000,5.000000,118,negative_midday,clock,1.476140,1.779677,5.000000,5.000000
90.000000,1.000000,5.000000,118,negative_midday,forecast,1.476140,1.779677,5.000000,5.000000
90.000000,1.000000,5.000000,118,negative_midday,hindsight,3.255817,0.000000,5.000000,5.000000
90.000000,1.000000,5.000000,119,flat_missed_event,idle,0.000000,4.747383,5.000000,5.000000
90.000000,1.000000,5.000000,119,flat_missed_event,clock,-0.624126,5.371509,5.000000,5.000000
90.000000,1.000000,5.000000,119,flat_missed_event,forecast,0.000000,4.747383,5.000000,5.000000
90.000000,1.000000,5.000000,119,flat_missed_event,hindsight,4.747383,0.000000,5.000000,5.000000
90.000000,1.000000,10.000000,0,evening_peak,idle,0.000000,2.197057,10.000000,10.000000
90.000000,1.000000,10.000000,0,evening_peak,clock,0.440182,1.756876,10.000000,10.000000
90.000000,1.000000,10.000000,0,evening_peak,forecast,0.440182,1.756876,10.000000,10.000000
90.000000,1.000000,10.000000,0,evening_peak,hindsight,2.197057,0.000000,10.000000,10.000000
90.000000,1.000000,10.000000,1,scarcity_peak,idle,0.000000,3.604365,10.000000,10.000000
90.000000,1.000000,10.000000,1,scarcity_peak,clock,0.975568,2.628798,10.000000,10.000000
90.000000,1.000000,10.000000,1,scarcity_peak,forecast,0.975568,2.628798,10.000000,10.000000
90.000000,1.000000,10.000000,1,scarcity_peak,hindsight,3.604365,-0.000000,10.000000,10.000000
90.000000,1.000000,10.000000,2,negative_midday,idle,0.000000,2.832590,10.000000,10.000000
90.000000,1.000000,10.000000,2,negative_midday,clock,-0.626252,3.458842,10.000000,10.000000
90.000000,1.000000,10.000000,2,negative_midday,forecast,-0.474552,3.307142,10.000000,10.000000
90.000000,1.000000,10.000000,2,negative_midday,hindsight,2.832590,0.000000,10.000000,10.000000
90.000000,1.000000,10.000000,3,flat_missed_event,idle,0.000000,3.858734,10.000000,10.000000
90.000000,1.000000,10.000000,3,flat_missed_event,clock,-1.389779,5.248513,10.000000,10.000000
90.000000,1.000000,10.000000,3,flat_missed_event,forecast,0.000000,3.858734,10.000000,10.000000
90.000000,1.000000,10.000000,3,flat_missed_event,hindsight,3.858734,-0.000000,10.000000,10.000000
90.000000,1.000000,10.000000,4,evening_peak,idle,0.000000,1.963305,10.000000,10.000000
90.000000,1.000000,10.000000,4,evening_peak,clock,-0.834010,2.797315,10.000000,10.000000
90.000000,1.000000,10.000000,4,evening_peak,forecast,-0.834010,2.797315,10.000000,10.000000
90.000000,1.000000,10.000000,4,evening_peak,hindsight,1.963305,0.000000,10.000000,10.000000
90.000000,1.000000,10.000000,5,scarcity_peak,idle,0.000000,3.669286,10.000000,10.000000
90.000000,1.000000,10.000000,5,scarcity_peak,clock,0.333793,3.335493,10.000000,10.000000
90.000000,1.000000,10.000000,5,scarcity_peak,forecast,0.333793,3.335493,10.000000,10.000000
90.000000,1.000000,10.000000,5,scarcity_peak,hindsight,3.669286,0.000000,10.000000,10.000000
90.000000,1.000000,10.000000,6,negative_midday,idle,0.000000,2.822334,10.000000,10.000000
90.000000,1.000000,10.000000,6,negative_midday,clock,0.158910,2.663424,10.000000,10.000000
90.000000,1.000000,10.000000,6,negative_midday,forecast,0.495634,2.326700,10.000000,10.000000
90.000000,1.000000,10.000000,6,negative_midday,hindsight,2.822334,0.000000,10.000000,10.000000
90.000000,1.000000,10.000000,7,flat_missed_event,idle,0.000000,3.544670,10.000000,10.000000
90.000000,1.000000,10.000000,7,flat_missed_event,clock,0.747634,2.797036,10.000000,10.000000
90.000000,1.000000,10.000000,7,flat_missed_event,forecast,0.000000,3.544670,10.000000,10.000000
90.000000,1.000000,10.000000,7,flat_missed_event,hindsight,3.544670,0.000000,10.000000,10.000000
90.000000,1.000000,10.000000,8,evening_peak,idle,0.000000,2.868074,10.000000,10.000000
90.000000,1.000000,10.000000,8,evening_peak,clock,-0.281071,3.149144,10.000000,10.000000
90.000000,1.000000,10.000000,8,evening_peak,forecast,-0.281071,3.149144,10.000000,10.000000
90.000000,1.000000,10.000000,8,evening_peak,hindsight,2.868074,0.000000,10.000000,10.000000
90.000000,1.000000,10.000000,9,scarcity_peak,idle,0.000000,3.387159,10.000000,10.000000
90.000000,1.000000,10.000000,9,scarcity_peak,clock,0.403989,2.983170,10.000000,10.000000
90.000000,1.000000,10.000000,9,scarcity_peak,forecast,0.403989,2.983170,10.000000,10.000000
90.000000,1.000000,10.000000,9,scarcity_peak,hindsight,3.387159,0.000000,10.000000,10.000000
90.000000,1.000000,10.000000,10,negative_midday,idle,0.000000,2.004120,10.000000,10.000000
90.000000,1.000000,10.000000,10,negative_midday,clock,1.251193,0.752927,10.000000,10.000000
90.000000,1.000000,10.000000,10,negative_midday,forecast,0.680171,1.323949,10.000000,10.000000
90.000000,1.000000,10.000000,10,negative_midday,hindsight,2.004120,0.000000,10.000000,10.000000
90.000000,1.000000,10.000000,11,flat_missed_event,idle,0.000000,3.110977,10.000000,10.000000
90.000000,1.000000,10.000000,11,flat_missed_event,clock,0.410196,2.700781,10.000000,10.000000
90.000000,1.000000,10.000000,11,flat_missed_event,forecast,0.000000,3.110977,10.000000,10.000000
90.000000,1.000000,10.000000,11,flat_missed_event,hindsight,3.110977,0.000000,10.000000,10.000000
90.000000,1.000000,10.000000,12,evening_peak,idle,0.000000,3.175229,10.000000,10.000000
90.000000,1.000000,10.000000,12,evening_peak,clock,1.186702,1.988527,10.000000,10.000000
90.000000,1.000000,10.000000,12,evening_peak,forecast,1.186702,1.988527,10.000000,10.000000
90.000000,1.000000,10.000000,12,evening_peak,hindsight,3.175229,0.000000,10.000000,10.000000
90.000000,1.000000,10.000000,13,scarcity_peak,idle,0.000000,3.630025,10.000000,10.000000
90.000000,1.000000,10.000000,13,scarcity_peak,clock,-1.125667,4.755692,10.000000,10.000000
90.000000,1.000000,10.000000,13,scarcity_peak,forecast,-1.125667,4.755692,10.000000,10.000000
90.000000,1.000000,10.000000,13,scarcity_peak,hindsight,3.630025,0.000000,10.000000,10.000000
90.000000,1.000000,10.000000,14,negative_midday,idle,0.000000,3.126518,10.000000,10.000000
90.000000,1.000000,10.000000,14,negative_midday,clock,-0.204468,3.330986,10.000000,10.000000
90.000000,1.000000,10.000000,14,negative_midday,forecast,0.170731,2.955787,10.000000,10.000000
90.000000,1.000000,10.000000,14,negative_midday,hindsight,3.126518,0.000000,10.000000,10.000000
90.000000,1.000000,10.000000,15,flat_missed_event,idle,0.000000,3.819456,10.000000,10.000000
90.000000,1.000000,10.000000,15,flat_missed_event,clock,0.603477,3.215978,10.000000,10.000000
90.000000,1.000000,10.000000,15,flat_missed_event,forecast,0.000000,3.819456,10.000000,10.000000
90.000000,1.000000,10.000000,15,flat_missed_event,hindsight,3.819456,-0.000000,10.000000,10.000000
90.000000,1.000000,10.000000,16,evening_peak,idle,0.000000,2.452305,10.000000,10.000000
90.000000,1.000000,10.000000,16,evening_peak,clock,-0.697357,3.149662,10.000000,10.000000
90.000000,1.000000,10.000000,16,evening_peak,forecast,-0.697357,3.149662,10.000000,10.000000
90.000000,1.000000,10.000000,16,evening_peak,hindsight,2.452305,0.000000,10.000000,10.000000
90.000000,1.000000,10.000000,17,scarcity_peak,idle,0.000000,4.430477,10.000000,10.000000
90.000000,1.000000,10.000000,17,scarcity_peak,clock,0.091889,4.338588,10.000000,10.000000
90.000000,1.000000,10.000000,17,scarcity_peak,forecast,0.091889,4.338588,10.000000,10.000000
90.000000,1.000000,10.000000,17,scarcity_peak,hindsight,4.430477,0.000000,10.000000,10.000000
90.000000,1.000000,10.000000,18,negative_midday,idle,0.000000,2.138167,10.000000,10.000000
90.000000,1.000000,10.000000,18,negative_midday,clock,0.224178,1.913989,10.000000,10.000000
90.000000,1.000000,10.000000,18,negative_midday,forecast,-0.238381,2.376548,10.000000,10.000000
90.000000,1.000000,10.000000,18,negative_midday,hindsight,2.138167,0.000000,10.000000,10.000000
90.000000,1.000000,10.000000,19,flat_missed_event,idle,0.000000,3.678299,10.000000,10.000000
90.000000,1.000000,10.000000,19,flat_missed_event,clock,0.414426,3.263872,10.000000,10.000000
90.000000,1.000000,10.000000,19,flat_missed_event,forecast,0.000000,3.678299,10.000000,10.000000
90.000000,1.000000,10.000000,19,flat_missed_event,hindsight,3.678299,0.000000,10.000000,10.000000
90.000000,1.000000,10.000000,20,evening_peak,idle,0.000000,2.377381,10.000000,10.000000
90.000000,1.000000,10.000000,20,evening_peak,clock,0.235209,2.142172,10.000000,10.000000
90.000000,1.000000,10.000000,20,evening_peak,forecast,0.235209,2.142172,10.000000,10.000000
90.000000,1.000000,10.000000,20,evening_peak,hindsight,2.377381,0.000000,10.000000,10.000000
90.000000,1.000000,10.000000,21,scarcity_peak,idle,0.000000,3.821699,10.000000,10.000000
90.000000,1.000000,10.000000,21,scarcity_peak,clock,0.251279,3.570420,10.000000,10.000000
90.000000,1.000000,10.000000,21,scarcity_peak,forecast,0.251279,3.570420,10.000000,10.000000
90.000000,1.000000,10.000000,21,scarcity_peak,hindsight,3.821699,0.000000,10.000000,10.000000
90.000000,1.000000,10.000000,22,negative_midday,idle,0.000000,2.530612,10.000000,10.000000
90.000000,1.000000,10.000000,22,negative_midday,clock,-0.875927,3.406539,10.000000,10.000000
90.000000,1.000000,10.000000,22,negative_midday,forecast,-0.393130,2.923742,10.000000,10.000000
90.000000,1.000000,10.000000,22,negative_midday,hindsight,2.530612,0.000000,10.000000,10.000000
90.000000,1.000000,10.000000,23,flat_missed_event,idle,0.000000,3.287196,10.000000,10.000000
90.000000,1.000000,10.000000,23,flat_missed_event,clock,-0.811974,4.099171,10.000000,10.000000
90.000000,1.000000,10.000000,23,flat_missed_event,forecast,0.000000,3.287196,10.000000,10.000000
90.000000,1.000000,10.000000,23,flat_missed_event,hindsight,3.287196,0.000000,10.000000,10.000000
90.000000,1.000000,10.000000,24,evening_peak,idle,0.000000,2.182448,10.000000,10.000000
90.000000,1.000000,10.000000,24,evening_peak,clock,1.019969,1.162478,10.000000,10.000000
90.000000,1.000000,10.000000,24,evening_peak,forecast,1.019969,1.162478,10.000000,10.000000
90.000000,1.000000,10.000000,24,evening_peak,hindsight,2.182448,-0.000000,10.000000,10.000000
90.000000,1.000000,10.000000,25,scarcity_peak,idle,0.000000,3.594288,10.000000,10.000000
90.000000,1.000000,10.000000,25,scarcity_peak,clock,0.477415,3.116873,10.000000,10.000000
90.000000,1.000000,10.000000,25,scarcity_peak,forecast,0.477415,3.116873,10.000000,10.000000
90.000000,1.000000,10.000000,25,scarcity_peak,hindsight,3.594288,0.000000,10.000000,10.000000
90.000000,1.000000,10.000000,26,negative_midday,idle,0.000000,2.367701,10.000000,10.000000
90.000000,1.000000,10.000000,26,negative_midday,clock,-1.350217,3.717918,10.000000,10.000000
90.000000,1.000000,10.000000,26,negative_midday,forecast,-1.199050,3.566751,10.000000,10.000000
90.000000,1.000000,10.000000,26,negative_midday,hindsight,2.367701,0.000000,10.000000,10.000000
90.000000,1.000000,10.000000,27,flat_missed_event,idle,0.000000,2.886394,10.000000,10.000000
90.000000,1.000000,10.000000,27,flat_missed_event,clock,-0.710375,3.596769,10.000000,10.000000
90.000000,1.000000,10.000000,27,flat_missed_event,forecast,0.000000,2.886394,10.000000,10.000000
90.000000,1.000000,10.000000,27,flat_missed_event,hindsight,2.886394,0.000000,10.000000,10.000000
90.000000,1.000000,10.000000,28,evening_peak,idle,0.000000,2.243464,10.000000,10.000000
90.000000,1.000000,10.000000,28,evening_peak,clock,0.456302,1.787162,10.000000,10.000000
90.000000,1.000000,10.000000,28,evening_peak,forecast,0.456302,1.787162,10.000000,10.000000
90.000000,1.000000,10.000000,28,evening_peak,hindsight,2.243464,-0.000000,10.000000,10.000000
90.000000,1.000000,10.000000,29,scarcity_peak,idle,0.000000,4.353841,10.000000,10.000000
90.000000,1.000000,10.000000,29,scarcity_peak,clock,-0.777139,5.130980,10.000000,10.000000
90.000000,1.000000,10.000000,29,scarcity_peak,forecast,-0.777139,5.130980,10.000000,10.000000
90.000000,1.000000,10.000000,29,scarcity_peak,hindsight,4.353841,0.000000,10.000000,10.000000
90.000000,1.000000,10.000000,30,negative_midday,idle,0.000000,2.306906,10.000000,10.000000
90.000000,1.000000,10.000000,30,negative_midday,clock,0.116217,2.190689,10.000000,10.000000
90.000000,1.000000,10.000000,30,negative_midday,forecast,0.649505,1.657401,10.000000,10.000000
90.000000,1.000000,10.000000,30,negative_midday,hindsight,2.306906,0.000000,10.000000,10.000000
90.000000,1.000000,10.000000,31,flat_missed_event,idle,0.000000,3.353505,10.000000,10.000000
90.000000,1.000000,10.000000,31,flat_missed_event,clock,-0.689510,4.043015,10.000000,10.000000
90.000000,1.000000,10.000000,31,flat_missed_event,forecast,0.000000,3.353505,10.000000,10.000000
90.000000,1.000000,10.000000,31,flat_missed_event,hindsight,3.353505,0.000000,10.000000,10.000000
90.000000,1.000000,10.000000,32,evening_peak,idle,0.000000,2.323057,10.000000,10.000000
90.000000,1.000000,10.000000,32,evening_peak,clock,0.323531,1.999526,10.000000,10.000000
90.000000,1.000000,10.000000,32,evening_peak,forecast,0.323531,1.999526,10.000000,10.000000
90.000000,1.000000,10.000000,32,evening_peak,hindsight,2.323057,0.000000,10.000000,10.000000
90.000000,1.000000,10.000000,33,scarcity_peak,idle,0.000000,3.503829,10.000000,10.000000
90.000000,1.000000,10.000000,33,scarcity_peak,clock,0.181820,3.322009,10.000000,10.000000
90.000000,1.000000,10.000000,33,scarcity_peak,forecast,0.181820,3.322009,10.000000,10.000000
90.000000,1.000000,10.000000,33,scarcity_peak,hindsight,3.503829,0.000000,10.000000,10.000000
90.000000,1.000000,10.000000,34,negative_midday,idle,0.000000,3.468882,10.000000,10.000000
90.000000,1.000000,10.000000,34,negative_midday,clock,0.357649,3.111233,10.000000,10.000000
90.000000,1.000000,10.000000,34,negative_midday,forecast,0.504601,2.964281,10.000000,10.000000
90.000000,1.000000,10.000000,34,negative_midday,hindsight,3.468882,0.000000,10.000000,10.000000
90.000000,1.000000,10.000000,35,flat_missed_event,idle,0.000000,3.460920,10.000000,10.000000
90.000000,1.000000,10.000000,35,flat_missed_event,clock,-0.840919,4.301840,10.000000,10.000000
90.000000,1.000000,10.000000,35,flat_missed_event,forecast,0.000000,3.460920,10.000000,10.000000
90.000000,1.000000,10.000000,35,flat_missed_event,hindsight,3.460920,-0.000000,10.000000,10.000000
90.000000,1.000000,10.000000,36,evening_peak,idle,0.000000,1.725046,10.000000,10.000000
90.000000,1.000000,10.000000,36,evening_peak,clock,0.413055,1.311991,10.000000,10.000000
90.000000,1.000000,10.000000,36,evening_peak,forecast,0.413055,1.311991,10.000000,10.000000
90.000000,1.000000,10.000000,36,evening_peak,hindsight,1.725046,0.000000,10.000000,10.000000
90.000000,1.000000,10.000000,37,scarcity_peak,idle,0.000000,4.011922,10.000000,10.000000
90.000000,1.000000,10.000000,37,scarcity_peak,clock,1.078741,2.933181,10.000000,10.000000
90.000000,1.000000,10.000000,37,scarcity_peak,forecast,1.078741,2.933181,10.000000,10.000000
90.000000,1.000000,10.000000,37,scarcity_peak,hindsight,4.011922,0.000000,10.000000,10.000000
90.000000,1.000000,10.000000,38,negative_midday,idle,0.000000,2.280404,10.000000,10.000000
90.000000,1.000000,10.000000,38,negative_midday,clock,-0.011413,2.291817,10.000000,10.000000
90.000000,1.000000,10.000000,38,negative_midday,forecast,0.124142,2.156262,10.000000,10.000000
90.000000,1.000000,10.000000,38,negative_midday,hindsight,2.280404,0.000000,10.000000,10.000000
90.000000,1.000000,10.000000,39,flat_missed_event,idle,0.000000,3.799162,10.000000,10.000000
90.000000,1.000000,10.000000,39,flat_missed_event,clock,0.544037,3.255125,10.000000,10.000000
90.000000,1.000000,10.000000,39,flat_missed_event,forecast,0.000000,3.799162,10.000000,10.000000
90.000000,1.000000,10.000000,39,flat_missed_event,hindsight,3.799162,0.000000,10.000000,10.000000
90.000000,1.000000,10.000000,40,evening_peak,idle,0.000000,2.425157,10.000000,10.000000
90.000000,1.000000,10.000000,40,evening_peak,clock,1.154852,1.270306,10.000000,10.000000
90.000000,1.000000,10.000000,40,evening_peak,forecast,1.154852,1.270306,10.000000,10.000000
90.000000,1.000000,10.000000,40,evening_peak,hindsight,2.425157,0.000000,10.000000,10.000000
90.000000,1.000000,10.000000,41,scarcity_peak,idle,0.000000,3.846649,10.000000,10.000000
90.000000,1.000000,10.000000,41,scarcity_peak,clock,-0.670409,4.517058,10.000000,10.000000
90.000000,1.000000,10.000000,41,scarcity_peak,forecast,-0.670409,4.517058,10.000000,10.000000
90.000000,1.000000,10.000000,41,scarcity_peak,hindsight,3.846649,-0.000000,10.000000,10.000000
90.000000,1.000000,10.000000,42,negative_midday,idle,0.000000,2.433853,10.000000,10.000000
90.000000,1.000000,10.000000,42,negative_midday,clock,-0.028742,2.462594,10.000000,10.000000
90.000000,1.000000,10.000000,42,negative_midday,forecast,-0.632668,3.066520,10.000000,10.000000
90.000000,1.000000,10.000000,42,negative_midday,hindsight,2.433853,0.000000,10.000000,10.000000
90.000000,1.000000,10.000000,43,flat_missed_event,idle,0.000000,3.192456,10.000000,10.000000
90.000000,1.000000,10.000000,43,flat_missed_event,clock,-0.460537,3.652993,10.000000,10.000000
90.000000,1.000000,10.000000,43,flat_missed_event,forecast,0.000000,3.192456,10.000000,10.000000
90.000000,1.000000,10.000000,43,flat_missed_event,hindsight,3.192456,0.000000,10.000000,10.000000
90.000000,1.000000,10.000000,44,evening_peak,idle,0.000000,2.407718,10.000000,10.000000
90.000000,1.000000,10.000000,44,evening_peak,clock,0.370205,2.037513,10.000000,10.000000
90.000000,1.000000,10.000000,44,evening_peak,forecast,0.370205,2.037513,10.000000,10.000000
90.000000,1.000000,10.000000,44,evening_peak,hindsight,2.407718,0.000000,10.000000,10.000000
90.000000,1.000000,10.000000,45,scarcity_peak,idle,0.000000,4.470909,10.000000,10.000000
90.000000,1.000000,10.000000,45,scarcity_peak,clock,-0.165524,4.636433,10.000000,10.000000
90.000000,1.000000,10.000000,45,scarcity_peak,forecast,-0.165524,4.636433,10.000000,10.000000
90.000000,1.000000,10.000000,45,scarcity_peak,hindsight,4.470909,0.000000,10.000000,10.000000
90.000000,1.000000,10.000000,46,negative_midday,idle,0.000000,3.396028,10.000000,10.000000
90.000000,1.000000,10.000000,46,negative_midday,clock,0.391826,3.004202,10.000000,10.000000
90.000000,1.000000,10.000000,46,negative_midday,forecast,0.929741,2.466287,10.000000,10.000000
90.000000,1.000000,10.000000,46,negative_midday,hindsight,3.396028,-0.000000,10.000000,10.000000
90.000000,1.000000,10.000000,47,flat_missed_event,idle,0.000000,2.983250,10.000000,10.000000
90.000000,1.000000,10.000000,47,flat_missed_event,clock,-0.115076,3.098326,10.000000,10.000000
90.000000,1.000000,10.000000,47,flat_missed_event,forecast,0.000000,2.983250,10.000000,10.000000
90.000000,1.000000,10.000000,47,flat_missed_event,hindsight,2.983250,0.000000,10.000000,10.000000
90.000000,1.000000,10.000000,48,evening_peak,idle,0.000000,2.308786,10.000000,10.000000
90.000000,1.000000,10.000000,48,evening_peak,clock,0.395272,1.913514,10.000000,10.000000
90.000000,1.000000,10.000000,48,evening_peak,forecast,0.395272,1.913514,10.000000,10.000000
90.000000,1.000000,10.000000,48,evening_peak,hindsight,2.308786,0.000000,10.000000,10.000000
90.000000,1.000000,10.000000,49,scarcity_peak,idle,0.000000,3.609378,10.000000,10.000000
90.000000,1.000000,10.000000,49,scarcity_peak,clock,0.596823,3.012555,10.000000,10.000000
90.000000,1.000000,10.000000,49,scarcity_peak,forecast,0.596823,3.012555,10.000000,10.000000
90.000000,1.000000,10.000000,49,scarcity_peak,hindsight,3.609378,0.000000,10.000000,10.000000
90.000000,1.000000,10.000000,50,negative_midday,idle,0.000000,2.654422,10.000000,10.000000
90.000000,1.000000,10.000000,50,negative_midday,clock,0.031481,2.622941,10.000000,10.000000
90.000000,1.000000,10.000000,50,negative_midday,forecast,-0.294633,2.949055,10.000000,10.000000
90.000000,1.000000,10.000000,50,negative_midday,hindsight,2.654422,0.000000,10.000000,10.000000
90.000000,1.000000,10.000000,51,flat_missed_event,idle,0.000000,3.125878,10.000000,10.000000
90.000000,1.000000,10.000000,51,flat_missed_event,clock,-0.320485,3.446364,10.000000,10.000000
90.000000,1.000000,10.000000,51,flat_missed_event,forecast,0.000000,3.125878,10.000000,10.000000
90.000000,1.000000,10.000000,51,flat_missed_event,hindsight,3.125878,0.000000,10.000000,10.000000
90.000000,1.000000,10.000000,52,evening_peak,idle,0.000000,2.609318,10.000000,10.000000
90.000000,1.000000,10.000000,52,evening_peak,clock,-0.744417,3.353736,10.000000,10.000000
90.000000,1.000000,10.000000,52,evening_peak,forecast,-0.744417,3.353736,10.000000,10.000000
90.000000,1.000000,10.000000,52,evening_peak,hindsight,2.609318,0.000000,10.000000,10.000000
90.000000,1.000000,10.000000,53,scarcity_peak,idle,0.000000,3.134055,10.000000,10.000000
90.000000,1.000000,10.000000,53,scarcity_peak,clock,-1.587107,4.721162,10.000000,10.000000
90.000000,1.000000,10.000000,53,scarcity_peak,forecast,-1.587107,4.721162,10.000000,10.000000
90.000000,1.000000,10.000000,53,scarcity_peak,hindsight,3.134055,0.000000,10.000000,10.000000
90.000000,1.000000,10.000000,54,negative_midday,idle,0.000000,3.308277,10.000000,10.000000
90.000000,1.000000,10.000000,54,negative_midday,clock,-0.113672,3.421948,10.000000,10.000000
90.000000,1.000000,10.000000,54,negative_midday,forecast,0.195239,3.113037,10.000000,10.000000
90.000000,1.000000,10.000000,54,negative_midday,hindsight,3.308277,0.000000,10.000000,10.000000
90.000000,1.000000,10.000000,55,flat_missed_event,idle,0.000000,3.775930,10.000000,10.000000
90.000000,1.000000,10.000000,55,flat_missed_event,clock,0.075006,3.700924,10.000000,10.000000
90.000000,1.000000,10.000000,55,flat_missed_event,forecast,0.000000,3.775930,10.000000,10.000000
90.000000,1.000000,10.000000,55,flat_missed_event,hindsight,3.775930,0.000000,10.000000,10.000000
90.000000,1.000000,10.000000,56,evening_peak,idle,0.000000,2.436692,10.000000,10.000000
90.000000,1.000000,10.000000,56,evening_peak,clock,0.168857,2.267835,10.000000,10.000000
90.000000,1.000000,10.000000,56,evening_peak,forecast,0.168857,2.267835,10.000000,10.000000
90.000000,1.000000,10.000000,56,evening_peak,hindsight,2.436692,0.000000,10.000000,10.000000
90.000000,1.000000,10.000000,57,scarcity_peak,idle,0.000000,4.107774,10.000000,10.000000
90.000000,1.000000,10.000000,57,scarcity_peak,clock,-0.181259,4.289033,10.000000,10.000000
90.000000,1.000000,10.000000,57,scarcity_peak,forecast,-0.181259,4.289033,10.000000,10.000000
90.000000,1.000000,10.000000,57,scarcity_peak,hindsight,4.107774,0.000000,10.000000,10.000000
90.000000,1.000000,10.000000,58,negative_midday,idle,0.000000,3.785035,10.000000,10.000000
90.000000,1.000000,10.000000,58,negative_midday,clock,1.267303,2.517732,10.000000,10.000000
90.000000,1.000000,10.000000,58,negative_midday,forecast,1.610622,2.174413,10.000000,10.000000
90.000000,1.000000,10.000000,58,negative_midday,hindsight,3.785035,0.000000,10.000000,10.000000
90.000000,1.000000,10.000000,59,flat_missed_event,idle,0.000000,3.912879,10.000000,10.000000
90.000000,1.000000,10.000000,59,flat_missed_event,clock,0.023164,3.889716,10.000000,10.000000
90.000000,1.000000,10.000000,59,flat_missed_event,forecast,0.000000,3.912879,10.000000,10.000000
90.000000,1.000000,10.000000,59,flat_missed_event,hindsight,3.912879,0.000000,10.000000,10.000000
90.000000,1.000000,10.000000,60,evening_peak,idle,0.000000,1.893835,10.000000,10.000000
90.000000,1.000000,10.000000,60,evening_peak,clock,-0.721038,2.614873,10.000000,10.000000
90.000000,1.000000,10.000000,60,evening_peak,forecast,-0.721038,2.614873,10.000000,10.000000
90.000000,1.000000,10.000000,60,evening_peak,hindsight,1.893835,0.000000,10.000000,10.000000
90.000000,1.000000,10.000000,61,scarcity_peak,idle,0.000000,4.177714,10.000000,10.000000
90.000000,1.000000,10.000000,61,scarcity_peak,clock,-0.802243,4.979957,10.000000,10.000000
90.000000,1.000000,10.000000,61,scarcity_peak,forecast,-0.802243,4.979957,10.000000,10.000000
90.000000,1.000000,10.000000,61,scarcity_peak,hindsight,4.177714,-0.000000,10.000000,10.000000
90.000000,1.000000,10.000000,62,negative_midday,idle,0.000000,2.734864,10.000000,10.000000
90.000000,1.000000,10.000000,62,negative_midday,clock,-0.305826,3.040690,10.000000,10.000000
90.000000,1.000000,10.000000,62,negative_midday,forecast,-0.171294,2.906157,10.000000,10.000000
90.000000,1.000000,10.000000,62,negative_midday,hindsight,2.734864,0.000000,10.000000,10.000000
90.000000,1.000000,10.000000,63,flat_missed_event,idle,0.000000,3.758434,10.000000,10.000000
90.000000,1.000000,10.000000,63,flat_missed_event,clock,1.069401,2.689033,10.000000,10.000000
90.000000,1.000000,10.000000,63,flat_missed_event,forecast,0.000000,3.758434,10.000000,10.000000
90.000000,1.000000,10.000000,63,flat_missed_event,hindsight,3.758434,0.000000,10.000000,10.000000
90.000000,1.000000,10.000000,64,evening_peak,idle,0.000000,2.267104,10.000000,10.000000
90.000000,1.000000,10.000000,64,evening_peak,clock,0.187144,2.079959,10.000000,10.000000
90.000000,1.000000,10.000000,64,evening_peak,forecast,0.187144,2.079959,10.000000,10.000000
90.000000,1.000000,10.000000,64,evening_peak,hindsight,2.267104,0.000000,10.000000,10.000000
90.000000,1.000000,10.000000,65,scarcity_peak,idle,0.000000,4.549370,10.000000,10.000000
90.000000,1.000000,10.000000,65,scarcity_peak,clock,0.345919,4.203452,10.000000,10.000000
90.000000,1.000000,10.000000,65,scarcity_peak,forecast,0.345919,4.203452,10.000000,10.000000
90.000000,1.000000,10.000000,65,scarcity_peak,hindsight,4.549370,0.000000,10.000000,10.000000
90.000000,1.000000,10.000000,66,negative_midday,idle,0.000000,3.043768,10.000000,10.000000
90.000000,1.000000,10.000000,66,negative_midday,clock,1.259165,1.784603,10.000000,10.000000
90.000000,1.000000,10.000000,66,negative_midday,forecast,1.487743,1.556025,10.000000,10.000000
90.000000,1.000000,10.000000,66,negative_midday,hindsight,3.043768,0.000000,10.000000,10.000000
90.000000,1.000000,10.000000,67,flat_missed_event,idle,0.000000,3.476679,10.000000,10.000000
90.000000,1.000000,10.000000,67,flat_missed_event,clock,1.144961,2.331718,10.000000,10.000000
90.000000,1.000000,10.000000,67,flat_missed_event,forecast,0.000000,3.476679,10.000000,10.000000
90.000000,1.000000,10.000000,67,flat_missed_event,hindsight,3.476679,0.000000,10.000000,10.000000
90.000000,1.000000,10.000000,68,evening_peak,idle,0.000000,2.612995,10.000000,10.000000
90.000000,1.000000,10.000000,68,evening_peak,clock,0.072064,2.540930,10.000000,10.000000
90.000000,1.000000,10.000000,68,evening_peak,forecast,0.072064,2.540930,10.000000,10.000000
90.000000,1.000000,10.000000,68,evening_peak,hindsight,2.612995,0.000000,10.000000,10.000000
90.000000,1.000000,10.000000,69,scarcity_peak,idle,0.000000,3.389144,10.000000,10.000000
90.000000,1.000000,10.000000,69,scarcity_peak,clock,-1.783342,5.172486,10.000000,10.000000
90.000000,1.000000,10.000000,69,scarcity_peak,forecast,-1.783342,5.172486,10.000000,10.000000
90.000000,1.000000,10.000000,69,scarcity_peak,hindsight,3.389144,-0.000000,10.000000,10.000000
90.000000,1.000000,10.000000,70,negative_midday,idle,0.000000,1.914593,10.000000,10.000000
90.000000,1.000000,10.000000,70,negative_midday,clock,-0.924077,2.838670,10.000000,10.000000
90.000000,1.000000,10.000000,70,negative_midday,forecast,-0.681135,2.595727,10.000000,10.000000
90.000000,1.000000,10.000000,70,negative_midday,hindsight,1.914593,-0.000000,10.000000,10.000000
90.000000,1.000000,10.000000,71,flat_missed_event,idle,0.000000,3.834817,10.000000,10.000000
90.000000,1.000000,10.000000,71,flat_missed_event,clock,-0.034892,3.869709,10.000000,10.000000
90.000000,1.000000,10.000000,71,flat_missed_event,forecast,0.000000,3.834817,10.000000,10.000000
90.000000,1.000000,10.000000,71,flat_missed_event,hindsight,3.834817,-0.000000,10.000000,10.000000
90.000000,1.000000,10.000000,72,evening_peak,idle,0.000000,2.148530,10.000000,10.000000
90.000000,1.000000,10.000000,72,evening_peak,clock,0.092474,2.056056,10.000000,10.000000
90.000000,1.000000,10.000000,72,evening_peak,forecast,0.092474,2.056056,10.000000,10.000000
90.000000,1.000000,10.000000,72,evening_peak,hindsight,2.148530,0.000000,10.000000,10.000000
90.000000,1.000000,10.000000,73,scarcity_peak,idle,0.000000,3.944901,10.000000,10.000000
90.000000,1.000000,10.000000,73,scarcity_peak,clock,0.322103,3.622798,10.000000,10.000000
90.000000,1.000000,10.000000,73,scarcity_peak,forecast,0.322103,3.622798,10.000000,10.000000
90.000000,1.000000,10.000000,73,scarcity_peak,hindsight,3.944901,0.000000,10.000000,10.000000
90.000000,1.000000,10.000000,74,negative_midday,idle,0.000000,2.427742,10.000000,10.000000
90.000000,1.000000,10.000000,74,negative_midday,clock,0.207337,2.220404,10.000000,10.000000
90.000000,1.000000,10.000000,74,negative_midday,forecast,0.537477,1.890265,10.000000,10.000000
90.000000,1.000000,10.000000,74,negative_midday,hindsight,2.427742,0.000000,10.000000,10.000000
90.000000,1.000000,10.000000,75,flat_missed_event,idle,0.000000,3.987396,10.000000,10.000000
90.000000,1.000000,10.000000,75,flat_missed_event,clock,0.402095,3.585301,10.000000,10.000000
90.000000,1.000000,10.000000,75,flat_missed_event,forecast,0.000000,3.987396,10.000000,10.000000
90.000000,1.000000,10.000000,75,flat_missed_event,hindsight,3.987396,-0.000000,10.000000,10.000000
90.000000,1.000000,10.000000,76,evening_peak,idle,0.000000,3.081952,10.000000,10.000000
90.000000,1.000000,10.000000,76,evening_peak,clock,0.651363,2.430589,10.000000,10.000000
90.000000,1.000000,10.000000,76,evening_peak,forecast,0.651363,2.430589,10.000000,10.000000
90.000000,1.000000,10.000000,76,evening_peak,hindsight,3.081952,-0.000000,10.000000,10.000000
90.000000,1.000000,10.000000,77,scarcity_peak,idle,0.000000,4.252290,10.000000,10.000000
90.000000,1.000000,10.000000,77,scarcity_peak,clock,-0.101814,4.354103,10.000000,10.000000
90.000000,1.000000,10.000000,77,scarcity_peak,forecast,-0.101814,4.354103,10.000000,10.000000
90.000000,1.000000,10.000000,77,scarcity_peak,hindsight,4.252290,0.000000,10.000000,10.000000
90.000000,1.000000,10.000000,78,negative_midday,idle,0.000000,3.234852,10.000000,10.000000
90.000000,1.000000,10.000000,78,negative_midday,clock,-0.110459,3.345311,10.000000,10.000000
90.000000,1.000000,10.000000,78,negative_midday,forecast,0.612477,2.622375,10.000000,10.000000
90.000000,1.000000,10.000000,78,negative_midday,hindsight,3.234852,-0.000000,10.000000,10.000000
90.000000,1.000000,10.000000,79,flat_missed_event,idle,0.000000,2.964841,10.000000,10.000000
90.000000,1.000000,10.000000,79,flat_missed_event,clock,-1.179866,4.144707,10.000000,10.000000
90.000000,1.000000,10.000000,79,flat_missed_event,forecast,0.000000,2.964841,10.000000,10.000000
90.000000,1.000000,10.000000,79,flat_missed_event,hindsight,2.964841,0.000000,10.000000,10.000000
90.000000,1.000000,10.000000,80,evening_peak,idle,0.000000,2.259877,10.000000,10.000000
90.000000,1.000000,10.000000,80,evening_peak,clock,-0.164784,2.424661,10.000000,10.000000
90.000000,1.000000,10.000000,80,evening_peak,forecast,-0.164784,2.424661,10.000000,10.000000
90.000000,1.000000,10.000000,80,evening_peak,hindsight,2.259877,-0.000000,10.000000,10.000000
90.000000,1.000000,10.000000,81,scarcity_peak,idle,0.000000,3.461172,10.000000,10.000000
90.000000,1.000000,10.000000,81,scarcity_peak,clock,0.122154,3.339017,10.000000,10.000000
90.000000,1.000000,10.000000,81,scarcity_peak,forecast,0.122154,3.339017,10.000000,10.000000
90.000000,1.000000,10.000000,81,scarcity_peak,hindsight,3.461172,0.000000,10.000000,10.000000
90.000000,1.000000,10.000000,82,negative_midday,idle,0.000000,2.840512,10.000000,10.000000
90.000000,1.000000,10.000000,82,negative_midday,clock,0.618381,2.222132,10.000000,10.000000
90.000000,1.000000,10.000000,82,negative_midday,forecast,0.563348,2.277164,10.000000,10.000000
90.000000,1.000000,10.000000,82,negative_midday,hindsight,2.840512,0.000000,10.000000,10.000000
90.000000,1.000000,10.000000,83,flat_missed_event,idle,0.000000,3.485356,10.000000,10.000000
90.000000,1.000000,10.000000,83,flat_missed_event,clock,0.015169,3.470187,10.000000,10.000000
90.000000,1.000000,10.000000,83,flat_missed_event,forecast,0.000000,3.485356,10.000000,10.000000
90.000000,1.000000,10.000000,83,flat_missed_event,hindsight,3.485356,0.000000,10.000000,10.000000
90.000000,1.000000,10.000000,84,evening_peak,idle,0.000000,2.144608,10.000000,10.000000
90.000000,1.000000,10.000000,84,evening_peak,clock,-0.059098,2.203706,10.000000,10.000000
90.000000,1.000000,10.000000,84,evening_peak,forecast,-0.059098,2.203706,10.000000,10.000000
90.000000,1.000000,10.000000,84,evening_peak,hindsight,2.144608,0.000000,10.000000,10.000000
90.000000,1.000000,10.000000,85,scarcity_peak,idle,0.000000,4.073416,10.000000,10.000000
90.000000,1.000000,10.000000,85,scarcity_peak,clock,1.268416,2.805000,10.000000,10.000000
90.000000,1.000000,10.000000,85,scarcity_peak,forecast,1.268416,2.805000,10.000000,10.000000
90.000000,1.000000,10.000000,85,scarcity_peak,hindsight,4.073416,0.000000,10.000000,10.000000
90.000000,1.000000,10.000000,86,negative_midday,idle,0.000000,2.670141,10.000000,10.000000
90.000000,1.000000,10.000000,86,negative_midday,clock,0.397733,2.272407,10.000000,10.000000
90.000000,1.000000,10.000000,86,negative_midday,forecast,0.385978,2.284162,10.000000,10.000000
90.000000,1.000000,10.000000,86,negative_midday,hindsight,2.670141,0.000000,10.000000,10.000000
90.000000,1.000000,10.000000,87,flat_missed_event,idle,0.000000,3.827747,10.000000,10.000000
90.000000,1.000000,10.000000,87,flat_missed_event,clock,-0.814697,4.642444,10.000000,10.000000
90.000000,1.000000,10.000000,87,flat_missed_event,forecast,0.000000,3.827747,10.000000,10.000000
90.000000,1.000000,10.000000,87,flat_missed_event,hindsight,3.827747,0.000000,10.000000,10.000000
90.000000,1.000000,10.000000,88,evening_peak,idle,0.000000,2.697396,10.000000,10.000000
90.000000,1.000000,10.000000,88,evening_peak,clock,-1.021238,3.718634,10.000000,10.000000
90.000000,1.000000,10.000000,88,evening_peak,forecast,-1.021238,3.718634,10.000000,10.000000
90.000000,1.000000,10.000000,88,evening_peak,hindsight,2.697396,0.000000,10.000000,10.000000
90.000000,1.000000,10.000000,89,scarcity_peak,idle,0.000000,4.106588,10.000000,10.000000
90.000000,1.000000,10.000000,89,scarcity_peak,clock,-0.611992,4.718579,10.000000,10.000000
90.000000,1.000000,10.000000,89,scarcity_peak,forecast,-0.611992,4.718579,10.000000,10.000000
90.000000,1.000000,10.000000,89,scarcity_peak,hindsight,4.106588,0.000000,10.000000,10.000000
90.000000,1.000000,10.000000,90,negative_midday,idle,0.000000,3.419607,10.000000,10.000000
90.000000,1.000000,10.000000,90,negative_midday,clock,0.718974,2.700633,10.000000,10.000000
90.000000,1.000000,10.000000,90,negative_midday,forecast,0.660077,2.759529,10.000000,10.000000
90.000000,1.000000,10.000000,90,negative_midday,hindsight,3.419607,-0.000000,10.000000,10.000000
90.000000,1.000000,10.000000,91,flat_missed_event,idle,0.000000,2.872108,10.000000,10.000000
90.000000,1.000000,10.000000,91,flat_missed_event,clock,0.015924,2.856183,10.000000,10.000000
90.000000,1.000000,10.000000,91,flat_missed_event,forecast,0.000000,2.872108,10.000000,10.000000
90.000000,1.000000,10.000000,91,flat_missed_event,hindsight,2.872108,0.000000,10.000000,10.000000
90.000000,1.000000,10.000000,92,evening_peak,idle,0.000000,2.156613,10.000000,10.000000
90.000000,1.000000,10.000000,92,evening_peak,clock,-0.538516,2.695130,10.000000,10.000000
90.000000,1.000000,10.000000,92,evening_peak,forecast,-0.538516,2.695130,10.000000,10.000000
90.000000,1.000000,10.000000,92,evening_peak,hindsight,2.156613,0.000000,10.000000,10.000000
90.000000,1.000000,10.000000,93,scarcity_peak,idle,0.000000,3.412448,10.000000,10.000000
90.000000,1.000000,10.000000,93,scarcity_peak,clock,1.029193,2.383254,10.000000,10.000000
90.000000,1.000000,10.000000,93,scarcity_peak,forecast,1.029193,2.383254,10.000000,10.000000
90.000000,1.000000,10.000000,93,scarcity_peak,hindsight,3.412448,0.000000,10.000000,10.000000
90.000000,1.000000,10.000000,94,negative_midday,idle,0.000000,2.225602,10.000000,10.000000
90.000000,1.000000,10.000000,94,negative_midday,clock,0.728966,1.496636,10.000000,10.000000
90.000000,1.000000,10.000000,94,negative_midday,forecast,0.823504,1.402098,10.000000,10.000000
90.000000,1.000000,10.000000,94,negative_midday,hindsight,2.225602,0.000000,10.000000,10.000000
90.000000,1.000000,10.000000,95,flat_missed_event,idle,0.000000,3.467020,10.000000,10.000000
90.000000,1.000000,10.000000,95,flat_missed_event,clock,1.246389,2.220631,10.000000,10.000000
90.000000,1.000000,10.000000,95,flat_missed_event,forecast,0.000000,3.467020,10.000000,10.000000
90.000000,1.000000,10.000000,95,flat_missed_event,hindsight,3.467020,0.000000,10.000000,10.000000
90.000000,1.000000,10.000000,96,evening_peak,idle,0.000000,2.785653,10.000000,10.000000
90.000000,1.000000,10.000000,96,evening_peak,clock,-1.543941,4.329594,10.000000,10.000000
90.000000,1.000000,10.000000,96,evening_peak,forecast,-1.543941,4.329594,10.000000,10.000000
90.000000,1.000000,10.000000,96,evening_peak,hindsight,2.785653,0.000000,10.000000,10.000000
90.000000,1.000000,10.000000,97,scarcity_peak,idle,0.000000,4.469892,10.000000,10.000000
90.000000,1.000000,10.000000,97,scarcity_peak,clock,-0.563872,5.033764,10.000000,10.000000
90.000000,1.000000,10.000000,97,scarcity_peak,forecast,-0.563872,5.033764,10.000000,10.000000
90.000000,1.000000,10.000000,97,scarcity_peak,hindsight,4.469892,0.000000,10.000000,10.000000
90.000000,1.000000,10.000000,98,negative_midday,idle,0.000000,2.586491,10.000000,10.000000
90.000000,1.000000,10.000000,98,negative_midday,clock,-0.125399,2.711891,10.000000,10.000000
90.000000,1.000000,10.000000,98,negative_midday,forecast,-0.358626,2.945118,10.000000,10.000000
90.000000,1.000000,10.000000,98,negative_midday,hindsight,2.586491,0.000000,10.000000,10.000000
90.000000,1.000000,10.000000,99,flat_missed_event,idle,0.000000,3.543470,10.000000,10.000000
90.000000,1.000000,10.000000,99,flat_missed_event,clock,0.008888,3.534583,10.000000,10.000000
90.000000,1.000000,10.000000,99,flat_missed_event,forecast,0.000000,3.543470,10.000000,10.000000
90.000000,1.000000,10.000000,99,flat_missed_event,hindsight,3.543470,0.000000,10.000000,10.000000
90.000000,1.000000,10.000000,100,evening_peak,idle,0.000000,2.381467,10.000000,10.000000
90.000000,1.000000,10.000000,100,evening_peak,clock,0.513531,1.867935,10.000000,10.000000
90.000000,1.000000,10.000000,100,evening_peak,forecast,0.513531,1.867935,10.000000,10.000000
90.000000,1.000000,10.000000,100,evening_peak,hindsight,2.381467,0.000000,10.000000,10.000000
90.000000,1.000000,10.000000,101,scarcity_peak,idle,0.000000,3.391085,10.000000,10.000000
90.000000,1.000000,10.000000,101,scarcity_peak,clock,0.708275,2.682810,10.000000,10.000000
90.000000,1.000000,10.000000,101,scarcity_peak,forecast,0.708275,2.682810,10.000000,10.000000
90.000000,1.000000,10.000000,101,scarcity_peak,hindsight,3.391085,-0.000000,10.000000,10.000000
90.000000,1.000000,10.000000,102,negative_midday,idle,0.000000,2.705443,10.000000,10.000000
90.000000,1.000000,10.000000,102,negative_midday,clock,-0.522905,3.228348,10.000000,10.000000
90.000000,1.000000,10.000000,102,negative_midday,forecast,0.240356,2.465087,10.000000,10.000000
90.000000,1.000000,10.000000,102,negative_midday,hindsight,2.705443,0.000000,10.000000,10.000000
90.000000,1.000000,10.000000,103,flat_missed_event,idle,0.000000,3.503497,10.000000,10.000000
90.000000,1.000000,10.000000,103,flat_missed_event,clock,0.542295,2.961202,10.000000,10.000000
90.000000,1.000000,10.000000,103,flat_missed_event,forecast,0.000000,3.503497,10.000000,10.000000
90.000000,1.000000,10.000000,103,flat_missed_event,hindsight,3.503497,0.000000,10.000000,10.000000
90.000000,1.000000,10.000000,104,evening_peak,idle,0.000000,2.392649,10.000000,10.000000
90.000000,1.000000,10.000000,104,evening_peak,clock,-1.062987,3.455636,10.000000,10.000000
90.000000,1.000000,10.000000,104,evening_peak,forecast,-1.062987,3.455636,10.000000,10.000000
90.000000,1.000000,10.000000,104,evening_peak,hindsight,2.392649,0.000000,10.000000,10.000000
90.000000,1.000000,10.000000,105,scarcity_peak,idle,0.000000,3.580066,10.000000,10.000000
90.000000,1.000000,10.000000,105,scarcity_peak,clock,0.437015,3.143051,10.000000,10.000000
90.000000,1.000000,10.000000,105,scarcity_peak,forecast,0.437015,3.143051,10.000000,10.000000
90.000000,1.000000,10.000000,105,scarcity_peak,hindsight,3.580066,-0.000000,10.000000,10.000000
90.000000,1.000000,10.000000,106,negative_midday,idle,0.000000,1.906378,10.000000,10.000000
90.000000,1.000000,10.000000,106,negative_midday,clock,-0.069182,1.975560,10.000000,10.000000
90.000000,1.000000,10.000000,106,negative_midday,forecast,-0.307056,2.213434,10.000000,10.000000
90.000000,1.000000,10.000000,106,negative_midday,hindsight,1.906378,0.000000,10.000000,10.000000
90.000000,1.000000,10.000000,107,flat_missed_event,idle,0.000000,3.644800,10.000000,10.000000
90.000000,1.000000,10.000000,107,flat_missed_event,clock,0.129764,3.515036,10.000000,10.000000
90.000000,1.000000,10.000000,107,flat_missed_event,forecast,0.000000,3.644800,10.000000,10.000000
90.000000,1.000000,10.000000,107,flat_missed_event,hindsight,3.644800,0.000000,10.000000,10.000000
90.000000,1.000000,10.000000,108,evening_peak,idle,0.000000,2.715915,10.000000,10.000000
90.000000,1.000000,10.000000,108,evening_peak,clock,0.587217,2.128698,10.000000,10.000000
90.000000,1.000000,10.000000,108,evening_peak,forecast,0.587217,2.128698,10.000000,10.000000
90.000000,1.000000,10.000000,108,evening_peak,hindsight,2.715915,0.000000,10.000000,10.000000
90.000000,1.000000,10.000000,109,scarcity_peak,idle,0.000000,4.387995,10.000000,10.000000
90.000000,1.000000,10.000000,109,scarcity_peak,clock,-0.431596,4.819592,10.000000,10.000000
90.000000,1.000000,10.000000,109,scarcity_peak,forecast,-0.431596,4.819592,10.000000,10.000000
90.000000,1.000000,10.000000,109,scarcity_peak,hindsight,4.387995,0.000000,10.000000,10.000000
90.000000,1.000000,10.000000,110,negative_midday,idle,0.000000,2.600598,10.000000,10.000000
90.000000,1.000000,10.000000,110,negative_midday,clock,-0.877783,3.478381,10.000000,10.000000
90.000000,1.000000,10.000000,110,negative_midday,forecast,-0.216476,2.817074,10.000000,10.000000
90.000000,1.000000,10.000000,110,negative_midday,hindsight,2.600598,0.000000,10.000000,10.000000
90.000000,1.000000,10.000000,111,flat_missed_event,idle,0.000000,3.203145,10.000000,10.000000
90.000000,1.000000,10.000000,111,flat_missed_event,clock,-0.191626,3.394771,10.000000,10.000000
90.000000,1.000000,10.000000,111,flat_missed_event,forecast,0.000000,3.203145,10.000000,10.000000
90.000000,1.000000,10.000000,111,flat_missed_event,hindsight,3.203145,0.000000,10.000000,10.000000
90.000000,1.000000,10.000000,112,evening_peak,idle,0.000000,2.380808,10.000000,10.000000
90.000000,1.000000,10.000000,112,evening_peak,clock,0.416721,1.964087,10.000000,10.000000
90.000000,1.000000,10.000000,112,evening_peak,forecast,0.416721,1.964087,10.000000,10.000000
90.000000,1.000000,10.000000,112,evening_peak,hindsight,2.380808,0.000000,10.000000,10.000000
90.000000,1.000000,10.000000,113,scarcity_peak,idle,0.000000,3.601242,10.000000,10.000000
90.000000,1.000000,10.000000,113,scarcity_peak,clock,0.279201,3.322042,10.000000,10.000000
90.000000,1.000000,10.000000,113,scarcity_peak,forecast,0.279201,3.322042,10.000000,10.000000
90.000000,1.000000,10.000000,113,scarcity_peak,hindsight,3.601242,-0.000000,10.000000,10.000000
90.000000,1.000000,10.000000,114,negative_midday,idle,0.000000,2.434559,10.000000,10.000000
90.000000,1.000000,10.000000,114,negative_midday,clock,-0.742915,3.177474,10.000000,10.000000
90.000000,1.000000,10.000000,114,negative_midday,forecast,-0.943839,3.378398,10.000000,10.000000
90.000000,1.000000,10.000000,114,negative_midday,hindsight,2.434559,0.000000,10.000000,10.000000
90.000000,1.000000,10.000000,115,flat_missed_event,idle,0.000000,3.075892,10.000000,10.000000
90.000000,1.000000,10.000000,115,flat_missed_event,clock,-0.233845,3.309737,10.000000,10.000000
90.000000,1.000000,10.000000,115,flat_missed_event,forecast,0.000000,3.075892,10.000000,10.000000
90.000000,1.000000,10.000000,115,flat_missed_event,hindsight,3.075892,0.000000,10.000000,10.000000
90.000000,1.000000,10.000000,116,evening_peak,idle,0.000000,2.463465,10.000000,10.000000
90.000000,1.000000,10.000000,116,evening_peak,clock,0.103640,2.359825,10.000000,10.000000
90.000000,1.000000,10.000000,116,evening_peak,forecast,0.103640,2.359825,10.000000,10.000000
90.000000,1.000000,10.000000,116,evening_peak,hindsight,2.463465,0.000000,10.000000,10.000000
90.000000,1.000000,10.000000,117,scarcity_peak,idle,0.000000,3.785289,10.000000,10.000000
90.000000,1.000000,10.000000,117,scarcity_peak,clock,0.337991,3.447297,10.000000,10.000000
90.000000,1.000000,10.000000,117,scarcity_peak,forecast,0.337991,3.447297,10.000000,10.000000
90.000000,1.000000,10.000000,117,scarcity_peak,hindsight,3.785289,0.000000,10.000000,10.000000
90.000000,1.000000,10.000000,118,negative_midday,idle,0.000000,2.693524,10.000000,10.000000
90.000000,1.000000,10.000000,118,negative_midday,clock,0.557284,2.136240,10.000000,10.000000
90.000000,1.000000,10.000000,118,negative_midday,forecast,0.706616,1.986908,10.000000,10.000000
90.000000,1.000000,10.000000,118,negative_midday,hindsight,2.693524,0.000000,10.000000,10.000000
90.000000,1.000000,10.000000,119,flat_missed_event,idle,0.000000,4.076818,10.000000,10.000000
90.000000,1.000000,10.000000,119,flat_missed_event,clock,-0.284566,4.361383,10.000000,10.000000
90.000000,1.000000,10.000000,119,flat_missed_event,forecast,0.000000,4.076818,10.000000,10.000000
90.000000,1.000000,10.000000,119,flat_missed_event,hindsight,4.076818,0.000000,10.000000,10.000000
90.000000,0.880000,0.000000,0,evening_peak,idle,0.000000,2.422459,0.000000,0.000000
90.000000,0.880000,0.000000,0,evening_peak,clock,1.309044,1.113415,0.000000,0.000000
90.000000,0.880000,0.000000,0,evening_peak,forecast,1.309044,1.113415,0.000000,0.000000
90.000000,0.880000,0.000000,0,evening_peak,hindsight,2.422459,0.000000,0.000000,0.000000
90.000000,0.880000,0.000000,1,scarcity_peak,idle,0.000000,4.483972,0.000000,0.000000
90.000000,0.880000,0.000000,1,scarcity_peak,clock,1.518995,2.964977,0.000000,0.000000
90.000000,0.880000,0.000000,1,scarcity_peak,forecast,1.518995,2.964977,0.000000,0.000000
90.000000,0.880000,0.000000,1,scarcity_peak,hindsight,4.483972,0.000000,0.000000,0.000000
90.000000,0.880000,0.000000,2,negative_midday,idle,0.000000,3.418578,0.000000,0.000000
90.000000,0.880000,0.000000,2,negative_midday,clock,-0.707795,4.126373,0.000000,0.000000
90.000000,0.880000,0.000000,2,negative_midday,forecast,-0.707795,4.126373,0.000000,0.000000
90.000000,0.880000,0.000000,2,negative_midday,hindsight,3.418578,0.000000,0.000000,0.000000
90.000000,0.880000,0.000000,3,flat_missed_event,idle,0.000000,4.900565,0.000000,0.000000
90.000000,0.880000,0.000000,3,flat_missed_event,clock,-0.645220,5.545786,0.000000,0.000000
90.000000,0.880000,0.000000,3,flat_missed_event,forecast,0.000000,4.900565,0.000000,0.000000
90.000000,0.880000,0.000000,3,flat_missed_event,hindsight,4.900565,0.000000,0.000000,0.000000
90.000000,0.880000,0.000000,4,evening_peak,idle,0.000000,2.266177,0.000000,0.000000
90.000000,0.880000,0.000000,4,evening_peak,clock,-0.855308,3.121484,0.000000,0.000000
90.000000,0.880000,0.000000,4,evening_peak,forecast,-0.855308,3.121484,0.000000,0.000000
90.000000,0.880000,0.000000,4,evening_peak,hindsight,2.266177,-0.000000,0.000000,0.000000
90.000000,0.880000,0.000000,5,scarcity_peak,idle,0.000000,4.525656,0.000000,0.000000
90.000000,0.880000,0.000000,5,scarcity_peak,clock,0.701975,3.823681,0.000000,0.000000
90.000000,0.880000,0.000000,5,scarcity_peak,forecast,0.701975,3.823681,0.000000,0.000000
90.000000,0.880000,0.000000,5,scarcity_peak,hindsight,4.525656,0.000000,0.000000,0.000000
90.000000,0.880000,0.000000,6,negative_midday,idle,0.000000,3.351780,0.000000,0.000000
90.000000,0.880000,0.000000,6,negative_midday,clock,1.737012,1.614768,0.000000,0.000000
90.000000,0.880000,0.000000,6,negative_midday,forecast,1.737012,1.614768,0.000000,0.000000
90.000000,0.880000,0.000000,6,negative_midday,hindsight,3.351780,0.000000,0.000000,0.000000
90.000000,0.880000,0.000000,7,flat_missed_event,idle,0.000000,4.440724,0.000000,0.000000
90.000000,0.880000,0.000000,7,flat_missed_event,clock,0.705001,3.735723,0.000000,0.000000
90.000000,0.880000,0.000000,7,flat_missed_event,forecast,0.000000,4.440724,0.000000,0.000000
90.000000,0.880000,0.000000,7,flat_missed_event,hindsight,4.440724,0.000000,0.000000,0.000000
90.000000,0.880000,0.000000,8,evening_peak,idle,0.000000,3.588880,0.000000,0.000000
90.000000,0.880000,0.000000,8,evening_peak,clock,0.444017,3.144863,0.000000,0.000000
90.000000,0.880000,0.000000,8,evening_peak,forecast,0.444017,3.144863,0.000000,0.000000
90.000000,0.880000,0.000000,8,evening_peak,hindsight,3.588880,0.000000,0.000000,0.000000
90.000000,0.880000,0.000000,9,scarcity_peak,idle,0.000000,3.575105,0.000000,0.000000
90.000000,0.880000,0.000000,9,scarcity_peak,clock,0.665265,2.909841,0.000000,0.000000
90.000000,0.880000,0.000000,9,scarcity_peak,forecast,0.665265,2.909841,0.000000,0.000000
90.000000,0.880000,0.000000,9,scarcity_peak,hindsight,3.575105,0.000000,0.000000,0.000000
90.000000,0.880000,0.000000,10,negative_midday,idle,0.000000,2.803588,0.000000,0.000000
90.000000,0.880000,0.000000,10,negative_midday,clock,1.213217,1.590372,0.000000,0.000000
90.000000,0.880000,0.000000,10,negative_midday,forecast,1.213217,1.590372,0.000000,0.000000
90.000000,0.880000,0.000000,10,negative_midday,hindsight,2.803588,0.000000,0.000000,0.000000
90.000000,0.880000,0.000000,11,flat_missed_event,idle,0.000000,3.788387,0.000000,0.000000
90.000000,0.880000,0.000000,11,flat_missed_event,clock,0.480496,3.307891,0.000000,0.000000
90.000000,0.880000,0.000000,11,flat_missed_event,forecast,0.000000,3.788387,0.000000,0.000000
90.000000,0.880000,0.000000,11,flat_missed_event,hindsight,3.788387,0.000000,0.000000,0.000000
90.000000,0.880000,0.000000,12,evening_peak,idle,0.000000,4.470608,0.000000,0.000000
90.000000,0.880000,0.000000,12,evening_peak,clock,3.106782,1.363826,0.000000,0.000000
90.000000,0.880000,0.000000,12,evening_peak,forecast,3.106782,1.363826,0.000000,0.000000
90.000000,0.880000,0.000000,12,evening_peak,hindsight,4.470608,0.000000,0.000000,0.000000
90.000000,0.880000,0.000000,13,scarcity_peak,idle,0.000000,3.749187,0.000000,0.000000
90.000000,0.880000,0.000000,13,scarcity_peak,clock,-0.054179,3.803365,0.000000,0.000000
90.000000,0.880000,0.000000,13,scarcity_peak,forecast,-0.054179,3.803365,0.000000,0.000000
90.000000,0.880000,0.000000,13,scarcity_peak,hindsight,3.749187,0.000000,0.000000,0.000000
90.000000,0.880000,0.000000,14,negative_midday,idle,0.000000,3.572429,0.000000,0.000000
90.000000,0.880000,0.000000,14,negative_midday,clock,0.516156,3.056273,0.000000,0.000000
90.000000,0.880000,0.000000,14,negative_midday,forecast,0.516156,3.056273,0.000000,0.000000
90.000000,0.880000,0.000000,14,negative_midday,hindsight,3.572429,0.000000,0.000000,0.000000
90.000000,0.880000,0.000000,15,flat_missed_event,idle,0.000000,4.769998,0.000000,0.000000
90.000000,0.880000,0.000000,15,flat_missed_event,clock,0.157657,4.612342,0.000000,0.000000
90.000000,0.880000,0.000000,15,flat_missed_event,forecast,0.000000,4.769998,0.000000,0.000000
90.000000,0.880000,0.000000,15,flat_missed_event,hindsight,4.769998,0.000000,0.000000,0.000000
90.000000,0.880000,0.000000,16,evening_peak,idle,0.000000,2.588311,0.000000,0.000000
90.000000,0.880000,0.000000,16,evening_peak,clock,-0.122067,2.710378,0.000000,0.000000
90.000000,0.880000,0.000000,16,evening_peak,forecast,-0.122067,2.710378,0.000000,0.000000
90.000000,0.880000,0.000000,16,evening_peak,hindsight,2.588311,0.000000,0.000000,0.000000
90.000000,0.880000,0.000000,17,scarcity_peak,idle,0.000000,5.451314,0.000000,0.000000
90.000000,0.880000,0.000000,17,scarcity_peak,clock,1.426655,4.024659,0.000000,0.000000
90.000000,0.880000,0.000000,17,scarcity_peak,forecast,1.426655,4.024659,0.000000,0.000000
90.000000,0.880000,0.000000,17,scarcity_peak,hindsight,5.451314,0.000000,0.000000,0.000000
90.000000,0.880000,0.000000,18,negative_midday,idle,0.000000,2.362021,0.000000,0.000000
90.000000,0.880000,0.000000,18,negative_midday,clock,0.460251,1.901769,0.000000,0.000000
90.000000,0.880000,0.000000,18,negative_midday,forecast,0.460251,1.901769,0.000000,0.000000
90.000000,0.880000,0.000000,18,negative_midday,hindsight,2.362021,0.000000,0.000000,0.000000
90.000000,0.880000,0.000000,19,flat_missed_event,idle,0.000000,4.284502,0.000000,0.000000
90.000000,0.880000,0.000000,19,flat_missed_event,clock,0.026210,4.258292,0.000000,0.000000
90.000000,0.880000,0.000000,19,flat_missed_event,forecast,0.000000,4.284502,0.000000,0.000000
90.000000,0.880000,0.000000,19,flat_missed_event,hindsight,4.284502,0.000000,0.000000,0.000000
90.000000,0.880000,0.000000,20,evening_peak,idle,0.000000,2.940048,0.000000,0.000000
90.000000,0.880000,0.000000,20,evening_peak,clock,1.197408,1.742640,0.000000,0.000000
90.000000,0.880000,0.000000,20,evening_peak,forecast,1.197408,1.742640,0.000000,0.000000
90.000000,0.880000,0.000000,20,evening_peak,hindsight,2.940048,0.000000,0.000000,0.000000
90.000000,0.880000,0.000000,21,scarcity_peak,idle,0.000000,4.364249,0.000000,0.000000
90.000000,0.880000,0.000000,21,scarcity_peak,clock,0.384370,3.979879,0.000000,0.000000
90.000000,0.880000,0.000000,21,scarcity_peak,forecast,0.384370,3.979879,0.000000,0.000000
90.000000,0.880000,0.000000,21,scarcity_peak,hindsight,4.364249,0.000000,0.000000,0.000000
90.000000,0.880000,0.000000,22,negative_midday,idle,0.000000,3.106085,0.000000,0.000000
90.000000,0.880000,0.000000,22,negative_midday,clock,0.085745,3.020340,0.000000,0.000000
90.000000,0.880000,0.000000,22,negative_midday,forecast,0.085745,3.020340,0.000000,0.000000
90.000000,0.880000,0.000000,22,negative_midday,hindsight,3.106085,0.000000,0.000000,0.000000
90.000000,0.880000,0.000000,23,flat_missed_event,idle,0.000000,3.169037,0.000000,0.000000
90.000000,0.880000,0.000000,23,flat_missed_event,clock,-1.081338,4.250375,0.000000,0.000000
90.000000,0.880000,0.000000,23,flat_missed_event,forecast,0.000000,3.169037,0.000000,0.000000
90.000000,0.880000,0.000000,23,flat_missed_event,hindsight,3.169037,0.000000,0.000000,0.000000
90.000000,0.880000,0.000000,24,evening_peak,idle,0.000000,2.662761,0.000000,0.000000
90.000000,0.880000,0.000000,24,evening_peak,clock,1.368621,1.294140,0.000000,0.000000
90.000000,0.880000,0.000000,24,evening_peak,forecast,1.368621,1.294140,0.000000,0.000000
90.000000,0.880000,0.000000,24,evening_peak,hindsight,2.662761,0.000000,0.000000,0.000000
90.000000,0.880000,0.000000,25,scarcity_peak,idle,0.000000,4.369108,0.000000,0.000000
90.000000,0.880000,0.000000,25,scarcity_peak,clock,0.676377,3.692731,0.000000,0.000000
90.000000,0.880000,0.000000,25,scarcity_peak,forecast,0.676377,3.692731,0.000000,0.000000
90.000000,0.880000,0.000000,25,scarcity_peak,hindsight,4.369108,0.000000,0.000000,0.000000
90.000000,0.880000,0.000000,26,negative_midday,idle,0.000000,2.200751,0.000000,0.000000
90.000000,0.880000,0.000000,26,negative_midday,clock,-1.047875,3.248627,0.000000,0.000000
90.000000,0.880000,0.000000,26,negative_midday,forecast,-1.047875,3.248627,0.000000,0.000000
90.000000,0.880000,0.000000,26,negative_midday,hindsight,2.200751,0.000000,0.000000,0.000000
90.000000,0.880000,0.000000,27,flat_missed_event,idle,0.000000,3.318732,0.000000,0.000000
90.000000,0.880000,0.000000,27,flat_missed_event,clock,-1.301713,4.620445,0.000000,0.000000
90.000000,0.880000,0.000000,27,flat_missed_event,forecast,0.000000,3.318732,0.000000,0.000000
90.000000,0.880000,0.000000,27,flat_missed_event,hindsight,3.318732,0.000000,0.000000,0.000000
90.000000,0.880000,0.000000,28,evening_peak,idle,0.000000,2.854675,0.000000,0.000000
90.000000,0.880000,0.000000,28,evening_peak,clock,1.122238,1.732436,0.000000,0.000000
90.000000,0.880000,0.000000,28,evening_peak,forecast,1.122238,1.732436,0.000000,0.000000
90.000000,0.880000,0.000000,28,evening_peak,hindsight,2.854675,0.000000,0.000000,0.000000
90.000000,0.880000,0.000000,29,scarcity_peak,idle,0.000000,5.535047,0.000000,0.000000
90.000000,0.880000,0.000000,29,scarcity_peak,clock,0.984091,4.550956,0.000000,0.000000
90.000000,0.880000,0.000000,29,scarcity_peak,forecast,0.984091,4.550956,0.000000,0.000000
90.000000,0.880000,0.000000,29,scarcity_peak,hindsight,5.535047,0.000000,0.000000,0.000000
90.000000,0.880000,0.000000,30,negative_midday,idle,0.000000,2.693225,0.000000,0.000000
90.000000,0.880000,0.000000,30,negative_midday,clock,0.757193,1.936032,0.000000,0.000000
90.000000,0.880000,0.000000,30,negative_midday,forecast,0.757193,1.936032,0.000000,0.000000
90.000000,0.880000,0.000000,30,negative_midday,hindsight,2.693225,0.000000,0.000000,0.000000
90.000000,0.880000,0.000000,31,flat_missed_event,idle,0.000000,3.997726,0.000000,0.000000
90.000000,0.880000,0.000000,31,flat_missed_event,clock,-1.129694,5.127420,0.000000,0.000000
90.000000,0.880000,0.000000,31,flat_missed_event,forecast,0.000000,3.997726,0.000000,0.000000
90.000000,0.880000,0.000000,31,flat_missed_event,hindsight,3.997726,0.000000,0.000000,0.000000
90.000000,0.880000,0.000000,32,evening_peak,idle,0.000000,2.765848,0.000000,0.000000
90.000000,0.880000,0.000000,32,evening_peak,clock,0.690035,2.075813,0.000000,0.000000
90.000000,0.880000,0.000000,32,evening_peak,forecast,0.690035,2.075813,0.000000,0.000000
90.000000,0.880000,0.000000,32,evening_peak,hindsight,2.765848,0.000000,0.000000,0.000000
90.000000,0.880000,0.000000,33,scarcity_peak,idle,0.000000,3.789435,0.000000,0.000000
90.000000,0.880000,0.000000,33,scarcity_peak,clock,-0.187674,3.977109,0.000000,0.000000
90.000000,0.880000,0.000000,33,scarcity_peak,forecast,-0.187674,3.977109,0.000000,0.000000
90.000000,0.880000,0.000000,33,scarcity_peak,hindsight,3.789435,0.000000,0.000000,0.000000
90.000000,0.880000,0.000000,34,negative_midday,idle,0.000000,4.453957,0.000000,0.000000
90.000000,0.880000,0.000000,34,negative_midday,clock,2.157346,2.296611,0.000000,0.000000
90.000000,0.880000,0.000000,34,negative_midday,forecast,2.157346,2.296611,0.000000,0.000000
90.000000,0.880000,0.000000,34,negative_midday,hindsight,4.453957,0.000000,0.000000,0.000000
90.000000,0.880000,0.000000,35,flat_missed_event,idle,0.000000,3.786937,0.000000,0.000000
90.000000,0.880000,0.000000,35,flat_missed_event,clock,-1.422086,5.209024,0.000000,0.000000
90.000000,0.880000,0.000000,35,flat_missed_event,forecast,0.000000,3.786937,0.000000,0.000000
90.000000,0.880000,0.000000,35,flat_missed_event,hindsight,3.786937,-0.000000,0.000000,0.000000
90.000000,0.880000,0.000000,36,evening_peak,idle,0.000000,2.647490,0.000000,0.000000
90.000000,0.880000,0.000000,36,evening_peak,clock,0.932377,1.715113,0.000000,0.000000
90.000000,0.880000,0.000000,36,evening_peak,forecast,0.932377,1.715113,0.000000,0.000000
90.000000,0.880000,0.000000,36,evening_peak,hindsight,2.647490,-0.000000,0.000000,0.000000
90.000000,0.880000,0.000000,37,scarcity_peak,idle,0.000000,4.892149,0.000000,0.000000
90.000000,0.880000,0.000000,37,scarcity_peak,clock,1.986647,2.905502,0.000000,0.000000
90.000000,0.880000,0.000000,37,scarcity_peak,forecast,1.986647,2.905502,0.000000,0.000000
90.000000,0.880000,0.000000,37,scarcity_peak,hindsight,4.892149,0.000000,0.000000,0.000000
90.000000,0.880000,0.000000,38,negative_midday,idle,0.000000,2.414843,0.000000,0.000000
90.000000,0.880000,0.000000,38,negative_midday,clock,-0.415949,2.830792,0.000000,0.000000
90.000000,0.880000,0.000000,38,negative_midday,forecast,-0.415949,2.830792,0.000000,0.000000
90.000000,0.880000,0.000000,38,negative_midday,hindsight,2.414843,0.000000,0.000000,0.000000
90.000000,0.880000,0.000000,39,flat_missed_event,idle,0.000000,4.502578,0.000000,0.000000
90.000000,0.880000,0.000000,39,flat_missed_event,clock,0.391596,4.110982,0.000000,0.000000
90.000000,0.880000,0.000000,39,flat_missed_event,forecast,0.000000,4.502578,0.000000,0.000000
90.000000,0.880000,0.000000,39,flat_missed_event,hindsight,4.502578,0.000000,0.000000,0.000000
90.000000,0.880000,0.000000,40,evening_peak,idle,0.000000,3.123897,0.000000,0.000000
90.000000,0.880000,0.000000,40,evening_peak,clock,1.917681,1.206216,0.000000,0.000000
90.000000,0.880000,0.000000,40,evening_peak,forecast,1.917681,1.206216,0.000000,0.000000
90.000000,0.880000,0.000000,40,evening_peak,hindsight,3.123897,0.000000,0.000000,0.000000
90.000000,0.880000,0.000000,41,scarcity_peak,idle,0.000000,4.468736,0.000000,0.000000
90.000000,0.880000,0.000000,41,scarcity_peak,clock,0.430093,4.038643,0.000000,0.000000
90.000000,0.880000,0.000000,41,scarcity_peak,forecast,0.430093,4.038643,0.000000,0.000000
90.000000,0.880000,0.000000,41,scarcity_peak,hindsight,4.468736,0.000000,0.000000,0.000000
90.000000,0.880000,0.000000,42,negative_midday,idle,0.000000,2.868107,0.000000,0.000000
90.000000,0.880000,0.000000,42,negative_midday,clock,-0.130125,2.998232,0.000000,0.000000
90.000000,0.880000,0.000000,42,negative_midday,forecast,-0.130125,2.998232,0.000000,0.000000
90.000000,0.880000,0.000000,42,negative_midday,hindsight,2.868107,0.000000,0.000000,0.000000
90.000000,0.880000,0.000000,43,flat_missed_event,idle,0.000000,3.677236,0.000000,0.000000
90.000000,0.880000,0.000000,43,flat_missed_event,clock,-0.536779,4.214015,0.000000,0.000000
90.000000,0.880000,0.000000,43,flat_missed_event,forecast,0.000000,3.677236,0.000000,0.000000
90.000000,0.880000,0.000000,43,flat_missed_event,hindsight,3.677236,0.000000,0.000000,0.000000
90.000000,0.880000,0.000000,44,evening_peak,idle,0.000000,2.740115,0.000000,0.000000
90.000000,0.880000,0.000000,44,evening_peak,clock,1.050524,1.689591,0.000000,0.000000
90.000000,0.880000,0.000000,44,evening_peak,forecast,1.050524,1.689591,0.000000,0.000000
90.000000,0.880000,0.000000,44,evening_peak,hindsight,2.740115,-0.000000,0.000000,0.000000
90.000000,0.880000,0.000000,45,scarcity_peak,idle,0.000000,5.021533,0.000000,0.000000
90.000000,0.880000,0.000000,45,scarcity_peak,clock,0.871389,4.150143,0.000000,0.000000
90.000000,0.880000,0.000000,45,scarcity_peak,forecast,0.871389,4.150143,0.000000,0.000000
90.000000,0.880000,0.000000,45,scarcity_peak,hindsight,5.021533,0.000000,0.000000,0.000000
90.000000,0.880000,0.000000,46,negative_midday,idle,0.000000,4.235129,0.000000,0.000000
90.000000,0.880000,0.000000,46,negative_midday,clock,1.643670,2.591459,0.000000,0.000000
90.000000,0.880000,0.000000,46,negative_midday,forecast,1.643670,2.591459,0.000000,0.000000
90.000000,0.880000,0.000000,46,negative_midday,hindsight,4.235129,0.000000,0.000000,0.000000
90.000000,0.880000,0.000000,47,flat_missed_event,idle,0.000000,3.280129,0.000000,0.000000
90.000000,0.880000,0.000000,47,flat_missed_event,clock,-0.946782,4.226911,0.000000,0.000000
90.000000,0.880000,0.000000,47,flat_missed_event,forecast,0.000000,3.280129,0.000000,0.000000
90.000000,0.880000,0.000000,47,flat_missed_event,hindsight,3.280129,0.000000,0.000000,0.000000
90.000000,0.880000,0.000000,48,evening_peak,idle,0.000000,3.197537,0.000000,0.000000
90.000000,0.880000,0.000000,48,evening_peak,clock,0.512586,2.684950,0.000000,0.000000
90.000000,0.880000,0.000000,48,evening_peak,forecast,0.512586,2.684950,0.000000,0.000000
90.000000,0.880000,0.000000,48,evening_peak,hindsight,3.197537,0.000000,0.000000,0.000000
90.000000,0.880000,0.000000,49,scarcity_peak,idle,0.000000,4.110816,0.000000,0.000000
90.000000,0.880000,0.000000,49,scarcity_peak,clock,1.596243,2.514573,0.000000,0.000000
90.000000,0.880000,0.000000,49,scarcity_peak,forecast,1.596243,2.514573,0.000000,0.000000
90.000000,0.880000,0.000000,49,scarcity_peak,hindsight,4.110816,-0.000000,0.000000,0.000000
90.000000,0.880000,0.000000,50,negative_midday,idle,0.000000,3.267872,0.000000,0.000000
90.000000,0.880000,0.000000,50,negative_midday,clock,0.722341,2.545531,0.000000,0.000000
90.000000,0.880000,0.000000,50,negative_midday,forecast,0.722341,2.545531,0.000000,0.000000
90.000000,0.880000,0.000000,50,negative_midday,hindsight,3.267872,0.000000,0.000000,0.000000
90.000000,0.880000,0.000000,51,flat_missed_event,idle,0.000000,3.727233,0.000000,0.000000
90.000000,0.880000,0.000000,51,flat_missed_event,clock,-0.290569,4.017802,0.000000,0.000000
90.000000,0.880000,0.000000,51,flat_missed_event,forecast,0.000000,3.727233,0.000000,0.000000
90.000000,0.880000,0.000000,51,flat_missed_event,hindsight,3.727233,0.000000,0.000000,0.000000
90.000000,0.880000,0.000000,52,evening_peak,idle,0.000000,3.088276,0.000000,0.000000
90.000000,0.880000,0.000000,52,evening_peak,clock,0.147523,2.940754,0.000000,0.000000
90.000000,0.880000,0.000000,52,evening_peak,forecast,0.147523,2.940754,0.000000,0.000000
90.000000,0.880000,0.000000,52,evening_peak,hindsight,3.088276,0.000000,0.000000,0.000000
90.000000,0.880000,0.000000,53,scarcity_peak,idle,0.000000,3.396400,0.000000,0.000000
90.000000,0.880000,0.000000,53,scarcity_peak,clock,-1.249415,4.645815,0.000000,0.000000
90.000000,0.880000,0.000000,53,scarcity_peak,forecast,-1.249415,4.645815,0.000000,0.000000
90.000000,0.880000,0.000000,53,scarcity_peak,hindsight,3.396400,0.000000,0.000000,0.000000
90.000000,0.880000,0.000000,54,negative_midday,idle,0.000000,3.884415,0.000000,0.000000
90.000000,0.880000,0.000000,54,negative_midday,clock,0.836301,3.048114,0.000000,0.000000
90.000000,0.880000,0.000000,54,negative_midday,forecast,0.836301,3.048114,0.000000,0.000000
90.000000,0.880000,0.000000,54,negative_midday,hindsight,3.884415,0.000000,0.000000,0.000000
90.000000,0.880000,0.000000,55,flat_missed_event,idle,0.000000,4.644244,0.000000,0.000000
90.000000,0.880000,0.000000,55,flat_missed_event,clock,-0.394189,5.038433,0.000000,0.000000
90.000000,0.880000,0.000000,55,flat_missed_event,forecast,0.000000,4.644244,0.000000,0.000000
90.000000,0.880000,0.000000,55,flat_missed_event,hindsight,4.644244,0.000000,0.000000,0.000000
90.000000,0.880000,0.000000,56,evening_peak,idle,0.000000,3.140852,0.000000,0.000000
90.000000,0.880000,0.000000,56,evening_peak,clock,0.727430,2.413421,0.000000,0.000000
90.000000,0.880000,0.000000,56,evening_peak,forecast,0.727430,2.413421,0.000000,0.000000
90.000000,0.880000,0.000000,56,evening_peak,hindsight,3.140852,0.000000,0.000000,0.000000
90.000000,0.880000,0.000000,57,scarcity_peak,idle,0.000000,4.905024,0.000000,0.000000
90.000000,0.880000,0.000000,57,scarcity_peak,clock,1.172818,3.732206,0.000000,0.000000
90.000000,0.880000,0.000000,57,scarcity_peak,forecast,1.172818,3.732206,0.000000,0.000000
90.000000,0.880000,0.000000,57,scarcity_peak,hindsight,4.905024,0.000000,0.000000,0.000000
90.000000,0.880000,0.000000,58,negative_midday,idle,0.000000,4.836138,0.000000,0.000000
90.000000,0.880000,0.000000,58,negative_midday,clock,2.396899,2.439239,0.000000,0.000000
90.000000,0.880000,0.000000,58,negative_midday,forecast,2.396899,2.439239,0.000000,0.000000
90.000000,0.880000,0.000000,58,negative_midday,hindsight,4.836138,0.000000,0.000000,0.000000
90.000000,0.880000,0.000000,59,flat_missed_event,idle,0.000000,4.206002,0.000000,0.000000
90.000000,0.880000,0.000000,59,flat_missed_event,clock,-0.537885,4.743887,0.000000,0.000000
90.000000,0.880000,0.000000,59,flat_missed_event,forecast,0.000000,4.206002,0.000000,0.000000
90.000000,0.880000,0.000000,59,flat_missed_event,hindsight,4.206002,-0.000000,0.000000,0.000000
90.000000,0.880000,0.000000,60,evening_peak,idle,0.000000,2.518230,0.000000,0.000000
90.000000,0.880000,0.000000,60,evening_peak,clock,-0.560121,3.078351,0.000000,0.000000
90.000000,0.880000,0.000000,60,evening_peak,forecast,-0.560121,3.078351,0.000000,0.000000
90.000000,0.880000,0.000000,60,evening_peak,hindsight,2.518230,0.000000,0.000000,0.000000
90.000000,0.880000,0.000000,61,scarcity_peak,idle,0.000000,4.489149,0.000000,0.000000
90.000000,0.880000,0.000000,61,scarcity_peak,clock,0.026946,4.462202,0.000000,0.000000
90.000000,0.880000,0.000000,61,scarcity_peak,forecast,0.026946,4.462202,0.000000,0.000000
90.000000,0.880000,0.000000,61,scarcity_peak,hindsight,4.489149,0.000000,0.000000,0.000000
90.000000,0.880000,0.000000,62,negative_midday,idle,0.000000,3.320597,0.000000,0.000000
90.000000,0.880000,0.000000,62,negative_midday,clock,0.420537,2.900060,0.000000,0.000000
90.000000,0.880000,0.000000,62,negative_midday,forecast,0.420537,2.900060,0.000000,0.000000
90.000000,0.880000,0.000000,62,negative_midday,hindsight,3.320597,0.000000,0.000000,0.000000
90.000000,0.880000,0.000000,63,flat_missed_event,idle,0.000000,4.439278,0.000000,0.000000
90.000000,0.880000,0.000000,63,flat_missed_event,clock,0.269858,4.169420,0.000000,0.000000
90.000000,0.880000,0.000000,63,flat_missed_event,forecast,0.000000,4.439278,0.000000,0.000000
90.000000,0.880000,0.000000,63,flat_missed_event,hindsight,4.439278,0.000000,0.000000,0.000000
90.000000,0.880000,0.000000,64,evening_peak,idle,0.000000,3.064871,0.000000,0.000000
90.000000,0.880000,0.000000,64,evening_peak,clock,0.624593,2.440278,0.000000,0.000000
90.000000,0.880000,0.000000,64,evening_peak,forecast,0.624593,2.440278,0.000000,0.000000
90.000000,0.880000,0.000000,64,evening_peak,hindsight,3.064871,0.000000,0.000000,0.000000
90.000000,0.880000,0.000000,65,scarcity_peak,idle,0.000000,5.219425,0.000000,0.000000
90.000000,0.880000,0.000000,65,scarcity_peak,clock,1.271828,3.947597,0.000000,0.000000
90.000000,0.880000,0.000000,65,scarcity_peak,forecast,1.271828,3.947597,0.000000,0.000000
90.000000,0.880000,0.000000,65,scarcity_peak,hindsight,5.219425,-0.000000,0.000000,0.000000
90.000000,0.880000,0.000000,66,negative_midday,idle,0.000000,3.854457,0.000000,0.000000
90.000000,0.880000,0.000000,66,negative_midday,clock,2.207678,1.646779,0.000000,0.000000
90.000000,0.880000,0.000000,66,negative_midday,forecast,2.207678,1.646779,0.000000,0.000000
90.000000,0.880000,0.000000,66,negative_midday,hindsight,3.854457,0.000000,0.000000,0.000000
90.000000,0.880000,0.000000,67,flat_missed_event,idle,0.000000,4.323850,0.000000,0.000000
90.000000,0.880000,0.000000,67,flat_missed_event,clock,1.372301,2.951549,0.000000,0.000000
90.000000,0.880000,0.000000,67,flat_missed_event,forecast,0.000000,4.323850,0.000000,0.000000
90.000000,0.880000,0.000000,67,flat_missed_event,hindsight,4.323850,0.000000,0.000000,0.000000
90.000000,0.880000,0.000000,68,evening_peak,idle,0.000000,3.043577,0.000000,0.000000
90.000000,0.880000,0.000000,68,evening_peak,clock,0.120510,2.923066,0.000000,0.000000
90.000000,0.880000,0.000000,68,evening_peak,forecast,0.120510,2.923066,0.000000,0.000000
90.000000,0.880000,0.000000,68,evening_peak,hindsight,3.043577,0.000000,0.000000,0.000000
90.000000,0.880000,0.000000,69,scarcity_peak,idle,0.000000,3.913782,0.000000,0.000000
90.000000,0.880000,0.000000,69,scarcity_peak,clock,-1.138942,5.052725,0.000000,0.000000
90.000000,0.880000,0.000000,69,scarcity_peak,forecast,-1.138942,5.052725,0.000000,0.000000
90.000000,0.880000,0.000000,69,scarcity_peak,hindsight,3.913782,0.000000,0.000000,0.000000
90.000000,0.880000,0.000000,70,negative_midday,idle,0.000000,2.289156,0.000000,0.000000
90.000000,0.880000,0.000000,70,negative_midday,clock,-0.317945,2.607101,0.000000,0.000000
90.000000,0.880000,0.000000,70,negative_midday,forecast,-0.317945,2.607101,0.000000,0.000000
90.000000,0.880000,0.000000,70,negative_midday,hindsight,2.289156,0.000000,0.000000,0.000000
90.000000,0.880000,0.000000,71,flat_missed_event,idle,0.000000,3.888176,0.000000,0.000000
90.000000,0.880000,0.000000,71,flat_missed_event,clock,-0.224078,4.112254,0.000000,0.000000
90.000000,0.880000,0.000000,71,flat_missed_event,forecast,0.000000,3.888176,0.000000,0.000000
90.000000,0.880000,0.000000,71,flat_missed_event,hindsight,3.888176,0.000000,0.000000,0.000000
90.000000,0.880000,0.000000,72,evening_peak,idle,0.000000,2.946127,0.000000,0.000000
90.000000,0.880000,0.000000,72,evening_peak,clock,0.902410,2.043717,0.000000,0.000000
90.000000,0.880000,0.000000,72,evening_peak,forecast,0.902410,2.043717,0.000000,0.000000
90.000000,0.880000,0.000000,72,evening_peak,hindsight,2.946127,0.000000,0.000000,0.000000
90.000000,0.880000,0.000000,73,scarcity_peak,idle,0.000000,4.494117,0.000000,0.000000
90.000000,0.880000,0.000000,73,scarcity_peak,clock,0.443942,4.050175,0.000000,0.000000
90.000000,0.880000,0.000000,73,scarcity_peak,forecast,0.443942,4.050175,0.000000,0.000000
90.000000,0.880000,0.000000,73,scarcity_peak,hindsight,4.494117,0.000000,0.000000,0.000000
90.000000,0.880000,0.000000,74,negative_midday,idle,0.000000,3.194846,0.000000,0.000000
90.000000,0.880000,0.000000,74,negative_midday,clock,1.493522,1.701324,0.000000,0.000000
90.000000,0.880000,0.000000,74,negative_midday,forecast,1.493522,1.701324,0.000000,0.000000
90.000000,0.880000,0.000000,74,negative_midday,hindsight,3.194846,0.000000,0.000000,0.000000
90.000000,0.880000,0.000000,75,flat_missed_event,idle,0.000000,4.270685,0.000000,0.000000
90.000000,0.880000,0.000000,75,flat_missed_event,clock,-0.169932,4.440617,0.000000,0.000000
90.000000,0.880000,0.000000,75,flat_missed_event,forecast,0.000000,4.270685,0.000000,0.000000
90.000000,0.880000,0.000000,75,flat_missed_event,hindsight,4.270685,0.000000,0.000000,0.000000
90.000000,0.880000,0.000000,76,evening_peak,idle,0.000000,4.225218,0.000000,0.000000
90.000000,0.880000,0.000000,76,evening_peak,clock,0.666764,3.558454,0.000000,0.000000
90.000000,0.880000,0.000000,76,evening_peak,forecast,0.666764,3.558454,0.000000,0.000000
90.000000,0.880000,0.000000,76,evening_peak,hindsight,4.225218,0.000000,0.000000,0.000000
90.000000,0.880000,0.000000,77,scarcity_peak,idle,0.000000,5.072186,0.000000,0.000000
90.000000,0.880000,0.000000,77,scarcity_peak,clock,0.403985,4.668201,0.000000,0.000000
90.000000,0.880000,0.000000,77,scarcity_peak,forecast,0.403985,4.668201,0.000000,0.000000
90.000000,0.880000,0.000000,77,scarcity_peak,hindsight,5.072186,-0.000000,0.000000,0.000000
90.000000,0.880000,0.000000,78,negative_midday,idle,0.000000,4.120436,0.000000,0.000000
90.000000,0.880000,0.000000,78,negative_midday,clock,1.455443,2.664993,0.000000,0.000000
90.000000,0.880000,0.000000,78,negative_midday,forecast,1.455443,2.664993,0.000000,0.000000
90.000000,0.880000,0.000000,78,negative_midday,hindsight,4.120436,-0.000000,0.000000,0.000000
90.000000,0.880000,0.000000,79,flat_missed_event,idle,0.000000,3.032161,0.000000,0.000000
90.000000,0.880000,0.000000,79,flat_missed_event,clock,-2.349920,5.382082,0.000000,0.000000
90.000000,0.880000,0.000000,79,flat_missed_event,forecast,0.000000,3.032161,0.000000,0.000000
90.000000,0.880000,0.000000,79,flat_missed_event,hindsight,3.032161,-0.000000,0.000000,0.000000
90.000000,0.880000,0.000000,80,evening_peak,idle,0.000000,2.644603,0.000000,0.000000
90.000000,0.880000,0.000000,80,evening_peak,clock,0.083875,2.560728,0.000000,0.000000
90.000000,0.880000,0.000000,80,evening_peak,forecast,0.083875,2.560728,0.000000,0.000000
90.000000,0.880000,0.000000,80,evening_peak,hindsight,2.644603,-0.000000,0.000000,0.000000
90.000000,0.880000,0.000000,81,scarcity_peak,idle,0.000000,4.247787,0.000000,0.000000
90.000000,0.880000,0.000000,81,scarcity_peak,clock,1.163535,3.084252,0.000000,0.000000
90.000000,0.880000,0.000000,81,scarcity_peak,forecast,1.163535,3.084252,0.000000,0.000000
90.000000,0.880000,0.000000,81,scarcity_peak,hindsight,4.247787,0.000000,0.000000,0.000000
90.000000,0.880000,0.000000,82,negative_midday,idle,0.000000,3.278392,0.000000,0.000000
90.000000,0.880000,0.000000,82,negative_midday,clock,0.995109,2.283283,0.000000,0.000000
90.000000,0.880000,0.000000,82,negative_midday,forecast,0.995109,2.283283,0.000000,0.000000
90.000000,0.880000,0.000000,82,negative_midday,hindsight,3.278392,0.000000,0.000000,0.000000
90.000000,0.880000,0.000000,83,flat_missed_event,idle,0.000000,4.305337,0.000000,0.000000
90.000000,0.880000,0.000000,83,flat_missed_event,clock,0.686890,3.618447,0.000000,0.000000
90.000000,0.880000,0.000000,83,flat_missed_event,forecast,0.000000,4.305337,0.000000,0.000000
90.000000,0.880000,0.000000,83,flat_missed_event,hindsight,4.305337,-0.000000,0.000000,0.000000
90.000000,0.880000,0.000000,84,evening_peak,idle,0.000000,2.525925,0.000000,0.000000
90.000000,0.880000,0.000000,84,evening_peak,clock,0.076727,2.449198,0.000000,0.000000
90.000000,0.880000,0.000000,84,evening_peak,forecast,0.076727,2.449198,0.000000,0.000000
90.000000,0.880000,0.000000,84,evening_peak,hindsight,2.525925,0.000000,0.000000,0.000000
90.000000,0.880000,0.000000,85,scarcity_peak,idle,0.000000,4.698125,0.000000,0.000000
90.000000,0.880000,0.000000,85,scarcity_peak,clock,1.475029,3.223096,0.000000,0.000000
90.000000,0.880000,0.000000,85,scarcity_peak,forecast,1.475029,3.223096,0.000000,0.000000
90.000000,0.880000,0.000000,85,scarcity_peak,hindsight,4.698125,0.000000,0.000000,0.000000
90.000000,0.880000,0.000000,86,negative_midday,idle,0.000000,3.555873,0.000000,0.000000
90.000000,0.880000,0.000000,86,negative_midday,clock,1.494086,2.061787,0.000000,0.000000
90.000000,0.880000,0.000000,86,negative_midday,forecast,1.494086,2.061787,0.000000,0.000000
90.000000,0.880000,0.000000,86,negative_midday,hindsight,3.555873,0.000000,0.000000,0.000000
90.000000,0.880000,0.000000,87,flat_missed_event,idle,0.000000,4.521660,0.000000,0.000000
90.000000,0.880000,0.000000,87,flat_missed_event,clock,-0.874507,5.396167,0.000000,0.000000
90.000000,0.880000,0.000000,87,flat_missed_event,forecast,0.000000,4.521660,0.000000,0.000000
90.000000,0.880000,0.000000,87,flat_missed_event,hindsight,4.521660,0.000000,0.000000,0.000000
90.000000,0.880000,0.000000,88,evening_peak,idle,0.000000,3.187233,0.000000,0.000000
90.000000,0.880000,0.000000,88,evening_peak,clock,0.141179,3.046054,0.000000,0.000000
90.000000,0.880000,0.000000,88,evening_peak,forecast,0.141179,3.046054,0.000000,0.000000
90.000000,0.880000,0.000000,88,evening_peak,hindsight,3.187233,0.000000,0.000000,0.000000
90.000000,0.880000,0.000000,89,scarcity_peak,idle,0.000000,4.491273,0.000000,0.000000
90.000000,0.880000,0.000000,89,scarcity_peak,clock,0.271756,4.219516,0.000000,0.000000
90.000000,0.880000,0.000000,89,scarcity_peak,forecast,0.271756,4.219516,0.000000,0.000000
90.000000,0.880000,0.000000,89,scarcity_peak,hindsight,4.491273,0.000000,0.000000,0.000000
90.000000,0.880000,0.000000,90,negative_midday,idle,0.000000,4.281936,0.000000,0.000000
90.000000,0.880000,0.000000,90,negative_midday,clock,1.607057,2.674878,0.000000,0.000000
90.000000,0.880000,0.000000,90,negative_midday,forecast,1.607057,2.674878,0.000000,0.000000
90.000000,0.880000,0.000000,90,negative_midday,hindsight,4.281936,-0.000000,0.000000,0.000000
90.000000,0.880000,0.000000,91,flat_missed_event,idle,0.000000,3.239829,0.000000,0.000000
90.000000,0.880000,0.000000,91,flat_missed_event,clock,-0.144823,3.384652,0.000000,0.000000
90.000000,0.880000,0.000000,91,flat_missed_event,forecast,0.000000,3.239829,0.000000,0.000000
90.000000,0.880000,0.000000,91,flat_missed_event,hindsight,3.239829,0.000000,0.000000,0.000000
90.000000,0.880000,0.000000,92,evening_peak,idle,0.000000,2.512648,0.000000,0.000000
90.000000,0.880000,0.000000,92,evening_peak,clock,-0.728391,3.241039,0.000000,0.000000
90.000000,0.880000,0.000000,92,evening_peak,forecast,-0.728391,3.241039,0.000000,0.000000
90.000000,0.880000,0.000000,92,evening_peak,hindsight,2.512648,0.000000,0.000000,0.000000
90.000000,0.880000,0.000000,93,scarcity_peak,idle,0.000000,4.166456,0.000000,0.000000
90.000000,0.880000,0.000000,93,scarcity_peak,clock,0.984273,3.182183,0.000000,0.000000
90.000000,0.880000,0.000000,93,scarcity_peak,forecast,0.984273,3.182183,0.000000,0.000000
90.000000,0.880000,0.000000,93,scarcity_peak,hindsight,4.166456,0.000000,0.000000,0.000000
90.000000,0.880000,0.000000,94,negative_midday,idle,0.000000,2.861854,0.000000,0.000000
90.000000,0.880000,0.000000,94,negative_midday,clock,1.544958,1.316896,0.000000,0.000000
90.000000,0.880000,0.000000,94,negative_midday,forecast,1.544958,1.316896,0.000000,0.000000
90.000000,0.880000,0.000000,94,negative_midday,hindsight,2.861854,0.000000,0.000000,0.000000
90.000000,0.880000,0.000000,95,flat_missed_event,idle,0.000000,4.466284,0.000000,0.000000
90.000000,0.880000,0.000000,95,flat_missed_event,clock,2.046152,2.420133,0.000000,0.000000
90.000000,0.880000,0.000000,95,flat_missed_event,forecast,0.000000,4.466284,0.000000,0.000000
90.000000,0.880000,0.000000,95,flat_missed_event,hindsight,4.466284,-0.000000,0.000000,0.000000
90.000000,0.880000,0.000000,96,evening_peak,idle,0.000000,3.040362,0.000000,0.000000
90.000000,0.880000,0.000000,96,evening_peak,clock,-1.004636,4.044999,0.000000,0.000000
90.000000,0.880000,0.000000,96,evening_peak,forecast,-1.004636,4.044999,0.000000,0.000000
90.000000,0.880000,0.000000,96,evening_peak,hindsight,3.040362,-0.000000,0.000000,0.000000
90.000000,0.880000,0.000000,97,scarcity_peak,idle,0.000000,5.097285,0.000000,0.000000
90.000000,0.880000,0.000000,97,scarcity_peak,clock,-0.067937,5.165222,0.000000,0.000000
90.000000,0.880000,0.000000,97,scarcity_peak,forecast,-0.067937,5.165222,0.000000,0.000000
90.000000,0.880000,0.000000,97,scarcity_peak,hindsight,5.097285,0.000000,0.000000,0.000000
90.000000,0.880000,0.000000,98,negative_midday,idle,0.000000,3.321944,0.000000,0.000000
90.000000,0.880000,0.000000,98,negative_midday,clock,0.858080,2.463864,0.000000,0.000000
90.000000,0.880000,0.000000,98,negative_midday,forecast,0.858080,2.463864,0.000000,0.000000
90.000000,0.880000,0.000000,98,negative_midday,hindsight,3.321944,-0.000000,0.000000,0.000000
90.000000,0.880000,0.000000,99,flat_missed_event,idle,0.000000,3.662264,0.000000,0.000000
90.000000,0.880000,0.000000,99,flat_missed_event,clock,-0.885781,4.548045,0.000000,0.000000
90.000000,0.880000,0.000000,99,flat_missed_event,forecast,0.000000,3.662264,0.000000,0.000000
90.000000,0.880000,0.000000,99,flat_missed_event,hindsight,3.662264,0.000000,0.000000,0.000000
90.000000,0.880000,0.000000,100,evening_peak,idle,0.000000,3.073825,0.000000,0.000000
90.000000,0.880000,0.000000,100,evening_peak,clock,1.015361,2.058464,0.000000,0.000000
90.000000,0.880000,0.000000,100,evening_peak,forecast,1.015361,2.058464,0.000000,0.000000
90.000000,0.880000,0.000000,100,evening_peak,hindsight,3.073825,0.000000,0.000000,0.000000
90.000000,0.880000,0.000000,101,scarcity_peak,idle,0.000000,4.131478,0.000000,0.000000
90.000000,0.880000,0.000000,101,scarcity_peak,clock,1.345604,2.785874,0.000000,0.000000
90.000000,0.880000,0.000000,101,scarcity_peak,forecast,1.345604,2.785874,0.000000,0.000000
90.000000,0.880000,0.000000,101,scarcity_peak,hindsight,4.131478,0.000000,0.000000,0.000000
90.000000,0.880000,0.000000,102,negative_midday,idle,0.000000,3.780544,0.000000,0.000000
90.000000,0.880000,0.000000,102,negative_midday,clock,0.437912,3.342632,0.000000,0.000000
90.000000,0.880000,0.000000,102,negative_midday,forecast,0.437912,3.342632,0.000000,0.000000
90.000000,0.880000,0.000000,102,negative_midday,hindsight,3.780544,0.000000,0.000000,0.000000
90.000000,0.880000,0.000000,103,flat_missed_event,idle,0.000000,4.216713,0.000000,0.000000
90.000000,0.880000,0.000000,103,flat_missed_event,clock,0.765048,3.451665,0.000000,0.000000
90.000000,0.880000,0.000000,103,flat_missed_event,forecast,0.000000,4.216713,0.000000,0.000000
90.000000,0.880000,0.000000,103,flat_missed_event,hindsight,4.216713,-0.000000,0.000000,0.000000
90.000000,0.880000,0.000000,104,evening_peak,idle,0.000000,2.732062,0.000000,0.000000
90.000000,0.880000,0.000000,104,evening_peak,clock,-0.525002,3.257065,0.000000,0.000000
90.000000,0.880000,0.000000,104,evening_peak,forecast,-0.525002,3.257065,0.000000,0.000000
90.000000,0.880000,0.000000,104,evening_peak,hindsight,2.732062,0.000000,0.000000,0.000000
90.000000,0.880000,0.000000,105,scarcity_peak,idle,0.000000,4.109757,0.000000,0.000000
90.000000,0.880000,0.000000,105,scarcity_peak,clock,0.326193,3.783564,0.000000,0.000000
90.000000,0.880000,0.000000,105,scarcity_peak,forecast,0.326193,3.783564,0.000000,0.000000
90.000000,0.880000,0.000000,105,scarcity_peak,hindsight,4.109757,0.000000,0.000000,0.000000
90.000000,0.880000,0.000000,106,negative_midday,idle,0.000000,2.343354,0.000000,0.000000
90.000000,0.880000,0.000000,106,negative_midday,clock,0.252067,2.091286,0.000000,0.000000
90.000000,0.880000,0.000000,106,negative_midday,forecast,0.252067,2.091286,0.000000,0.000000
90.000000,0.880000,0.000000,106,negative_midday,hindsight,2.343354,0.000000,0.000000,0.000000
90.000000,0.880000,0.000000,107,flat_missed_event,idle,0.000000,4.399324,0.000000,0.000000
90.000000,0.880000,0.000000,107,flat_missed_event,clock,0.559622,3.839702,0.000000,0.000000
90.000000,0.880000,0.000000,107,flat_missed_event,forecast,0.000000,4.399324,0.000000,0.000000
90.000000,0.880000,0.000000,107,flat_missed_event,hindsight,4.399324,0.000000,0.000000,0.000000
90.000000,0.880000,0.000000,108,evening_peak,idle,0.000000,3.383799,0.000000,0.000000
90.000000,0.880000,0.000000,108,evening_peak,clock,0.900077,2.483723,0.000000,0.000000
90.000000,0.880000,0.000000,108,evening_peak,forecast,0.900077,2.483723,0.000000,0.000000
90.000000,0.880000,0.000000,108,evening_peak,hindsight,3.383799,0.000000,0.000000,0.000000
90.000000,0.880000,0.000000,109,scarcity_peak,idle,0.000000,5.181014,0.000000,0.000000
90.000000,0.880000,0.000000,109,scarcity_peak,clock,0.443985,4.737029,0.000000,0.000000
90.000000,0.880000,0.000000,109,scarcity_peak,forecast,0.443985,4.737029,0.000000,0.000000
90.000000,0.880000,0.000000,109,scarcity_peak,hindsight,5.181014,0.000000,0.000000,0.000000
90.000000,0.880000,0.000000,110,negative_midday,idle,0.000000,3.170774,0.000000,0.000000
90.000000,0.880000,0.000000,110,negative_midday,clock,0.420912,2.749861,0.000000,0.000000
90.000000,0.880000,0.000000,110,negative_midday,forecast,0.420912,2.749861,0.000000,0.000000
90.000000,0.880000,0.000000,110,negative_midday,hindsight,3.170774,-0.000000,0.000000,0.000000
90.000000,0.880000,0.000000,111,flat_missed_event,idle,0.000000,3.733160,0.000000,0.000000
90.000000,0.880000,0.000000,111,flat_missed_event,clock,-0.092568,3.825729,0.000000,0.000000
90.000000,0.880000,0.000000,111,flat_missed_event,forecast,0.000000,3.733160,0.000000,0.000000
90.000000,0.880000,0.000000,111,flat_missed_event,hindsight,3.733160,-0.000000,0.000000,0.000000
90.000000,0.880000,0.000000,112,evening_peak,idle,0.000000,3.222479,0.000000,0.000000
90.000000,0.880000,0.000000,112,evening_peak,clock,1.137763,2.084716,0.000000,0.000000
90.000000,0.880000,0.000000,112,evening_peak,forecast,1.137763,2.084716,0.000000,0.000000
90.000000,0.880000,0.000000,112,evening_peak,hindsight,3.222479,-0.000000,0.000000,0.000000
90.000000,0.880000,0.000000,113,scarcity_peak,idle,0.000000,4.064512,0.000000,0.000000
90.000000,0.880000,0.000000,113,scarcity_peak,clock,0.504343,3.560169,0.000000,0.000000
90.000000,0.880000,0.000000,113,scarcity_peak,forecast,0.504343,3.560169,0.000000,0.000000
90.000000,0.880000,0.000000,113,scarcity_peak,hindsight,4.064512,-0.000000,0.000000,0.000000
90.000000,0.880000,0.000000,114,negative_midday,idle,0.000000,2.769042,0.000000,0.000000
90.000000,0.880000,0.000000,114,negative_midday,clock,-0.389728,3.158770,0.000000,0.000000
90.000000,0.880000,0.000000,114,negative_midday,forecast,-0.389728,3.158770,0.000000,0.000000
90.000000,0.880000,0.000000,114,negative_midday,hindsight,2.769042,0.000000,0.000000,0.000000
90.000000,0.880000,0.000000,115,flat_missed_event,idle,0.000000,3.508793,0.000000,0.000000
90.000000,0.880000,0.000000,115,flat_missed_event,clock,-0.423529,3.932322,0.000000,0.000000
90.000000,0.880000,0.000000,115,flat_missed_event,forecast,0.000000,3.508793,0.000000,0.000000
90.000000,0.880000,0.000000,115,flat_missed_event,hindsight,3.508793,0.000000,0.000000,0.000000
90.000000,0.880000,0.000000,116,evening_peak,idle,0.000000,3.402306,0.000000,0.000000
90.000000,0.880000,0.000000,116,evening_peak,clock,1.201557,2.200749,0.000000,0.000000
90.000000,0.880000,0.000000,116,evening_peak,forecast,1.201557,2.200749,0.000000,0.000000
90.000000,0.880000,0.000000,116,evening_peak,hindsight,3.402306,0.000000,0.000000,0.000000
90.000000,0.880000,0.000000,117,scarcity_peak,idle,0.000000,4.053735,0.000000,0.000000
90.000000,0.880000,0.000000,117,scarcity_peak,clock,0.550431,3.503304,0.000000,0.000000
90.000000,0.880000,0.000000,117,scarcity_peak,forecast,0.550431,3.503304,0.000000,0.000000
90.000000,0.880000,0.000000,117,scarcity_peak,hindsight,4.053735,0.000000,0.000000,0.000000
90.000000,0.880000,0.000000,118,negative_midday,idle,0.000000,3.224681,0.000000,0.000000
90.000000,0.880000,0.000000,118,negative_midday,clock,1.836054,1.388627,0.000000,0.000000
90.000000,0.880000,0.000000,118,negative_midday,forecast,1.836054,1.388627,0.000000,0.000000
90.000000,0.880000,0.000000,118,negative_midday,hindsight,3.224681,0.000000,0.000000,0.000000
90.000000,0.880000,0.000000,119,flat_missed_event,idle,0.000000,5.100928,0.000000,0.000000
90.000000,0.880000,0.000000,119,flat_missed_event,clock,-0.122468,5.223396,0.000000,0.000000
90.000000,0.880000,0.000000,119,flat_missed_event,forecast,0.000000,5.100928,0.000000,0.000000
90.000000,0.880000,0.000000,119,flat_missed_event,hindsight,5.100928,0.000000,0.000000,0.000000
90.000000,0.880000,5.000000,0,evening_peak,idle,0.000000,2.241614,5.000000,5.000000
90.000000,0.880000,5.000000,0,evening_peak,clock,0.677405,1.564209,5.000000,5.000000
90.000000,0.880000,5.000000,0,evening_peak,forecast,0.677405,1.564209,5.000000,5.000000
90.000000,0.880000,5.000000,0,evening_peak,hindsight,2.241614,-0.000000,5.000000,5.000000
90.000000,0.880000,5.000000,1,scarcity_peak,idle,0.000000,4.062285,5.000000,5.000000
90.000000,0.880000,5.000000,1,scarcity_peak,clock,1.256644,2.805641,5.000000,5.000000
90.000000,0.880000,5.000000,1,scarcity_peak,forecast,1.256644,2.805641,5.000000,5.000000
90.000000,0.880000,5.000000,1,scarcity_peak,hindsight,4.062285,0.000000,5.000000,5.000000
90.000000,0.880000,5.000000,2,negative_midday,idle,0.000000,3.046735,5.000000,5.000000
90.000000,0.880000,5.000000,2,negative_midday,clock,-1.084528,4.131264,5.000000,5.000000
90.000000,0.880000,5.000000,2,negative_midday,forecast,-1.084528,4.131264,5.000000,5.000000
90.000000,0.880000,5.000000,2,negative_midday,hindsight,3.046735,0.000000,5.000000,5.000000
90.000000,0.880000,5.000000,3,flat_missed_event,idle,0.000000,4.377283,5.000000,5.000000
90.000000,0.880000,5.000000,3,flat_missed_event,clock,-1.329272,5.706555,5.000000,5.000000
90.000000,0.880000,5.000000,3,flat_missed_event,forecast,0.000000,4.377283,5.000000,5.000000
90.000000,0.880000,5.000000,3,flat_missed_event,hindsight,4.377283,0.000000,5.000000,5.000000
90.000000,0.880000,5.000000,4,evening_peak,idle,0.000000,2.081316,5.000000,5.000000
90.000000,0.880000,5.000000,4,evening_peak,clock,-0.662858,2.744175,5.000000,5.000000
90.000000,0.880000,5.000000,4,evening_peak,forecast,-0.662858,2.744175,5.000000,5.000000
90.000000,0.880000,5.000000,4,evening_peak,hindsight,2.081316,-0.000000,5.000000,5.000000
90.000000,0.880000,5.000000,5,scarcity_peak,idle,0.000000,4.158073,5.000000,5.000000
90.000000,0.880000,5.000000,5,scarcity_peak,clock,0.159278,3.998795,5.000000,5.000000
90.000000,0.880000,5.000000,5,scarcity_peak,forecast,0.159278,3.998795,5.000000,5.000000
90.000000,0.880000,5.000000,5,scarcity_peak,hindsight,4.158073,-0.000000,5.000000,5.000000
90.000000,0.880000,5.000000,6,negative_midday,idle,0.000000,3.118595,5.000000,5.000000
90.000000,0.880000,5.000000,6,negative_midday,clock,0.532023,2.586572,5.000000,5.000000
90.000000,0.880000,5.000000,6,negative_midday,forecast,0.532023,2.586572,5.000000,5.000000
90.000000,0.880000,5.000000,6,negative_midday,hindsight,3.118595,0.000000,5.000000,5.000000
90.000000,0.880000,5.000000,7,flat_missed_event,idle,0.000000,3.849632,5.000000,5.000000
90.000000,0.880000,5.000000,7,flat_missed_event,clock,0.907865,2.941767,5.000000,5.000000
90.000000,0.880000,5.000000,7,flat_missed_event,forecast,0.000000,3.849632,5.000000,5.000000
90.000000,0.880000,5.000000,7,flat_missed_event,hindsight,3.849632,0.000000,5.000000,5.000000
90.000000,0.880000,5.000000,8,evening_peak,idle,0.000000,3.241381,5.000000,5.000000
90.000000,0.880000,5.000000,8,evening_peak,clock,-0.240406,3.481787,5.000000,5.000000
90.000000,0.880000,5.000000,8,evening_peak,forecast,-0.240406,3.481787,5.000000,5.000000
90.000000,0.880000,5.000000,8,evening_peak,hindsight,3.241381,0.000000,5.000000,5.000000
90.000000,0.880000,5.000000,9,scarcity_peak,idle,0.000000,3.408785,5.000000,5.000000
90.000000,0.880000,5.000000,9,scarcity_peak,clock,0.280636,3.128149,5.000000,5.000000
90.000000,0.880000,5.000000,9,scarcity_peak,forecast,0.280636,3.128149,5.000000,5.000000
90.000000,0.880000,5.000000,9,scarcity_peak,hindsight,3.408785,-0.000000,5.000000,5.000000
90.000000,0.880000,5.000000,10,negative_midday,idle,0.000000,2.402327,5.000000,5.000000
90.000000,0.880000,5.000000,10,negative_midday,clock,1.013998,1.388328,5.000000,5.000000
90.000000,0.880000,5.000000,10,negative_midday,forecast,1.013998,1.388328,5.000000,5.000000
90.000000,0.880000,5.000000,10,negative_midday,hindsight,2.402327,0.000000,5.000000,5.000000
90.000000,0.880000,5.000000,11,flat_missed_event,idle,0.000000,3.376705,5.000000,5.000000
90.000000,0.880000,5.000000,11,flat_missed_event,clock,0.172249,3.204455,5.000000,5.000000
90.000000,0.880000,5.000000,11,flat_missed_event,forecast,0.000000,3.376705,5.000000,5.000000
90.000000,0.880000,5.000000,11,flat_missed_event,hindsight,3.376705,0.000000,5.000000,5.000000
90.000000,0.880000,5.000000,12,evening_peak,idle,0.000000,3.858864,5.000000,5.000000
90.000000,0.880000,5.000000,12,evening_peak,clock,1.971584,1.887280,5.000000,5.000000
90.000000,0.880000,5.000000,12,evening_peak,forecast,1.971584,1.887280,5.000000,5.000000
90.000000,0.880000,5.000000,12,evening_peak,hindsight,3.858864,0.000000,5.000000,5.000000
90.000000,0.880000,5.000000,13,scarcity_peak,idle,0.000000,3.636517,5.000000,5.000000
90.000000,0.880000,5.000000,13,scarcity_peak,clock,-0.447784,4.084301,5.000000,5.000000
90.000000,0.880000,5.000000,13,scarcity_peak,forecast,-0.447784,4.084301,5.000000,5.000000
90.000000,0.880000,5.000000,13,scarcity_peak,hindsight,3.636517,0.000000,5.000000,5.000000
90.000000,0.880000,5.000000,14,negative_midday,idle,0.000000,3.324577,5.000000,5.000000
90.000000,0.880000,5.000000,14,negative_midday,clock,-0.139847,3.464424,5.000000,5.000000
90.000000,0.880000,5.000000,14,negative_midday,forecast,-0.139847,3.464424,5.000000,5.000000
90.000000,0.880000,5.000000,14,negative_midday,hindsight,3.324577,0.000000,5.000000,5.000000
90.000000,0.880000,5.000000,15,flat_missed_event,idle,0.000000,4.234756,5.000000,5.000000
90.000000,0.880000,5.000000,15,flat_missed_event,clock,0.323099,3.911657,5.000000,5.000000
90.000000,0.880000,5.000000,15,flat_missed_event,forecast,0.000000,4.234756,5.000000,5.000000
90.000000,0.880000,5.000000,15,flat_missed_event,hindsight,4.234756,0.000000,5.000000,5.000000
90.000000,0.880000,5.000000,16,evening_peak,idle,0.000000,2.545575,5.000000,5.000000
90.000000,0.880000,5.000000,16,evening_peak,clock,-0.599280,3.144855,5.000000,5.000000
90.000000,0.880000,5.000000,16,evening_peak,forecast,-0.599280,3.144855,5.000000,5.000000
90.000000,0.880000,5.000000,16,evening_peak,hindsight,2.545575,0.000000,5.000000,5.000000
90.000000,0.880000,5.000000,17,scarcity_peak,idle,0.000000,4.979394,5.000000,5.000000
90.000000,0.880000,5.000000,17,scarcity_peak,clock,0.468449,4.510945,5.000000,5.000000
90.000000,0.880000,5.000000,17,scarcity_peak,forecast,0.468449,4.510945,5.000000,5.000000
90.000000,0.880000,5.000000,17,scarcity_peak,hindsight,4.979394,-0.000000,5.000000,5.000000
90.000000,0.880000,5.000000,18,negative_midday,idle,0.000000,2.211573,5.000000,5.000000
90.000000,0.880000,5.000000,18,negative_midday,clock,0.034372,2.177201,5.000000,5.000000
90.000000,0.880000,5.000000,18,negative_midday,forecast,0.034372,2.177201,5.000000,5.000000
90.000000,0.880000,5.000000,18,negative_midday,hindsight,2.211573,0.000000,5.000000,5.000000
90.000000,0.880000,5.000000,19,flat_missed_event,idle,0.000000,3.859668,5.000000,5.000000
90.000000,0.880000,5.000000,19,flat_missed_event,clock,0.245966,3.613702,5.000000,5.000000
90.000000,0.880000,5.000000,19,flat_missed_event,forecast,0.000000,3.859668,5.000000,5.000000
90.000000,0.880000,5.000000,19,flat_missed_event,hindsight,3.859668,-0.000000,5.000000,5.000000
90.000000,0.880000,5.000000,20,evening_peak,idle,0.000000,2.648924,5.000000,5.000000
90.000000,0.880000,5.000000,20,evening_peak,clock,0.606325,2.042599,5.000000,5.000000
90.000000,0.880000,5.000000,20,evening_peak,forecast,0.606325,2.042599,5.000000,5.000000
90.000000,0.880000,5.000000,20,evening_peak,hindsight,2.648924,0.000000,5.000000,5.000000
90.000000,0.880000,5.000000,21,scarcity_peak,idle,0.000000,4.021948,5.000000,5.000000
90.000000,0.880000,5.000000,21,scarcity_peak,clock,0.519352,3.502596,5.000000,5.000000
90.000000,0.880000,5.000000,21,scarcity_peak,forecast,0.519352,3.502596,5.000000,5.000000
90.000000,0.880000,5.000000,21,scarcity_peak,hindsight,4.021948,0.000000,5.000000,5.000000
90.000000,0.880000,5.000000,22,negative_midday,idle,0.000000,2.874472,5.000000,5.000000
90.000000,0.880000,5.000000,22,negative_midday,clock,-0.554074,3.428546,5.000000,5.000000
90.000000,0.880000,5.000000,22,negative_midday,forecast,-0.554074,3.428546,5.000000,5.000000
90.000000,0.880000,5.000000,22,negative_midday,hindsight,2.874472,0.000000,5.000000,5.000000
90.000000,0.880000,5.000000,23,flat_missed_event,idle,0.000000,3.162897,5.000000,5.000000
90.000000,0.880000,5.000000,23,flat_missed_event,clock,-1.371489,4.534386,5.000000,5.000000
90.000000,0.880000,5.000000,23,flat_missed_event,forecast,0.000000,3.162897,5.000000,5.000000
90.000000,0.880000,5.000000,23,flat_missed_event,hindsight,3.162897,0.000000,5.000000,5.000000
90.000000,0.880000,5.000000,24,evening_peak,idle,0.000000,2.526484,5.000000,5.000000
90.000000,0.880000,5.000000,24,evening_peak,clock,1.283771,1.242713,5.000000,5.000000
90.000000,0.880000,5.000000,24,evening_peak,forecast,1.283771,1.242713,5.000000,5.000000
90.000000,0.880000,5.000000,24,evening_peak,hindsight,2.526484,0.000000,5.000000,5.000000
90.000000,0.880000,5.000000,25,scarcity_peak,idle,0.000000,3.927534,5.000000,5.000000
90.000000,0.880000,5.000000,25,scarcity_peak,clock,0.323189,3.604346,5.000000,5.000000
90.000000,0.880000,5.000000,25,scarcity_peak,forecast,0.323189,3.604346,5.000000,5.000000
90.000000,0.880000,5.000000,25,scarcity_peak,hindsight,3.927534,-0.000000,5.000000,5.000000
90.000000,0.880000,5.000000,26,negative_midday,idle,0.000000,2.172268,5.000000,5.000000
90.000000,0.880000,5.000000,26,negative_midday,clock,-1.817218,3.989486,5.000000,5.000000
90.000000,0.880000,5.000000,26,negative_midday,forecast,-1.817218,3.989486,5.000000,5.000000
90.000000,0.880000,5.000000,26,negative_midday,hindsight,2.172268,-0.000000,5.000000,5.000000
90.000000,0.880000,5.000000,27,flat_missed_event,idle,0.000000,3.072662,5.000000,5.000000
90.000000,0.880000,5.000000,27,flat_missed_event,clock,-0.967417,4.040080,5.000000,5.000000
90.000000,0.880000,5.000000,27,flat_missed_event,forecast,0.000000,3.072662,5.000000,5.000000
90.000000,0.880000,5.000000,27,flat_missed_event,hindsight,3.072662,0.000000,5.000000,5.000000
90.000000,0.880000,5.000000,28,evening_peak,idle,0.000000,2.441294,5.000000,5.000000
90.000000,0.880000,5.000000,28,evening_peak,clock,0.655737,1.785557,5.000000,5.000000
90.000000,0.880000,5.000000,28,evening_peak,forecast,0.655737,1.785557,5.000000,5.000000
90.000000,0.880000,5.000000,28,evening_peak,hindsight,2.441294,-0.000000,5.000000,5.000000
90.000000,0.880000,5.000000,29,scarcity_peak,idle,0.000000,4.905407,5.000000,5.000000
90.000000,0.880000,5.000000,29,scarcity_peak,clock,-0.009700,4.915107,5.000000,5.000000
90.000000,0.880000,5.000000,29,scarcity_peak,forecast,-0.009700,4.915107,5.000000,5.000000
90.000000,0.880000,5.000000,29,scarcity_peak,hindsight,4.905407,0.000000,5.000000,5.000000
90.000000,0.880000,5.000000,30,negative_midday,idle,0.000000,2.437270,5.000000,5.000000
90.000000,0.880000,5.000000,30,negative_midday,clock,0.492060,1.945210,5.000000,5.000000
90.000000,0.880000,5.000000,30,negative_midday,forecast,0.492060,1.945210,5.000000,5.000000
90.000000,0.880000,5.000000,30,negative_midday,hindsight,2.437270,0.000000,5.000000,5.000000
90.000000,0.880000,5.000000,31,flat_missed_event,idle,0.000000,3.751794,5.000000,5.000000
90.000000,0.880000,5.000000,31,flat_missed_event,clock,-0.999122,4.750916,5.000000,5.000000
90.000000,0.880000,5.000000,31,flat_missed_event,forecast,0.000000,3.751794,5.000000,5.000000
90.000000,0.880000,5.000000,31,flat_missed_event,hindsight,3.751794,-0.000000,5.000000,5.000000
90.000000,0.880000,5.000000,32,evening_peak,idle,0.000000,2.493464,5.000000,5.000000
90.000000,0.880000,5.000000,32,evening_peak,clock,-0.048278,2.541743,5.000000,5.000000
90.000000,0.880000,5.000000,32,evening_peak,forecast,-0.048278,2.541743,5.000000,5.000000
90.000000,0.880000,5.000000,32,evening_peak,hindsight,2.493464,-0.000000,5.000000,5.000000
90.000000,0.880000,5.000000,33,scarcity_peak,idle,0.000000,3.544428,5.000000,5.000000
90.000000,0.880000,5.000000,33,scarcity_peak,clock,-0.100495,3.644923,5.000000,5.000000
90.000000,0.880000,5.000000,33,scarcity_peak,forecast,-0.100495,3.644923,5.000000,5.000000
90.000000,0.880000,5.000000,33,scarcity_peak,hindsight,3.544428,0.000000,5.000000,5.000000
90.000000,0.880000,5.000000,34,negative_midday,idle,0.000000,3.993250,5.000000,5.000000
90.000000,0.880000,5.000000,34,negative_midday,clock,1.157683,2.835566,5.000000,5.000000
90.000000,0.880000,5.000000,34,negative_midday,forecast,1.157683,2.835566,5.000000,5.000000
90.000000,0.880000,5.000000,34,negative_midday,hindsight,3.993250,0.000000,5.000000,5.000000
90.000000,0.880000,5.000000,35,flat_missed_event,idle,0.000000,3.506678,5.000000,5.000000
90.000000,0.880000,5.000000,35,flat_missed_event,clock,-0.937645,4.444323,5.000000,5.000000
90.000000,0.880000,5.000000,35,flat_missed_event,forecast,0.000000,3.506678,5.000000,5.000000
90.000000,0.880000,5.000000,35,flat_missed_event,hindsight,3.506678,-0.000000,5.000000,5.000000
90.000000,0.880000,5.000000,36,evening_peak,idle,0.000000,2.205715,5.000000,5.000000
90.000000,0.880000,5.000000,36,evening_peak,clock,0.874545,1.331170,5.000000,5.000000
90.000000,0.880000,5.000000,36,evening_peak,forecast,0.874545,1.331170,5.000000,5.000000
90.000000,0.880000,5.000000,36,evening_peak,hindsight,2.205715,0.000000,5.000000,5.000000
90.000000,0.880000,5.000000,37,scarcity_peak,idle,0.000000,4.369090,5.000000,5.000000
90.000000,0.880000,5.000000,37,scarcity_peak,clock,1.446442,2.922648,5.000000,5.000000
90.000000,0.880000,5.000000,37,scarcity_peak,forecast,1.446442,2.922648,5.000000,5.000000
90.000000,0.880000,5.000000,37,scarcity_peak,hindsight,4.369090,0.000000,5.000000,5.000000
90.000000,0.880000,5.000000,38,negative_midday,idle,0.000000,2.256465,5.000000,5.000000
90.000000,0.880000,5.000000,38,negative_midday,clock,-0.270445,2.526910,5.000000,5.000000
90.000000,0.880000,5.000000,38,negative_midday,forecast,-0.270445,2.526910,5.000000,5.000000
90.000000,0.880000,5.000000,38,negative_midday,hindsight,2.256465,0.000000,5.000000,5.000000
90.000000,0.880000,5.000000,39,flat_missed_event,idle,0.000000,4.079707,5.000000,5.000000
90.000000,0.880000,5.000000,39,flat_missed_event,clock,0.354069,3.725638,5.000000,5.000000
90.000000,0.880000,5.000000,39,flat_missed_event,forecast,0.000000,4.079707,5.000000,5.000000
90.000000,0.880000,5.000000,39,flat_missed_event,hindsight,4.079707,0.000000,5.000000,5.000000
90.000000,0.880000,5.000000,40,evening_peak,idle,0.000000,2.641702,5.000000,5.000000
90.000000,0.880000,5.000000,40,evening_peak,clock,1.193694,1.448008,5.000000,5.000000
90.000000,0.880000,5.000000,40,evening_peak,forecast,1.193694,1.448008,5.000000,5.000000
90.000000,0.880000,5.000000,40,evening_peak,hindsight,2.641702,0.000000,5.000000,5.000000
90.000000,0.880000,5.000000,41,scarcity_peak,idle,0.000000,4.185484,5.000000,5.000000
90.000000,0.880000,5.000000,41,scarcity_peak,clock,-0.188317,4.373800,5.000000,5.000000
90.000000,0.880000,5.000000,41,scarcity_peak,forecast,-0.188317,4.373800,5.000000,5.000000
90.000000,0.880000,5.000000,41,scarcity_peak,hindsight,4.185484,0.000000,5.000000,5.000000
90.000000,0.880000,5.000000,42,negative_midday,idle,0.000000,2.592629,5.000000,5.000000
90.000000,0.880000,5.000000,42,negative_midday,clock,-0.555722,3.148351,5.000000,5.000000
90.000000,0.880000,5.000000,42,negative_midday,forecast,-0.555722,3.148351,5.000000,5.000000
90.000000,0.880000,5.000000,42,negative_midday,hindsight,2.592629,0.000000,5.000000,5.000000
90.000000,0.880000,5.000000,43,flat_missed_event,idle,0.000000,3.475362,5.000000,5.000000
90.000000,0.880000,5.000000,43,flat_missed_event,clock,-0.518557,3.993919,5.000000,5.000000
90.000000,0.880000,5.000000,43,flat_missed_event,forecast,0.000000,3.475362,5.000000,5.000000
90.000000,0.880000,5.000000,43,flat_missed_event,hindsight,3.475362,0.000000,5.000000,5.000000
90.000000,0.880000,5.000000,44,evening_peak,idle,0.000000,2.532666,5.000000,5.000000
90.000000,0.880000,5.000000,44,evening_peak,clock,0.879467,1.653199,5.000000,5.000000
90.000000,0.880000,5.000000,44,evening_peak,forecast,0.879467,1.653199,5.000000,5.000000
90.000000,0.880000,5.000000,44,evening_peak,hindsight,2.532666,0.000000,5.000000,5.000000
90.000000,0.880000,5.000000,45,scarcity_peak,idle,0.000000,4.706960,5.000000,5.000000
90.000000,0.880000,5.000000,45,scarcity_peak,clock,0.241692,4.465268,5.000000,5.000000
90.000000,0.880000,5.000000,45,scarcity_peak,forecast,0.241692,4.465268,5.000000,5.000000
90.000000,0.880000,5.000000,45,scarcity_peak,hindsight,4.706960,0.000000,5.000000,5.000000
90.000000,0.880000,5.000000,46,negative_midday,idle,0.000000,3.769519,5.000000,5.000000
90.000000,0.880000,5.000000,46,negative_midday,clock,0.643471,3.126048,5.000000,5.000000
90.000000,0.880000,5.000000,46,negative_midday,forecast,0.643471,3.126048,5.000000,5.000000
90.000000,0.880000,5.000000,46,negative_midday,hindsight,3.769519,0.000000,5.000000,5.000000
90.000000,0.880000,5.000000,47,flat_missed_event,idle,0.000000,3.057876,5.000000,5.000000
90.000000,0.880000,5.000000,47,flat_missed_event,clock,-0.714332,3.772208,5.000000,5.000000
90.000000,0.880000,5.000000,47,flat_missed_event,forecast,0.000000,3.057876,5.000000,5.000000
90.000000,0.880000,5.000000,47,flat_missed_event,hindsight,3.057876,0.000000,5.000000,5.000000
90.000000,0.880000,5.000000,48,evening_peak,idle,0.000000,2.749248,5.000000,5.000000
90.000000,0.880000,5.000000,48,evening_peak,clock,0.338567,2.410681,5.000000,5.000000
90.000000,0.880000,5.000000,48,evening_peak,forecast,0.338567,2.410681,5.000000,5.000000
90.000000,0.880000,5.000000,48,evening_peak,hindsight,2.749248,0.000000,5.000000,5.000000
90.000000,0.880000,5.000000,49,scarcity_peak,idle,0.000000,3.797903,5.000000,5.000000
90.000000,0.880000,5.000000,49,scarcity_peak,clock,1.086156,2.711747,5.000000,5.000000
90.000000,0.880000,5.000000,49,scarcity_peak,forecast,1.086156,2.711747,5.000000,5.000000
90.000000,0.880000,5.000000,49,scarcity_peak,hindsight,3.797903,-0.000000,5.000000,5.000000
90.000000,0.880000,5.000000,50,negative_midday,idle,0.000000,3.048293,5.000000,5.000000
90.000000,0.880000,5.000000,50,negative_midday,clock,0.179327,2.868966,5.000000,5.000000
90.000000,0.880000,5.000000,50,negative_midday,forecast,0.179327,2.868966,5.000000,5.000000
90.000000,0.880000,5.000000,50,negative_midday,hindsight,3.048293,0.000000,5.000000,5.000000
90.000000,0.880000,5.000000,51,flat_missed_event,idle,0.000000,3.369667,5.000000,5.000000
90.000000,0.880000,5.000000,51,flat_missed_event,clock,-0.408252,3.777919,5.000000,5.000000
90.000000,0.880000,5.000000,51,flat_missed_event,forecast,0.000000,3.369667,5.000000,5.000000
90.000000,0.880000,5.000000,51,flat_missed_event,hindsight,3.369667,0.000000,5.000000,5.000000
90.000000,0.880000,5.000000,52,evening_peak,idle,0.000000,2.788095,5.000000,5.000000
90.000000,0.880000,5.000000,52,evening_peak,clock,-0.525736,3.313831,5.000000,5.000000
90.000000,0.880000,5.000000,52,evening_peak,forecast,-0.525736,3.313831,5.000000,5.000000
90.000000,0.880000,5.000000,52,evening_peak,hindsight,2.788095,0.000000,5.000000,5.000000
90.000000,0.880000,5.000000,53,scarcity_peak,idle,0.000000,3.201778,5.000000,5.000000
90.000000,0.880000,5.000000,53,scarcity_peak,clock,-1.348610,4.550388,5.000000,5.000000
90.000000,0.880000,5.000000,53,scarcity_peak,forecast,-1.348610,4.550388,5.000000,5.000000
90.000000,0.880000,5.000000,53,scarcity_peak,hindsight,3.201778,0.000000,5.000000,5.000000
90.000000,0.880000,5.000000,54,negative_midday,idle,0.000000,3.517669,5.000000,5.000000
90.000000,0.880000,5.000000,54,negative_midday,clock,-0.039985,3.557654,5.000000,5.000000
90.000000,0.880000,5.000000,54,negative_midday,forecast,-0.039985,3.557654,5.000000,5.000000
90.000000,0.880000,5.000000,54,negative_midday,hindsight,3.517669,0.000000,5.000000,5.000000
90.000000,0.880000,5.000000,55,flat_missed_event,idle,0.000000,4.266940,5.000000,5.000000
90.000000,0.880000,5.000000,55,flat_missed_event,clock,-0.495022,4.761963,5.000000,5.000000
90.000000,0.880000,5.000000,55,flat_missed_event,forecast,0.000000,4.266940,5.000000,5.000000
90.000000,0.880000,5.000000,55,flat_missed_event,hindsight,4.266940,0.000000,5.000000,5.000000
90.000000,0.880000,5.000000,56,evening_peak,idle,0.000000,2.715531,5.000000,5.000000
90.000000,0.880000,5.000000,56,evening_peak,clock,0.400817,2.314714,5.000000,5.000000
90.000000,0.880000,5.000000,56,evening_peak,forecast,0.400817,2.314714,5.000000,5.000000
90.000000,0.880000,5.000000,56,evening_peak,hindsight,2.715531,0.000000,5.000000,5.000000
90.000000,0.880000,5.000000,57,scarcity_peak,idle,0.000000,4.555219,5.000000,5.000000
90.000000,0.880000,5.000000,57,scarcity_peak,clock,0.550747,4.004472,5.000000,5.000000
90.000000,0.880000,5.000000,57,scarcity_peak,forecast,0.550747,4.004472,5.000000,5.000000
90.000000,0.880000,5.000000,57,scarcity_peak,hindsight,4.555219,0.000000,5.000000,5.000000
90.000000,0.880000,5.000000,58,negative_midday,idle,0.000000,4.262341,5.000000,5.000000
90.000000,0.880000,5.000000,58,negative_midday,clock,1.618868,2.643473,5.000000,5.000000
90.000000,0.880000,5.000000,58,negative_midday,forecast,1.618868,2.643473,5.000000,5.000000
90.000000,0.880000,5.000000,58,negative_midday,hindsight,4.262341,0.000000,5.000000,5.000000
90.000000,0.880000,5.000000,59,flat_missed_event,idle,0.000000,3.938324,5.000000,5.000000
90.000000,0.880000,5.000000,59,flat_missed_event,clock,-0.288334,4.226658,5.000000,5.000000
90.000000,0.880000,5.000000,59,flat_missed_event,forecast,0.000000,3.938324,5.000000,5.000000
90.000000,0.880000,5.000000,59,flat_missed_event,hindsight,3.938324,0.000000,5.000000,5.000000
90.000000,0.880000,5.000000,60,evening_peak,idle,0.000000,2.217217,5.000000,5.000000
90.000000,0.880000,5.000000,60,evening_peak,clock,-0.865955,3.083173,5.000000,5.000000
90.000000,0.880000,5.000000,60,evening_peak,forecast,-0.865955,3.083173,5.000000,5.000000
90.000000,0.880000,5.000000,60,evening_peak,hindsight,2.217217,0.000000,5.000000,5.000000
90.000000,0.880000,5.000000,61,scarcity_peak,idle,0.000000,4.241033,5.000000,5.000000
90.000000,0.880000,5.000000,61,scarcity_peak,clock,-0.873606,5.114638,5.000000,5.000000
90.000000,0.880000,5.000000,61,scarcity_peak,forecast,-0.873606,5.114638,5.000000,5.000000
90.000000,0.880000,5.000000,61,scarcity_peak,hindsight,4.241033,-0.000000,5.000000,5.000000
90.000000,0.880000,5.000000,62,negative_midday,idle,0.000000,3.089908,5.000000,5.000000
90.000000,0.880000,5.000000,62,negative_midday,clock,-0.085270,3.175179,5.000000,5.000000
90.000000,0.880000,5.000000,62,negative_midday,forecast,-0.085270,3.175179,5.000000,5.000000
90.000000,0.880000,5.000000,62,negative_midday,hindsight,3.089908,0.000000,5.000000,5.000000
90.000000,0.880000,5.000000,63,flat_missed_event,idle,0.000000,4.048690,5.000000,5.000000
90.000000,0.880000,5.000000,63,flat_missed_event,clock,0.453592,3.595098,5.000000,5.000000
90.000000,0.880000,5.000000,63,flat_missed_event,forecast,0.000000,4.048690,5.000000,5.000000
90.000000,0.880000,5.000000,63,flat_missed_event,hindsight,4.048690,0.000000,5.000000,5.000000
90.000000,0.880000,5.000000,64,evening_peak,idle,0.000000,2.660562,5.000000,5.000000
90.000000,0.880000,5.000000,64,evening_peak,clock,0.568948,2.091614,5.000000,5.000000
90.000000,0.880000,5.000000,64,evening_peak,forecast,0.568948,2.091614,5.000000,5.000000
90.000000,0.880000,5.000000,64,evening_peak,hindsight,2.660562,0.000000,5.000000,5.000000
90.000000,0.880000,5.000000,65,scarcity_peak,idle,0.000000,4.863857,5.000000,5.000000
90.000000,0.880000,5.000000,65,scarcity_peak,clock,1.018470,3.845387,5.000000,5.000000
90.000000,0.880000,5.000000,65,scarcity_peak,forecast,1.018470,3.845387,5.000000,5.000000
90.000000,0.880000,5.000000,65,scarcity_peak,hindsight,4.863857,0.000000,5.000000,5.000000
90.000000,0.880000,5.000000,66,negative_midday,idle,0.000000,3.371907,5.000000,5.000000
90.000000,0.880000,5.000000,66,negative_midday,clock,1.497554,1.874353,5.000000,5.000000
90.000000,0.880000,5.000000,66,negative_midday,forecast,1.497554,1.874353,5.000000,5.000000
90.000000,0.880000,5.000000,66,negative_midday,hindsight,3.371907,0.000000,5.000000,5.000000
90.000000,0.880000,5.000000,67,flat_missed_event,idle,0.000000,3.898288,5.000000,5.000000
90.000000,0.880000,5.000000,67,flat_missed_event,clock,1.603706,2.294582,5.000000,5.000000
90.000000,0.880000,5.000000,67,flat_missed_event,forecast,0.000000,3.898288,5.000000,5.000000
90.000000,0.880000,5.000000,67,flat_missed_event,hindsight,3.898288,0.000000,5.000000,5.000000
90.000000,0.880000,5.000000,68,evening_peak,idle,0.000000,2.730920,5.000000,5.000000
90.000000,0.880000,5.000000,68,evening_peak,clock,-0.203224,2.934144,5.000000,5.000000
90.000000,0.880000,5.000000,68,evening_peak,forecast,-0.203224,2.934144,5.000000,5.000000
90.000000,0.880000,5.000000,68,evening_peak,hindsight,2.730920,-0.000000,5.000000,5.000000
90.000000,0.880000,5.000000,69,scarcity_peak,idle,0.000000,3.728860,5.000000,5.000000
90.000000,0.880000,5.000000,69,scarcity_peak,clock,-1.775259,5.504119,5.000000,5.000000
90.000000,0.880000,5.000000,69,scarcity_peak,forecast,-1.775259,5.504119,5.000000,5.000000
90.000000,0.880000,5.000000,69,scarcity_peak,hindsight,3.728860,0.000000,5.000000,5.000000
90.000000,0.880000,5.000000,70,negative_midday,idle,0.000000,2.151245,5.000000,5.000000
90.000000,0.880000,5.000000,70,negative_midday,clock,-0.996905,3.148150,5.000000,5.000000
90.000000,0.880000,5.000000,70,negative_midday,forecast,-0.996905,3.148150,5.000000,5.000000
90.000000,0.880000,5.000000,70,negative_midday,hindsight,2.151245,0.000000,5.000000,5.000000
90.000000,0.880000,5.000000,71,flat_missed_event,idle,0.000000,3.762568,5.000000,5.000000
90.000000,0.880000,5.000000,71,flat_missed_event,clock,-0.051843,3.814411,5.000000,5.000000
90.000000,0.880000,5.000000,71,flat_missed_event,forecast,0.000000,3.762568,5.000000,5.000000
90.000000,0.880000,5.000000,71,flat_missed_event,hindsight,3.762568,-0.000000,5.000000,5.000000
90.000000,0.880000,5.000000,72,evening_peak,idle,0.000000,2.554612,5.000000,5.000000
90.000000,0.880000,5.000000,72,evening_peak,clock,0.409154,2.145459,5.000000,5.000000
90.000000,0.880000,5.000000,72,evening_peak,forecast,0.409154,2.145459,5.000000,5.000000
90.000000,0.880000,5.000000,72,evening_peak,hindsight,2.554612,0.000000,5.000000,5.000000
90.000000,0.880000,5.000000,73,scarcity_peak,idle,0.000000,4.135276,5.000000,5.000000
90.000000,0.880000,5.000000,73,scarcity_peak,clock,0.488391,3.646885,5.000000,5.000000
90.000000,0.880000,5.000000,73,scarcity_peak,forecast,0.488391,3.646885,5.000000,5.000000
90.000000,0.880000,5.000000,73,scarcity_peak,hindsight,4.135276,0.000000,5.000000,5.000000
90.000000,0.880000,5.000000,74,negative_midday,idle,0.000000,2.793614,5.000000,5.000000
90.000000,0.880000,5.000000,74,negative_midday,clock,0.866273,1.927341,5.000000,5.000000
90.000000,0.880000,5.000000,74,negative_midday,forecast,0.866273,1.927341,5.000000,5.000000
90.000000,0.880000,5.000000,74,negative_midday,hindsight,2.793614,0.000000,5.000000,5.000000
90.000000,0.880000,5.000000,75,flat_missed_event,idle,0.000000,4.087832,5.000000,5.000000
90.000000,0.880000,5.000000,75,flat_missed_event,clock,-0.063596,4.151428,5.000000,5.000000
90.000000,0.880000,5.000000,75,flat_missed_event,forecast,0.000000,4.087832,5.000000,5.000000
90.000000,0.880000,5.000000,75,flat_missed_event,hindsight,4.087832,0.000000,5.000000,5.000000
90.000000,0.880000,5.000000,76,evening_peak,idle,0.000000,3.655409,5.000000,5.000000
90.000000,0.880000,5.000000,76,evening_peak,clock,0.580779,3.074630,5.000000,5.000000
90.000000,0.880000,5.000000,76,evening_peak,forecast,0.580779,3.074630,5.000000,5.000000
90.000000,0.880000,5.000000,76,evening_peak,hindsight,3.655409,-0.000000,5.000000,5.000000
90.000000,0.880000,5.000000,77,scarcity_peak,idle,0.000000,4.601015,5.000000,5.000000
90.000000,0.880000,5.000000,77,scarcity_peak,clock,-0.092390,4.693405,5.000000,5.000000
90.000000,0.880000,5.000000,77,scarcity_peak,forecast,-0.092390,4.693405,5.000000,5.000000
90.000000,0.880000,5.000000,77,scarcity_peak,hindsight,4.601015,0.000000,5.000000,5.000000
90.000000,0.880000,5.000000,78,negative_midday,idle,0.000000,3.515335,5.000000,5.000000
90.000000,0.880000,5.000000,78,negative_midday,clock,0.303589,3.211746,5.000000,5.000000
90.000000,0.880000,5.000000,78,negative_midday,forecast,0.303589,3.211746,5.000000,5.000000
90.000000,0.880000,5.000000,78,negative_midday,hindsight,3.515335,0.000000,5.000000,5.000000
90.000000,0.880000,5.000000,79,flat_missed_event,idle,0.000000,2.918544,5.000000,5.000000
90.000000,0.880000,5.000000,79,flat_missed_event,clock,-1.832968,4.751512,5.000000,5.000000
90.000000,0.880000,5.000000,79,flat_missed_event,forecast,0.000000,2.918544,5.000000,5.000000
90.000000,0.880000,5.000000,79,flat_missed_event,hindsight,2.918544,0.000000,5.000000,5.000000
90.000000,0.880000,5.000000,80,evening_peak,idle,0.000000,2.363746,5.000000,5.000000
90.000000,0.880000,5.000000,80,evening_peak,clock,-0.243274,2.607020,5.000000,5.000000
90.000000,0.880000,5.000000,80,evening_peak,forecast,-0.243274,2.607020,5.000000,5.000000
90.000000,0.880000,5.000000,80,evening_peak,hindsight,2.363746,0.000000,5.000000,5.000000
90.000000,0.880000,5.000000,81,scarcity_peak,idle,0.000000,3.876222,5.000000,5.000000
90.000000,0.880000,5.000000,81,scarcity_peak,clock,0.537205,3.339017,5.000000,5.000000
90.000000,0.880000,5.000000,81,scarcity_peak,forecast,0.537205,3.339017,5.000000,5.000000
90.000000,0.880000,5.000000,81,scarcity_peak,hindsight,3.876222,-0.000000,5.000000,5.000000
90.000000,0.880000,5.000000,82,negative_midday,idle,0.000000,3.068959,5.000000,5.000000
90.000000,0.880000,5.000000,82,negative_midday,clock,0.727607,2.341352,5.000000,5.000000
90.000000,0.880000,5.000000,82,negative_midday,forecast,0.727607,2.341352,5.000000,5.000000
90.000000,0.880000,5.000000,82,negative_midday,hindsight,3.068959,0.000000,5.000000,5.000000
90.000000,0.880000,5.000000,83,flat_missed_event,idle,0.000000,3.962420,5.000000,5.000000
90.000000,0.880000,5.000000,83,flat_missed_event,clock,0.336683,3.625736,5.000000,5.000000
90.000000,0.880000,5.000000,83,flat_missed_event,forecast,0.000000,3.962420,5.000000,5.000000
90.000000,0.880000,5.000000,83,flat_missed_event,hindsight,3.962420,-0.000000,5.000000,5.000000
90.000000,0.880000,5.000000,84,evening_peak,idle,0.000000,2.301563,5.000000,5.000000
90.000000,0.880000,5.000000,84,evening_peak,clock,-0.480546,2.782109,5.000000,5.000000
90.000000,0.880000,5.000000,84,evening_peak,forecast,-0.480546,2.782109,5.000000,5.000000
90.000000,0.880000,5.000000,84,evening_peak,hindsight,2.301563,0.000000,5.000000,5.000000
90.000000,0.880000,5.000000,85,scarcity_peak,idle,0.000000,4.257554,5.000000,5.000000
90.000000,0.880000,5.000000,85,scarcity_peak,clock,1.146428,3.111125,5.000000,5.000000
90.000000,0.880000,5.000000,85,scarcity_peak,forecast,1.146428,3.111125,5.000000,5.000000
90.000000,0.880000,5.000000,85,scarcity_peak,hindsight,4.257554,0.000000,5.000000,5.000000
90.000000,0.880000,5.000000,86,negative_midday,idle,0.000000,3.106396,5.000000,5.000000
90.000000,0.880000,5.000000,86,negative_midday,clock,0.784297,2.322099,5.000000,5.000000
90.000000,0.880000,5.000000,86,negative_midday,forecast,0.784297,2.322099,5.000000,5.000000
90.000000,0.880000,5.000000,86,negative_midday,hindsight,3.106396,0.000000,5.000000,5.000000
90.000000,0.880000,5.000000,87,flat_missed_event,idle,0.000000,4.161819,5.000000,5.000000
90.000000,0.880000,5.000000,87,flat_missed_event,clock,-1.247884,5.409703,5.000000,5.000000
90.000000,0.880000,5.000000,87,flat_missed_event,forecast,0.000000,4.161819,5.000000,5.000000
90.000000,0.880000,5.000000,87,flat_missed_event,hindsight,4.161819,0.000000,5.000000,5.000000
90.000000,0.880000,5.000000,88,evening_peak,idle,0.000000,3.098792,5.000000,5.000000
90.000000,0.880000,5.000000,88,evening_peak,clock,-0.496058,3.594850,5.000000,5.000000
90.000000,0.880000,5.000000,88,evening_peak,forecast,-0.496058,3.594850,5.000000,5.000000
90.000000,0.880000,5.000000,88,evening_peak,hindsight,3.098792,0.000000,5.000000,5.000000
90.000000,0.880000,5.000000,89,scarcity_peak,idle,0.000000,4.277406,5.000000,5.000000
90.000000,0.880000,5.000000,89,scarcity_peak,clock,-0.183841,4.461247,5.000000,5.000000
90.000000,0.880000,5.000000,89,scarcity_peak,forecast,-0.183841,4.461247,5.000000,5.000000
90.000000,0.880000,5.000000,89,scarcity_peak,hindsight,4.277406,0.000000,5.000000,5.000000
90.000000,0.880000,5.000000,90,negative_midday,idle,0.000000,3.715443,5.000000,5.000000
90.000000,0.880000,5.000000,90,negative_midday,clock,0.531556,3.183887,5.000000,5.000000
90.000000,0.880000,5.000000,90,negative_midday,forecast,0.531556,3.183887,5.000000,5.000000
90.000000,0.880000,5.000000,90,negative_midday,hindsight,3.715443,-0.000000,5.000000,5.000000
90.000000,0.880000,5.000000,91,flat_missed_event,idle,0.000000,3.062630,5.000000,5.000000
90.000000,0.880000,5.000000,91,flat_missed_event,clock,-0.110411,3.173041,5.000000,5.000000
90.000000,0.880000,5.000000,91,flat_missed_event,forecast,0.000000,3.062630,5.000000,5.000000
90.000000,0.880000,5.000000,91,flat_missed_event,hindsight,3.062630,0.000000,5.000000,5.000000
90.000000,0.880000,5.000000,92,evening_peak,idle,0.000000,2.346642,5.000000,5.000000
90.000000,0.880000,5.000000,92,evening_peak,clock,-0.955600,3.302241,5.000000,5.000000
90.000000,0.880000,5.000000,92,evening_peak,forecast,-0.955600,3.302241,5.000000,5.000000
90.000000,0.880000,5.000000,92,evening_peak,hindsight,2.346642,0.000000,5.000000,5.000000
90.000000,0.880000,5.000000,93,scarcity_peak,idle,0.000000,3.769662,5.000000,5.000000
90.000000,0.880000,5.000000,93,scarcity_peak,clock,1.108540,2.661122,5.000000,5.000000
90.000000,0.880000,5.000000,93,scarcity_peak,forecast,1.108540,2.661122,5.000000,5.000000
90.000000,0.880000,5.000000,93,scarcity_peak,hindsight,3.769662,0.000000,5.000000,5.000000
90.000000,0.880000,5.000000,94,negative_midday,idle,0.000000,2.480844,5.000000,5.000000
90.000000,0.880000,5.000000,94,negative_midday,clock,1.097665,1.383179,5.000000,5.000000
90.000000,0.880000,5.000000,94,negative_midday,forecast,1.097665,1.383179,5.000000,5.000000
90.000000,0.880000,5.000000,94,negative_midday,hindsight,2.480844,0.000000,5.000000,5.000000
90.000000,0.880000,5.000000,95,flat_missed_event,idle,0.000000,3.948236,5.000000,5.000000
90.000000,0.880000,5.000000,95,flat_missed_event,clock,1.681023,2.267213,5.000000,5.000000
90.000000,0.880000,5.000000,95,flat_missed_event,forecast,0.000000,3.948236,5.000000,5.000000
90.000000,0.880000,5.000000,95,flat_missed_event,hindsight,3.948236,0.000000,5.000000,5.000000
90.000000,0.880000,5.000000,96,evening_peak,idle,0.000000,2.885709,5.000000,5.000000
90.000000,0.880000,5.000000,96,evening_peak,clock,-1.200601,4.086310,5.000000,5.000000
90.000000,0.880000,5.000000,96,evening_peak,forecast,-1.200601,4.086310,5.000000,5.000000
90.000000,0.880000,5.000000,96,evening_peak,hindsight,2.885709,0.000000,5.000000,5.000000
90.000000,0.880000,5.000000,97,scarcity_peak,idle,0.000000,4.839873,5.000000,5.000000
90.000000,0.880000,5.000000,97,scarcity_peak,clock,-0.557146,5.397019,5.000000,5.000000
90.000000,0.880000,5.000000,97,scarcity_peak,forecast,-0.557146,5.397019,5.000000,5.000000
90.000000,0.880000,5.000000,97,scarcity_peak,hindsight,4.839873,0.000000,5.000000,5.000000
90.000000,0.880000,5.000000,98,negative_midday,idle,0.000000,2.962524,5.000000,5.000000
90.000000,0.880000,5.000000,98,negative_midday,clock,-0.062178,3.024702,5.000000,5.000000
90.000000,0.880000,5.000000,98,negative_midday,forecast,-0.062178,3.024702,5.000000,5.000000
90.000000,0.880000,5.000000,98,negative_midday,hindsight,2.962524,0.000000,5.000000,5.000000
90.000000,0.880000,5.000000,99,flat_missed_event,idle,0.000000,3.482936,5.000000,5.000000
90.000000,0.880000,5.000000,99,flat_missed_event,clock,-0.343080,3.826016,5.000000,5.000000
90.000000,0.880000,5.000000,99,flat_missed_event,forecast,0.000000,3.482936,5.000000,5.000000
90.000000,0.880000,5.000000,99,flat_missed_event,hindsight,3.482936,0.000000,5.000000,5.000000
90.000000,0.880000,5.000000,100,evening_peak,idle,0.000000,2.754596,5.000000,5.000000
90.000000,0.880000,5.000000,100,evening_peak,clock,0.549160,2.205436,5.000000,5.000000
90.000000,0.880000,5.000000,100,evening_peak,forecast,0.549160,2.205436,5.000000,5.000000
90.000000,0.880000,5.000000,100,evening_peak,hindsight,2.754596,0.000000,5.000000,5.000000
90.000000,0.880000,5.000000,101,scarcity_peak,idle,0.000000,3.680318,5.000000,5.000000
90.000000,0.880000,5.000000,101,scarcity_peak,clock,0.794907,2.885411,5.000000,5.000000
90.000000,0.880000,5.000000,101,scarcity_peak,forecast,0.794907,2.885411,5.000000,5.000000
90.000000,0.880000,5.000000,101,scarcity_peak,hindsight,3.680318,0.000000,5.000000,5.000000
90.000000,0.880000,5.000000,102,negative_midday,idle,0.000000,3.268260,5.000000,5.000000
90.000000,0.880000,5.000000,102,negative_midday,clock,0.042361,3.225899,5.000000,5.000000
90.000000,0.880000,5.000000,102,negative_midday,forecast,0.042361,3.225899,5.000000,5.000000
90.000000,0.880000,5.000000,102,negative_midday,hindsight,3.268260,0.000000,5.000000,5.000000
90.000000,0.880000,5.000000,103,flat_missed_event,idle,0.000000,3.807151,5.000000,5.000000
90.000000,0.880000,5.000000,103,flat_missed_event,clock,0.751312,3.055839,5.000000,5.000000
90.000000,0.880000,5.000000,103,flat_missed_event,forecast,0.000000,3.807151,5.000000,5.000000
90.000000,0.880000,5.000000,103,flat_missed_event,hindsight,3.807151,-0.000000,5.000000,5.000000
90.000000,0.880000,5.000000,104,evening_peak,idle,0.000000,2.609541,5.000000,5.000000
90.000000,0.880000,5.000000,104,evening_peak,clock,-0.859264,3.468805,5.000000,5.000000
90.000000,0.880000,5.000000,104,evening_peak,forecast,-0.859264,3.468805,5.000000,5.000000
90.000000,0.880000,5.000000,104,evening_peak,hindsight,2.609541,0.000000,5.000000,5.000000
90.000000,0.880000,5.000000,105,scarcity_peak,idle,0.000000,3.863062,5.000000,5.000000
90.000000,0.880000,5.000000,105,scarcity_peak,clock,0.292600,3.570463,5.000000,5.000000
90.000000,0.880000,5.000000,105,scarcity_peak,forecast,0.292600,3.570463,5.000000,5.000000
90.000000,0.880000,5.000000,105,scarcity_peak,hindsight,3.863062,-0.000000,5.000000,5.000000
90.000000,0.880000,5.000000,106,negative_midday,idle,0.000000,2.029807,5.000000,5.000000
90.000000,0.880000,5.000000,106,negative_midday,clock,-0.291425,2.321232,5.000000,5.000000
90.000000,0.880000,5.000000,106,negative_midday,forecast,-0.291425,2.321232,5.000000,5.000000
90.000000,0.880000,5.000000,106,negative_midday,hindsight,2.029807,0.000000,5.000000,5.000000
90.000000,0.880000,5.000000,107,flat_missed_event,idle,0.000000,4.024331,5.000000,5.000000
90.000000,0.880000,5.000000,107,flat_missed_event,clock,0.085439,3.938891,5.000000,5.000000
90.000000,0.880000,5.000000,107,flat_missed_event,forecast,0.000000,4.024331,5.000000,5.000000
90.000000,0.880000,5.000000,107,flat_missed_event,hindsight,4.024331,0.000000,5.000000,5.000000
90.000000,0.880000,5.000000,108,evening_peak,idle,0.000000,3.010446,5.000000,5.000000
90.000000,0.880000,5.000000,108,evening_peak,clock,0.937956,2.072490,5.000000,5.000000
90.000000,0.880000,5.000000,108,evening_peak,forecast,0.937956,2.072490,5.000000,5.000000
90.000000,0.880000,5.000000,108,evening_peak,hindsight,3.010446,0.000000,5.000000,5.000000
90.000000,0.880000,5.000000,109,scarcity_peak,idle,0.000000,4.787181,5.000000,5.000000
90.000000,0.880000,5.000000,109,scarcity_peak,clock,-0.032411,4.819592,5.000000,5.000000
90.000000,0.880000,5.000000,109,scarcity_peak,forecast,-0.032411,4.819592,5.000000,5.000000
90.000000,0.880000,5.000000,109,scarcity_peak,hindsight,4.787181,0.000000,5.000000,5.000000
90.000000,0.880000,5.000000,110,negative_midday,idle,0.000000,2.859554,5.000000,5.000000
90.000000,0.880000,5.000000,110,negative_midday,clock,-0.576953,3.436506,5.000000,5.000000
90.000000,0.880000,5.000000,110,negative_midday,forecast,-0.576953,3.436506,5.000000,5.000000
90.000000,0.880000,5.000000,110,negative_midday,hindsight,2.859554,-0.000000,5.000000,5.000000
90.000000,0.880000,5.000000,111,flat_missed_event,idle,0.000000,3.355380,5.000000,5.000000
90.000000,0.880000,5.000000,111,flat_missed_event,clock,0.122803,3.232578,5.000000,5.000000
90.000000,0.880000,5.000000,111,flat_missed_event,forecast,0.000000,3.355380,5.000000,5.000000
90.000000,0.880000,5.000000,111,flat_missed_event,hindsight,3.355380,-0.000000,5.000000,5.000000
90.000000,0.880000,5.000000,112,evening_peak,idle,0.000000,2.784527,5.000000,5.000000
90.000000,0.880000,5.000000,112,evening_peak,clock,0.602222,2.182305,5.000000,5.000000
90.000000,0.880000,5.000000,112,evening_peak,forecast,0.602222,2.182305,5.000000,5.000000
90.000000,0.880000,5.000000,112,evening_peak,hindsight,2.784527,0.000000,5.000000,5.000000
90.000000,0.880000,5.000000,113,scarcity_peak,idle,0.000000,3.820335,5.000000,5.000000
90.000000,0.880000,5.000000,113,scarcity_peak,clock,-0.089723,3.910058,5.000000,5.000000
90.000000,0.880000,5.000000,113,scarcity_peak,forecast,-0.089723,3.910058,5.000000,5.000000
90.000000,0.880000,5.000000,113,scarcity_peak,hindsight,3.820335,-0.000000,5.000000,5.000000
90.000000,0.880000,5.000000,114,negative_midday,idle,0.000000,2.649842,5.000000,5.000000
90.000000,0.880000,5.000000,114,negative_midday,clock,-0.842924,3.492767,5.000000,5.000000
90.000000,0.880000,5.000000,114,negative_midday,forecast,-0.842924,3.492767,5.000000,5.000000
90.000000,0.880000,5.000000,114,negative_midday,hindsight,2.649842,-0.000000,5.000000,5.000000
90.000000,0.880000,5.000000,115,flat_missed_event,idle,0.000000,3.220060,5.000000,5.000000
90.000000,0.880000,5.000000,115,flat_missed_event,clock,-0.517783,3.737843,5.000000,5.000000
90.000000,0.880000,5.000000,115,flat_missed_event,forecast,0.000000,3.220060,5.000000,5.000000
90.000000,0.880000,5.000000,115,flat_missed_event,hindsight,3.220060,0.000000,5.000000,5.000000
90.000000,0.880000,5.000000,116,evening_peak,idle,0.000000,3.055723,5.000000,5.000000
90.000000,0.880000,5.000000,116,evening_peak,clock,0.656948,2.398774,5.000000,5.000000
90.000000,0.880000,5.000000,116,evening_peak,forecast,0.656948,2.398774,5.000000,5.000000
90.000000,0.880000,5.000000,116,evening_peak,hindsight,3.055723,0.000000,5.000000,5.000000
90.000000,0.880000,5.000000,117,scarcity_peak,idle,0.000000,3.928636,5.000000,5.000000
90.000000,0.880000,5.000000,117,scarcity_peak,clock,0.391163,3.537473,5.000000,5.000000
90.000000,0.880000,5.000000,117,scarcity_peak,forecast,0.391163,3.537473,5.000000,5.000000
90.000000,0.880000,5.000000,117,scarcity_peak,hindsight,3.928636,0.000000,5.000000,5.000000
90.000000,0.880000,5.000000,118,negative_midday,idle,0.000000,2.902571,5.000000,5.000000
90.000000,0.880000,5.000000,118,negative_midday,clock,0.962481,1.940090,5.000000,5.000000
90.000000,0.880000,5.000000,118,negative_midday,forecast,0.962481,1.940090,5.000000,5.000000
90.000000,0.880000,5.000000,118,negative_midday,hindsight,2.902571,0.000000,5.000000,5.000000
90.000000,0.880000,5.000000,119,flat_missed_event,idle,0.000000,4.604567,5.000000,5.000000
90.000000,0.880000,5.000000,119,flat_missed_event,clock,-0.549015,5.153582,5.000000,5.000000
90.000000,0.880000,5.000000,119,flat_missed_event,forecast,0.000000,4.604567,5.000000,5.000000
90.000000,0.880000,5.000000,119,flat_missed_event,hindsight,4.604567,0.000000,5.000000,5.000000
90.000000,0.880000,10.000000,0,evening_peak,idle,0.000000,1.941633,10.000000,10.000000
90.000000,0.880000,10.000000,0,evening_peak,clock,0.162751,1.778882,10.000000,10.000000
90.000000,0.880000,10.000000,0,evening_peak,forecast,0.162751,1.778882,10.000000,10.000000
90.000000,0.880000,10.000000,0,evening_peak,hindsight,1.941633,0.000000,10.000000,10.000000
90.000000,0.880000,10.000000,1,scarcity_peak,idle,0.000000,3.403944,10.000000,10.000000
90.000000,0.880000,10.000000,1,scarcity_peak,clock,0.857624,2.546320,10.000000,10.000000
90.000000,0.880000,10.000000,1,scarcity_peak,forecast,0.872287,2.531657,10.000000,10.000000
90.000000,0.880000,10.000000,1,scarcity_peak,hindsight,3.403944,-0.000000,10.000000,10.000000
90.000000,0.880000,10.000000,2,negative_midday,idle,0.000000,2.533405,10.000000,10.000000
90.000000,0.880000,10.000000,2,negative_midday,clock,-0.925437,3.458842,10.000000,10.000000
90.000000,0.880000,10.000000,2,negative_midday,forecast,-0.773737,3.307142,10.000000,10.000000
90.000000,0.880000,10.000000,2,negative_midday,hindsight,2.533405,0.000000,10.000000,10.000000
90.000000,0.880000,10.000000,3,flat_missed_event,idle,0.000000,3.757385,10.000000,10.000000
90.000000,0.880000,10.000000,3,flat_missed_event,clock,-1.212593,4.969978,10.000000,10.000000
90.000000,0.880000,10.000000,3,flat_missed_event,forecast,0.000000,3.757385,10.000000,10.000000
90.000000,0.880000,10.000000,3,flat_missed_event,hindsight,3.757385,-0.000000,10.000000,10.000000
90.000000,0.880000,10.000000,4,evening_peak,idle,0.000000,1.807906,10.000000,10.000000
90.000000,0.880000,10.000000,4,evening_peak,clock,-0.820950,2.628855,10.000000,10.000000
90.000000,0.880000,10.000000,4,evening_peak,forecast,-0.820950,2.628855,10.000000,10.000000
90.000000,0.880000,10.000000,4,evening_peak,hindsight,1.807906,0.000000,10.000000,10.000000
90.000000,0.880000,10.000000,5,scarcity_peak,idle,0.000000,3.608063,10.000000,10.000000
90.000000,0.880000,10.000000,5,scarcity_peak,clock,0.505469,3.102594,10.000000,10.000000
90.000000,0.880000,10.000000,5,scarcity_peak,forecast,0.340427,3.267637,10.000000,10.000000
90.000000,0.880000,10.000000,5,scarcity_peak,hindsight,3.608063,0.000000,10.000000,10.000000
90.000000,0.880000,10.000000,6,negative_midday,idle,0.000000,2.656646,10.000000,10.000000
90.000000,0.880000,10.000000,6,negative_midday,clock,0.146106,2.510540,10.000000,10.000000
90.000000,0.880000,10.000000,6,negative_midday,forecast,0.482830,2.173816,10.000000,10.000000
90.000000,0.880000,10.000000,6,negative_midday,hindsight,2.656646,0.000000,10.000000,10.000000
90.000000,0.880000,10.000000,7,flat_missed_event,idle,0.000000,3.201127,10.000000,10.000000
90.000000,0.880000,10.000000,7,flat_missed_event,clock,0.584424,2.616703,10.000000,10.000000
90.000000,0.880000,10.000000,7,flat_missed_event,forecast,0.000000,3.201127,10.000000,10.000000
90.000000,0.880000,10.000000,7,flat_missed_event,hindsight,3.201127,0.000000,10.000000,10.000000
90.000000,0.880000,10.000000,8,evening_peak,idle,0.000000,2.680802,10.000000,10.000000
90.000000,0.880000,10.000000,8,evening_peak,clock,-0.345245,3.026048,10.000000,10.000000
90.000000,0.880000,10.000000,8,evening_peak,forecast,-0.345245,3.026048,10.000000,10.000000
90.000000,0.880000,10.000000,8,evening_peak,hindsight,2.680802,0.000000,10.000000,10.000000
90.000000,0.880000,10.000000,9,scarcity_peak,idle,0.000000,3.158072,10.000000,10.000000
90.000000,0.880000,10.000000,9,scarcity_peak,clock,0.174902,2.983170,10.000000,10.000000
90.000000,0.880000,10.000000,9,scarcity_peak,forecast,0.154330,3.003743,10.000000,10.000000
90.000000,0.880000,10.000000,9,scarcity_peak,hindsight,3.158072,-0.000000,10.000000,10.000000
90.000000,0.880000,10.000000,10,negative_midday,idle,0.000000,1.916710,10.000000,10.000000
90.000000,0.880000,10.000000,10,negative_midday,clock,1.163783,0.752927,10.000000,10.000000
90.000000,0.880000,10.000000,10,negative_midday,forecast,0.592761,1.323949,10.000000,10.000000
90.000000,0.880000,10.000000,10,negative_midday,hindsight,1.916710,0.000000,10.000000,10.000000
90.000000,0.880000,10.000000,11,flat_missed_event,idle,0.000000,2.869736,10.000000,10.000000
90.000000,0.880000,10.000000,11,flat_missed_event,clock,0.168955,2.700781,10.000000,10.000000
90.000000,0.880000,10.000000,11,flat_missed_event,forecast,0.000000,2.869736,10.000000,10.000000
90.000000,0.880000,10.000000,11,flat_missed_event,hindsight,2.869736,0.000000,10.000000,10.000000
90.000000,0.880000,10.000000,12,evening_peak,idle,0.000000,3.088583,10.000000,10.000000
90.000000,0.880000,10.000000,12,evening_peak,clock,1.109483,1.979100,10.000000,10.000000
90.000000,0.880000,10.000000,12,evening_peak,forecast,1.109483,1.979100,10.000000,10.000000
90.000000,0.880000,10.000000,12,evening_peak,hindsight,3.088583,-0.000000,10.000000,10.000000
90.000000,0.880000,10.000000,13,scarcity_peak,idle,0.000000,3.441032,10.000000,10.000000
90.000000,0.880000,10.000000,13,scarcity_peak,clock,-1.045886,4.486918,10.000000,10.000000
90.000000,0.880000,10.000000,13,scarcity_peak,forecast,-1.247914,4.688946,10.000000,10.000000
90.000000,0.880000,10.000000,13,scarcity_peak,hindsight,3.441032,0.000000,10.000000,10.000000
90.000000,0.880000,10.000000,14,negative_midday,idle,0.000000,2.788284,10.000000,10.000000
90.000000,0.880000,10.000000,14,negative_midday,clock,-0.323019,3.111303,10.000000,10.000000
90.000000,0.880000,10.000000,14,negative_midday,forecast,0.052179,2.736104,10.000000,10.000000
90.000000,0.880000,10.000000,14,negative_midday,hindsight,2.788284,-0.000000,10.000000,10.000000
90.000000,0.880000,10.000000,15,flat_missed_event,idle,0.000000,3.662014,10.000000,10.000000
90.000000,0.880000,10.000000,15,flat_missed_event,clock,0.656893,3.005121,10.000000,10.000000
90.000000,0.880000,10.000000,15,flat_missed_event,forecast,0.000000,3.662014,10.000000,10.000000
90.000000,0.880000,10.000000,15,flat_missed_event,hindsight,3.662014,0.000000,10.000000,10.000000
90.000000,0.880000,10.000000,16,evening_peak,idle,0.000000,2.206901,10.000000,10.000000
90.000000,0.880000,10.000000,16,evening_peak,clock,-0.810992,3.017893,10.000000,10.000000
90.000000,0.880000,10.000000,16,evening_peak,forecast,-0.810992,3.017893,10.000000,10.000000
90.000000,0.880000,10.000000,16,evening_peak,hindsight,2.206901,0.000000,10.000000,10.000000
90.000000,0.880000,10.000000,17,scarcity_peak,idle,0.000000,4.249178,10.000000,10.000000
90.000000,0.880000,10.000000,17,scarcity_peak,clock,0.120227,4.128951,10.000000,10.000000
90.000000,0.880000,10.000000,17,scarcity_peak,forecast,0.055246,4.193932,10.000000,10.000000
90.000000,0.880000,10.000000,17,scarcity_peak,hindsight,4.249178,0.000000,10.000000,10.000000
90.000000,0.880000,10.000000,18,negative_midday,idle,0.000000,1.979819,10.000000,10.000000
90.000000,0.880000,10.000000,18,negative_midday,clock,0.090796,1.889022,10.000000,10.000000
90.000000,0.880000,10.000000,18,negative_midday,forecast,-0.371763,2.351581,10.000000,10.000000
90.000000,0.880000,10.000000,18,negative_midday,hindsight,1.979819,0.000000,10.000000,10.000000
90.000000,0.880000,10.000000,19,flat_missed_event,idle,0.000000,3.345010,10.000000,10.000000
90.000000,0.880000,10.000000,19,flat_missed_event,clock,0.106638,3.238372,10.000000,10.000000
90.000000,0.880000,10.000000,19,flat_missed_event,forecast,0.000000,3.345010,10.000000,10.000000
90.000000,0.880000,10.000000,19,flat_missed_event,hindsight,3.345010,0.000000,10.000000,10.000000
90.000000,0.880000,10.000000,20,evening_peak,idle,0.000000,2.228037,10.000000,10.000000
90.000000,0.880000,10.000000,20,evening_peak,clock,0.085865,2.142172,10.000000,10.000000
90.000000,0.880000,10.000000,20,evening_peak,forecast,0.085865,2.142172,10.000000,10.000000
90.000000,0.880000,10.000000,20,evening_peak,hindsight,2.228037,0.000000,10.000000,10.000000
90.000000,0.880000,10.000000,21,scarcity_peak,idle,0.000000,3.545567,10.000000,10.000000
90.000000,0.880000,10.000000,21,scarcity_peak,clock,-0.078884,3.624451,10.000000,10.000000
90.000000,0.880000,10.000000,21,scarcity_peak,forecast,-0.024853,3.570420,10.000000,10.000000
90.000000,0.880000,10.000000,21,scarcity_peak,hindsight,3.545567,0.000000,10.000000,10.000000
90.000000,0.880000,10.000000,22,negative_midday,idle,0.000000,2.461211,10.000000,10.000000
90.000000,0.880000,10.000000,22,negative_midday,clock,-0.718648,3.179859,10.000000,10.000000
90.000000,0.880000,10.000000,22,negative_midday,forecast,-0.235851,2.697062,10.000000,10.000000
90.000000,0.880000,10.000000,22,negative_midday,hindsight,2.461211,0.000000,10.000000,10.000000
90.000000,0.880000,10.000000,23,flat_missed_event,idle,0.000000,3.065770,10.000000,10.000000
90.000000,0.880000,10.000000,23,flat_missed_event,clock,-0.809834,3.875604,10.000000,10.000000
90.000000,0.880000,10.000000,23,flat_missed_event,forecast,0.000000,3.065770,10.000000,10.000000
90.000000,0.880000,10.000000,23,flat_missed_event,hindsight,3.065770,0.000000,10.000000,10.000000
90.000000,0.880000,10.000000,24,evening_peak,idle,0.000000,2.162793,10.000000,10.000000
90.000000,0.880000,10.000000,24,evening_peak,clock,1.172785,0.990007,10.000000,10.000000
90.000000,0.880000,10.000000,24,evening_peak,forecast,1.172785,0.990007,10.000000,10.000000
90.000000,0.880000,10.000000,24,evening_peak,hindsight,2.162793,-0.000000,10.000000,10.000000
90.000000,0.880000,10.000000,25,scarcity_peak,idle,0.000000,3.384449,10.000000,10.000000
90.000000,0.880000,10.000000,25,scarcity_peak,clock,0.398570,2.985879,10.000000,10.000000
90.000000,0.880000,10.000000,25,scarcity_peak,forecast,0.267576,3.116873,10.000000,10.000000
90.000000,0.880000,10.000000,25,scarcity_peak,hindsight,3.384449,0.000000,10.000000,10.000000
90.000000,0.880000,10.000000,26,negative_midday,idle,0.000000,2.063976,10.000000,10.000000
90.000000,0.880000,10.000000,26,negative_midday,clock,-1.588034,3.652010,10.000000,10.000000
90.000000,0.880000,10.000000,26,negative_midday,forecast,-1.436866,3.500842,10.000000,10.000000
90.000000,0.880000,10.000000,26,negative_midday,hindsight,2.063976,0.000000,10.000000,10.000000
90.000000,0.880000,10.000000,27,flat_missed_event,idle,0.000000,2.754364,10.000000,10.000000
90.000000,0.880000,10.000000,27,flat_missed_event,clock,-0.778195,3.532559,10.000000,10.000000
90.000000,0.880000,10.000000,27,flat_missed_event,forecast,0.000000,2.754364,10.000000,10.000000
90.000000,0.880000,10.000000,27,flat_missed_event,hindsight,2.754364,0.000000,10.000000,10.000000
90.000000,0.880000,10.000000,28,evening_peak,idle,0.000000,1.918652,10.000000,10.000000
90.000000,0.880000,10.000000,28,evening_peak,clock,0.190301,1.728351,10.000000,10.000000
90.000000,0.880000,10.000000,28,evening_peak,forecast,0.190301,1.728351,10.000000,10.000000
90.000000,0.880000,10.000000,28,evening_peak,hindsight,1.918652,0.000000,10.000000,10.000000
90.000000,0.880000,10.000000,29,scarcity_peak,idle,0.000000,4.177875,10.000000,10.000000
90.000000,0.880000,10.000000,29,scarcity_peak,clock,-0.867660,5.045535,10.000000,10.000000
90.000000,0.880000,10.000000,29,scarcity_peak,forecast,-0.870812,5.048687,10.000000,10.000000
90.000000,0.880000,10.000000,29,scarcity_peak,hindsight,4.177875,0.000000,10.000000,10.000000
90.000000,0.880000,10.000000,30,negative_midday,idle,0.000000,2.094796,10.000000,10.000000
90.000000,0.880000,10.000000,30,negative_midday,clock,-0.158588,2.253384,10.000000,10.000000
90.000000,0.880000,10.000000,30,negative_midday,forecast,0.374700,1.720096,10.000000,10.000000
90.000000,0.880000,10.000000,30,negative_midday,hindsight,2.094796,0.000000,10.000000,10.000000
90.000000,0.880000,10.000000,31,flat_missed_event,idle,0.000000,3.299558,10.000000,10.000000
90.000000,0.880000,10.000000,31,flat_missed_event,clock,-0.473114,3.772672,10.000000,10.000000
90.000000,0.880000,10.000000,31,flat_missed_event,forecast,0.000000,3.299558,10.000000,10.000000
90.000000,0.880000,10.000000,31,flat_missed_event,hindsight,3.299558,0.000000,10.000000,10.000000
90.000000,0.880000,10.000000,32,evening_peak,idle,0.000000,2.205403,10.000000,10.000000
90.000000,0.880000,10.000000,32,evening_peak,clock,0.346537,1.858866,10.000000,10.000000
90.000000,0.880000,10.000000,32,evening_peak,forecast,0.346537,1.858866,10.000000,10.000000
90.000000,0.880000,10.000000,32,evening_peak,hindsight,2.205403,0.000000,10.000000,10.000000
90.000000,0.880000,10.000000,33,scarcity_peak,idle,0.000000,3.194879,10.000000,10.000000
90.000000,0.880000,10.000000,33,scarcity_peak,clock,0.054474,3.140405,10.000000,10.000000
90.000000,0.880000,10.000000,33,scarcity_peak,forecast,-0.109518,3.304398,10.000000,10.000000
90.000000,0.880000,10.000000,33,scarcity_peak,hindsight,3.194879,0.000000,10.000000,10.000000
90.000000,0.880000,10.000000,34,negative_midday,idle,0.000000,3.255240,10.000000,10.000000
90.000000,0.880000,10.000000,34,negative_midday,clock,0.391771,2.863469,10.000000,10.000000
90.000000,0.880000,10.000000,34,negative_midday,forecast,0.538723,2.716517,10.000000,10.000000
90.000000,0.880000,10.000000,34,negative_midday,hindsight,3.255240,0.000000,10.000000,10.000000
90.000000,0.880000,10.000000,35,flat_missed_event,idle,0.000000,3.177379,10.000000,10.000000
90.000000,0.880000,10.000000,35,flat_missed_event,clock,-0.964445,4.141824,10.000000,10.000000
90.000000,0.880000,10.000000,35,flat_missed_event,forecast,0.000000,3.177379,10.000000,10.000000
90.000000,0.880000,10.000000,35,flat_missed_event,hindsight,3.177379,-0.000000,10.000000,10.000000
90.000000,0.880000,10.000000,36,evening_peak,idle,0.000000,1.705158,10.000000,10.000000
90.000000,0.880000,10.000000,36,evening_peak,clock,0.402350,1.302808,10.000000,10.000000
90.000000,0.880000,10.000000,36,evening_peak,forecast,0.402350,1.302808,10.000000,10.000000
90.000000,0.880000,10.000000,36,evening_peak,hindsight,1.705158,0.000000,10.000000,10.000000
90.000000,0.880000,10.000000,37,scarcity_peak,idle,0.000000,3.813366,10.000000,10.000000
90.000000,0.880000,10.000000,37,scarcity_peak,clock,0.920008,2.893359,10.000000,10.000000
90.000000,0.880000,10.000000,37,scarcity_peak,forecast,0.886076,2.927290,10.000000,10.000000
90.000000,0.880000,10.000000,37,scarcity_peak,hindsight,3.813366,0.000000,10.000000,10.000000
90.000000,0.880000,10.000000,38,negative_midday,idle,0.000000,2.032241,10.000000,10.000000
90.000000,0.880000,10.000000,38,negative_midday,clock,-0.332425,2.364666,10.000000,10.000000
90.000000,0.880000,10.000000,38,negative_midday,forecast,-0.196869,2.229110,10.000000,10.000000
90.000000,0.880000,10.000000,38,negative_midday,hindsight,2.032241,0.000000,10.000000,10.000000
90.000000,0.880000,10.000000,39,flat_missed_event,idle,0.000000,3.625376,10.000000,10.000000
90.000000,0.880000,10.000000,39,flat_missed_event,clock,0.370251,3.255125,10.000000,10.000000
90.000000,0.880000,10.000000,39,flat_missed_event,forecast,0.000000,3.625376,10.000000,10.000000
90.000000,0.880000,10.000000,39,flat_missed_event,hindsight,3.625376,0.000000,10.000000,10.000000
90.000000,0.880000,10.000000,40,evening_peak,idle,0.000000,2.076909,10.000000,10.000000
90.000000,0.880000,10.000000,40,evening_peak,clock,0.808167,1.268742,10.000000,10.000000
90.000000,0.880000,10.000000,40,evening_peak,forecast,0.808167,1.268742,10.000000,10.000000
90.000000,0.880000,10.000000,40,evening_peak,hindsight,2.076909,0.000000,10.000000,10.000000
90.000000,0.880000,10.000000,41,scarcity_peak,idle,0.000000,3.764184,10.000000,10.000000
90.000000,0.880000,10.000000,41,scarcity_peak,clock,-0.581295,4.345479,10.000000,10.000000
90.000000,0.880000,10.000000,41,scarcity_peak,forecast,-0.752874,4.517058,10.000000,10.000000
90.000000,0.880000,10.000000,41,scarcity_peak,hindsight,3.764184,0.000000,10.000000,10.000000
90.000000,0.880000,10.000000,42,negative_midday,idle,0.000000,2.153789,10.000000,10.000000
90.000000,0.880000,10.000000,42,negative_midday,clock,-0.106545,2.260334,10.000000,10.000000
90.000000,0.880000,10.000000,42,negative_midday,forecast,-0.710471,2.864260,10.000000,10.000000
90.000000,0.880000,10.000000,42,negative_midday,hindsight,2.153789,0.000000,10.000000,10.000000
90.000000,0.880000,10.000000,43,flat_missed_event,idle,0.000000,3.156190,10.000000,10.000000
90.000000,0.880000,10.000000,43,flat_missed_event,clock,-0.388802,3.544992,10.000000,10.000000
90.000000,0.880000,10.000000,43,flat_missed_event,forecast,0.000000,3.156190,10.000000,10.000000
90.000000,0.880000,10.000000,43,flat_missed_event,hindsight,3.156190,0.000000,10.000000,10.000000
90.000000,0.880000,10.000000,44,evening_peak,idle,0.000000,2.214026,10.000000,10.000000
90.000000,0.880000,10.000000,44,evening_peak,clock,0.271432,1.942594,10.000000,10.000000
90.000000,0.880000,10.000000,44,evening_peak,forecast,0.271432,1.942594,10.000000,10.000000
90.000000,0.880000,10.000000,44,evening_peak,hindsight,2.214026,-0.000000,10.000000,10.000000
90.000000,0.880000,10.000000,45,scarcity_peak,idle,0.000000,4.396920,10.000000,10.000000
90.000000,0.880000,10.000000,45,scarcity_peak,clock,-0.094440,4.491360,10.000000,10.000000
90.000000,0.880000,10.000000,45,scarcity_peak,forecast,0.024739,4.372181,10.000000,10.000000
90.000000,0.880000,10.000000,45,scarcity_peak,hindsight,4.396920,0.000000,10.000000,10.000000
90.000000,0.880000,10.000000,46,negative_midday,idle,0.000000,3.192760,10.000000,10.000000
90.000000,0.880000,10.000000,46,negative_midday,clock,0.299514,2.893245,10.000000,10.000000
90.000000,0.880000,10.000000,46,negative_midday,forecast,0.837429,2.355331,10.000000,10.000000
90.000000,0.880000,10.000000,46,negative_midday,hindsight,3.192760,0.000000,10.000000,10.000000
90.000000,0.880000,10.000000,47,flat_missed_event,idle,0.000000,2.716634,10.000000,10.000000
90.000000,0.880000,10.000000,47,flat_missed_event,clock,-0.402921,3.119555,10.000000,10.000000
90.000000,0.880000,10.000000,47,flat_missed_event,forecast,0.000000,2.716634,10.000000,10.000000
90.000000,0.880000,10.000000,47,flat_missed_event,hindsight,2.716634,0.000000,10.000000,10.000000
90.000000,0.880000,10.000000,48,evening_peak,idle,0.000000,2.190173,10.000000,10.000000
90.000000,0.880000,10.000000,48,evening_peak,clock,0.266981,1.923192,10.000000,10.000000
90.000000,0.880000,10.000000,48,evening_peak,forecast,0.266981,1.923192,10.000000,10.000000
90.000000,0.880000,10.000000,48,evening_peak,hindsight,2.190173,0.000000,10.000000,10.000000
90.000000,0.880000,10.000000,49,scarcity_peak,idle,0.000000,3.326913,10.000000,10.000000
90.000000,0.880000,10.000000,49,scarcity_peak,clock,0.314358,3.012555,10.000000,10.000000
90.000000,0.880000,10.000000,49,scarcity_peak,forecast,0.405687,2.921227,10.000000,10.000000
90.000000,0.880000,10.000000,49,scarcity_peak,hindsight,3.326913,0.000000,10.000000,10.000000
90.000000,0.880000,10.000000,50,negative_midday,idle,0.000000,2.590484,10.000000,10.000000
90.000000,0.880000,10.000000,50,negative_midday,clock,0.212407,2.378076,10.000000,10.000000
90.000000,0.880000,10.000000,50,negative_midday,forecast,-0.113707,2.704191,10.000000,10.000000
90.000000,0.880000,10.000000,50,negative_midday,hindsight,2.590484,0.000000,10.000000,10.000000
90.000000,0.880000,10.000000,51,flat_missed_event,idle,0.000000,2.904770,10.000000,10.000000
90.000000,0.880000,10.000000,51,flat_missed_event,clock,-0.294653,3.199423,10.000000,10.000000
90.000000,0.880000,10.000000,51,flat_missed_event,forecast,0.000000,2.904770,10.000000,10.000000
90.000000,0.880000,10.000000,51,flat_missed_event,hindsight,2.904770,0.000000,10.000000,10.000000
90.000000,0.880000,10.000000,52,evening_peak,idle,0.000000,2.252338,10.000000,10.000000
90.000000,0.880000,10.000000,52,evening_peak,clock,-0.909825,3.162164,10.000000,10.000000
90.000000,0.880000,10.000000,52,evening_peak,forecast,-0.909825,3.162164,10.000000,10.000000
90.000000,0.880000,10.000000,52,evening_peak,hindsight,2.252338,-0.000000,10.000000,10.000000
90.000000,0.880000,10.000000,53,scarcity_peak,idle,0.000000,3.021461,10.000000,10.000000
90.000000,0.880000,10.000000,53,scarcity_peak,clock,-1.583199,4.604660,10.000000,10.000000
90.000000,0.880000,10.000000,53,scarcity_peak,forecast,-1.485101,4.506562,10.000000,10.000000
90.000000,0.880000,10.000000,53,scarcity_peak,hindsight,3.021461,0.000000,10.000000,10.000000
90.000000,0.880000,10.000000,54,negative_midday,idle,0.000000,2.997490,10.000000,10.000000
90.000000,0.880000,10.000000,54,negative_midday,clock,-0.295499,3.292988,10.000000,10.000000
90.000000,0.880000,10.000000,54,negative_midday,forecast,0.013412,2.984077,10.000000,10.000000
90.000000,0.880000,10.000000,54,negative_midday,hindsight,2.997490,0.000000,10.000000,10.000000
90.000000,0.880000,10.000000,55,flat_missed_event,idle,0.000000,3.680259,10.000000,10.000000
90.000000,0.880000,10.000000,55,flat_missed_event,clock,0.068614,3.611645,10.000000,10.000000
90.000000,0.880000,10.000000,55,flat_missed_event,forecast,0.000000,3.680259,10.000000,10.000000
90.000000,0.880000,10.000000,55,flat_missed_event,hindsight,3.680259,-0.000000,10.000000,10.000000
90.000000,0.880000,10.000000,56,evening_peak,idle,0.000000,2.234833,10.000000,10.000000
90.000000,0.880000,10.000000,56,evening_peak,clock,-0.010612,2.245445,10.000000,10.000000
90.000000,0.880000,10.000000,56,evening_peak,forecast,-0.010612,2.245445,10.000000,10.000000
90.000000,0.880000,10.000000,56,evening_peak,hindsight,2.234833,0.000000,10.000000,10.000000
90.000000,0.880000,10.000000,57,scarcity_peak,idle,0.000000,4.029031,10.000000,10.000000
90.000000,0.880000,10.000000,57,scarcity_peak,clock,-0.203504,4.232535,10.000000,10.000000
90.000000,0.880000,10.000000,57,scarcity_peak,forecast,-0.149118,4.178149,10.000000,10.000000
90.000000,0.880000,10.000000,57,scarcity_peak,hindsight,4.029031,0.000000,10.000000,10.000000
90.000000,0.880000,10.000000,58,negative_midday,idle,0.000000,3.554372,10.000000,10.000000
90.000000,0.880000,10.000000,58,negative_midday,clock,1.012204,2.542168,10.000000,10.000000
90.000000,0.880000,10.000000,58,negative_midday,forecast,1.355523,2.198849,10.000000,10.000000
90.000000,0.880000,10.000000,58,negative_midday,hindsight,3.554372,0.000000,10.000000,10.000000
90.000000,0.880000,10.000000,59,flat_missed_event,idle,0.000000,3.600235,10.000000,10.000000
90.000000,0.880000,10.000000,59,flat_missed_event,clock,-0.060020,3.660255,10.000000,10.000000
90.000000,0.880000,10.000000,59,flat_missed_event,forecast,0.000000,3.600235,10.000000,10.000000
90.000000,0.880000,10.000000,59,flat_missed_event,hindsight,3.600235,0.000000,10.000000,10.000000
90.000000,0.880000,10.000000,60,evening_peak,idle,0.000000,1.752338,10.000000,10.000000
90.000000,0.880000,10.000000,60,evening_peak,clock,-0.647073,2.399411,10.000000,10.000000
90.000000,0.880000,10.000000,60,evening_peak,forecast,-0.647073,2.399411,10.000000,10.000000
90.000000,0.880000,10.000000,60,evening_peak,hindsight,1.752338,0.000000,10.000000,10.000000
90.000000,0.880000,10.000000,61,scarcity_peak,idle,0.000000,3.852934,10.000000,10.000000
90.000000,0.880000,10.000000,61,scarcity_peak,clock,-0.915552,4.768487,10.000000,10.000000
90.000000,0.880000,10.000000,61,scarcity_peak,forecast,-0.888342,4.741277,10.000000,10.000000
90.000000,0.880000,10.000000,61,scarcity_peak,hindsight,3.852934,0.000000,10.000000,10.000000
90.000000,0.880000,10.000000,62,negative_midday,idle,0.000000,2.616197,10.000000,10.000000
90.000000,0.880000,10.000000,62,negative_midday,clock,-0.246580,2.862777,10.000000,10.000000
90.000000,0.880000,10.000000,62,negative_midday,forecast,-0.112048,2.728245,10.000000,10.000000
90.000000,0.880000,10.000000,62,negative_midday,hindsight,2.616197,0.000000,10.000000,10.000000
90.000000,0.880000,10.000000,63,flat_missed_event,idle,0.000000,3.509405,10.000000,10.000000
90.000000,0.880000,10.000000,63,flat_missed_event,clock,0.956307,2.553098,10.000000,10.000000
90.000000,0.880000,10.000000,63,flat_missed_event,forecast,0.000000,3.509405,10.000000,10.000000
90.000000,0.880000,10.000000,63,flat_missed_event,hindsight,3.509405,-0.000000,10.000000,10.000000
90.000000,0.880000,10.000000,64,evening_peak,idle,0.000000,2.207390,10.000000,10.000000
90.000000,0.880000,10.000000,64,evening_peak,clock,0.224614,1.982776,10.000000,10.000000
90.000000,0.880000,10.000000,64,evening_peak,forecast,0.224614,1.982776,10.000000,10.000000
90.000000,0.880000,10.000000,64,evening_peak,hindsight,2.207390,0.000000,10.000000,10.000000
90.000000,0.880000,10.000000,65,scarcity_peak,idle,0.000000,4.316090,10.000000,10.000000
90.000000,0.880000,10.000000,65,scarcity_peak,clock,0.198232,4.117857,10.000000,10.000000
90.000000,0.880000,10.000000,65,scarcity_peak,forecast,0.112638,4.203452,10.000000,10.000000
90.000000,0.880000,10.000000,65,scarcity_peak,hindsight,4.316090,0.000000,10.000000,10.000000
90.000000,0.880000,10.000000,66,negative_midday,idle,0.000000,2.694657,10.000000,10.000000
90.000000,0.880000,10.000000,66,negative_midday,clock,0.958643,1.736014,10.000000,10.000000
90.000000,0.880000,10.000000,66,negative_midday,forecast,1.187221,1.507436,10.000000,10.000000
90.000000,0.880000,10.000000,66,negative_midday,hindsight,2.694657,0.000000,10.000000,10.000000
90.000000,0.880000,10.000000,67,flat_missed_event,idle,0.000000,3.347234,10.000000,10.000000
90.000000,0.880000,10.000000,67,flat_missed_event,clock,1.015516,2.331718,10.000000,10.000000
90.000000,0.880000,10.000000,67,flat_missed_event,forecast,0.000000,3.347234,10.000000,10.000000
90.000000,0.880000,10.000000,67,flat_missed_event,hindsight,3.347234,-0.000000,10.000000,10.000000
90.000000,0.880000,10.000000,68,evening_peak,idle,0.000000,2.308815,10.000000,10.000000
90.000000,0.880000,10.000000,68,evening_peak,clock,-0.233095,2.541910,10.000000,10.000000
90.000000,0.880000,10.000000,68,evening_peak,forecast,-0.233095,2.541910,10.000000,10.000000
90.000000,0.880000,10.000000,68,evening_peak,hindsight,2.308815,0.000000,10.000000,10.000000
90.000000,0.880000,10.000000,69,scarcity_peak,idle,0.000000,3.327638,10.000000,10.000000
90.000000,0.880000,10.000000,69,scarcity_peak,clock,-1.645168,4.972806,10.000000,10.000000
90.000000,0.880000,10.000000,69,scarcity_peak,forecast,-1.586503,4.914141,10.000000,10.000000
90.000000,0.880000,10.000000,69,scarcity_peak,hindsight,3.327638,0.000000,10.000000,10.000000
90.000000,0.880000,10.000000,70,negative_midday,idle,0.000000,1.787678,10.000000,10.000000
90.000000,0.880000,10.000000,70,negative_midday,clock,-0.935254,2.722932,10.000000,10.000000
90.000000,0.880000,10.000000,70,negative_midday,forecast,-0.692312,2.479990,10.000000,10.000000
90.000000,0.880000,10.000000,70,negative_midday,hindsight,1.787678,0.000000,10.000000,10.000000
90.000000,0.880000,10.000000,71,flat_missed_event,idle,0.000000,3.538359,10.000000,10.000000
90.000000,0.880000,10.000000,71,flat_missed_event,clock,-0.201889,3.740249,10.000000,10.000000
90.000000,0.880000,10.000000,71,flat_missed_event,forecast,0.000000,3.538359,10.000000,10.000000
90.000000,0.880000,10.000000,71,flat_missed_event,hindsight,3.538359,0.000000,10.000000,10.000000
90.000000,0.880000,10.000000,72,evening_peak,idle,0.000000,2.044369,10.000000,10.000000
90.000000,0.880000,10.000000,72,evening_peak,clock,0.060460,1.983908,10.000000,10.000000
90.000000,0.880000,10.000000,72,evening_peak,forecast,0.060460,1.983908,10.000000,10.000000
90.000000,0.880000,10.000000,72,evening_peak,hindsight,2.044369,0.000000,10.000000,10.000000
90.000000,0.880000,10.000000,73,scarcity_peak,idle,0.000000,3.616942,10.000000,10.000000
90.000000,0.880000,10.000000,73,scarcity_peak,clock,0.125597,3.491345,10.000000,10.000000
90.000000,0.880000,10.000000,73,scarcity_peak,forecast,-0.005856,3.622798,10.000000,10.000000
90.000000,0.880000,10.000000,73,scarcity_peak,hindsight,3.616942,0.000000,10.000000,10.000000
90.000000,0.880000,10.000000,74,negative_midday,idle,0.000000,2.320620,10.000000,10.000000
90.000000,0.880000,10.000000,74,negative_midday,clock,0.125079,2.195541,10.000000,10.000000
90.000000,0.880000,10.000000,74,negative_midday,forecast,0.455219,1.865401,10.000000,10.000000
90.000000,0.880000,10.000000,74,negative_midday,hindsight,2.320620,0.000000,10.000000,10.000000
90.000000,0.880000,10.000000,75,flat_missed_event,idle,0.000000,3.749924,10.000000,10.000000
90.000000,0.880000,10.000000,75,flat_missed_event,clock,0.164623,3.585301,10.000000,10.000000
90.000000,0.880000,10.000000,75,flat_missed_event,forecast,0.000000,3.749924,10.000000,10.000000
90.000000,0.880000,10.000000,75,flat_missed_event,hindsight,3.749924,0.000000,10.000000,10.000000
90.000000,0.880000,10.000000,76,evening_peak,idle,0.000000,2.972143,10.000000,10.000000
90.000000,0.880000,10.000000,76,evening_peak,clock,0.541554,2.430589,10.000000,10.000000
90.000000,0.880000,10.000000,76,evening_peak,forecast,0.541554,2.430589,10.000000,10.000000
90.000000,0.880000,10.000000,76,evening_peak,hindsight,2.972143,0.000000,10.000000,10.000000
90.000000,0.880000,10.000000,77,scarcity_peak,idle,0.000000,3.987483,10.000000,10.000000
90.000000,0.880000,10.000000,77,scarcity_peak,clock,-0.050391,4.037874,10.000000,10.000000
90.000000,0.880000,10.000000,77,scarcity_peak,forecast,-0.366620,4.354103,10.000000,10.000000
90.000000,0.880000,10.000000,77,scarcity_peak,hindsight,3.987483,0.000000,10.000000,10.000000
90.000000,0.880000,10.000000,78,negative_midday,idle,0.000000,2.818945,10.000000,10.000000
90.000000,0.880000,10.000000,78,negative_midday,clock,-0.211441,3.030386,10.000000,10.000000
90.000000,0.880000,10.000000,78,negative_midday,forecast,0.511495,2.307450,10.000000,10.000000
90.000000,0.880000,10.000000,78,negative_midday,hindsight,2.818945,0.000000,10.000000,10.000000
90.000000,0.880000,10.000000,79,flat_missed_event,idle,0.000000,2.890399,10.000000,10.000000
90.000000,0.880000,10.000000,79,flat_missed_event,clock,-1.112270,4.002669,10.000000,10.000000
90.000000,0.880000,10.000000,79,flat_missed_event,forecast,0.000000,2.890399,10.000000,10.000000
90.000000,0.880000,10.000000,79,flat_missed_event,hindsight,2.890399,0.000000,10.000000,10.000000
90.000000,0.880000,10.000000,80,evening_peak,idle,0.000000,1.996981,10.000000,10.000000
90.000000,0.880000,10.000000,80,evening_peak,clock,-0.311413,2.308394,10.000000,10.000000
90.000000,0.880000,10.000000,80,evening_peak,forecast,-0.311413,2.308394,10.000000,10.000000
90.000000,0.880000,10.000000,80,evening_peak,hindsight,1.996981,0.000000,10.000000,10.000000
90.000000,0.880000,10.000000,81,scarcity_peak,idle,0.000000,3.387209,10.000000,10.000000
90.000000,0.880000,10.000000,81,scarcity_peak,clock,0.139128,3.248081,10.000000,10.000000
90.000000,0.880000,10.000000,81,scarcity_peak,forecast,0.188286,3.198923,10.000000,10.000000
90.000000,0.880000,10.000000,81,scarcity_peak,hindsight,3.387209,0.000000,10.000000,10.000000
90.000000,0.880000,10.000000,82,negative_midday,idle,0.000000,2.638651,10.000000,10.000000
90.000000,0.880000,10.000000,82,negative_midday,clock,0.483403,2.155248,10.000000,10.000000
90.000000,0.880000,10.000000,82,negative_midday,forecast,0.428371,2.210281,10.000000,10.000000
90.000000,0.880000,10.000000,82,negative_midday,hindsight,2.638651,0.000000,10.000000,10.000000
90.000000,0.880000,10.000000,83,flat_missed_event,idle,0.000000,3.441301,10.000000,10.000000
90.000000,0.880000,10.000000,83,flat_missed_event,clock,0.030059,3.411242,10.000000,10.000000
90.000000,0.880000,10.000000,83,flat_missed_event,forecast,0.000000,3.441301,10.000000,10.000000
90.000000,0.880000,10.000000,83,flat_missed_event,hindsight,3.441301,0.000000,10.000000,10.000000
90.000000,0.880000,10.000000,84,evening_peak,idle,0.000000,1.989385,10.000000,10.000000
90.000000,0.880000,10.000000,84,evening_peak,clock,-0.214321,2.203706,10.000000,10.000000
90.000000,0.880000,10.000000,84,evening_peak,forecast,-0.214321,2.203706,10.000000,10.000000
90.000000,0.880000,10.000000,84,evening_peak,hindsight,1.989385,0.000000,10.000000,10.000000
90.000000,0.880000,10.000000,85,scarcity_peak,idle,0.000000,3.702008,10.000000,10.000000
90.000000,0.880000,10.000000,85,scarcity_peak,clock,0.931135,2.770873,10.000000,10.000000
90.000000,0.880000,10.000000,85,scarcity_peak,forecast,0.958199,2.743809,10.000000,10.000000
90.000000,0.880000,10.000000,85,scarcity_peak,hindsight,3.702008,0.000000,10.000000,10.000000
90.000000,0.880000,10.000000,86,negative_midday,idle,0.000000,2.591125,10.000000,10.000000
90.000000,0.880000,10.000000,86,negative_midday,clock,0.231514,2.359612,10.000000,10.000000
90.000000,0.880000,10.000000,86,negative_midday,forecast,0.219759,2.371367,10.000000,10.000000
90.000000,0.880000,10.000000,86,negative_midday,hindsight,2.591125,0.000000,10.000000,10.000000
90.000000,0.880000,10.000000,87,flat_missed_event,idle,0.000000,3.541051,10.000000,10.000000
90.000000,0.880000,10.000000,87,flat_missed_event,clock,-0.833581,4.374631,10.000000,10.000000
90.000000,0.880000,10.000000,87,flat_missed_event,forecast,0.000000,3.541051,10.000000,10.000000
90.000000,0.880000,10.000000,87,flat_missed_event,hindsight,3.541051,0.000000,10.000000,10.000000
90.000000,0.880000,10.000000,88,evening_peak,idle,0.000000,2.573035,10.000000,10.000000
90.000000,0.880000,10.000000,88,evening_peak,clock,-0.887676,3.460711,10.000000,10.000000
90.000000,0.880000,10.000000,88,evening_peak,forecast,-0.887676,3.460711,10.000000,10.000000
90.000000,0.880000,10.000000,88,evening_peak,hindsight,2.573035,0.000000,10.000000,10.000000
90.000000,0.880000,10.000000,89,scarcity_peak,idle,0.000000,3.846159,10.000000,10.000000
90.000000,0.880000,10.000000,89,scarcity_peak,clock,-0.638844,4.485003,10.000000,10.000000
90.000000,0.880000,10.000000,89,scarcity_peak,forecast,-0.670650,4.516809,10.000000,10.000000
90.000000,0.880000,10.000000,89,scarcity_peak,hindsight,3.846159,0.000000,10.000000,10.000000
90.000000,0.880000,10.000000,90,negative_midday,idle,0.000000,3.008281,10.000000,10.000000
90.000000,0.880000,10.000000,90,negative_midday,clock,0.524756,2.483526,10.000000,10.000000
90.000000,0.880000,10.000000,90,negative_midday,forecast,0.465859,2.542422,10.000000,10.000000
90.000000,0.880000,10.000000,90,negative_midday,hindsight,3.008281,0.000000,10.000000,10.000000
90.000000,0.880000,10.000000,91,flat_missed_event,idle,0.000000,2.729271,10.000000,10.000000
90.000000,0.880000,10.000000,91,flat_missed_event,clock,-0.078157,2.807428,10.000000,10.000000
90.000000,0.880000,10.000000,91,flat_missed_event,forecast,0.000000,2.729271,10.000000,10.000000
90.000000,0.880000,10.000000,91,flat_missed_event,hindsight,2.729271,0.000000,10.000000,10.000000
90.000000,0.880000,10.000000,92,evening_peak,idle,0.000000,1.890686,10.000000,10.000000
90.000000,0.880000,10.000000,92,evening_peak,clock,-0.804443,2.695130,10.000000,10.000000
90.000000,0.880000,10.000000,92,evening_peak,forecast,-0.804443,2.695130,10.000000,10.000000
90.000000,0.880000,10.000000,92,evening_peak,hindsight,1.890686,-0.000000,10.000000,10.000000
90.000000,0.880000,10.000000,93,scarcity_peak,idle,0.000000,3.272772,10.000000,10.000000
90.000000,0.880000,10.000000,93,scarcity_peak,clock,0.924363,2.348410,10.000000,10.000000
90.000000,0.880000,10.000000,93,scarcity_peak,forecast,0.896654,2.376119,10.000000,10.000000
90.000000,0.880000,10.000000,93,scarcity_peak,hindsight,3.272772,0.000000,10.000000,10.000000
90.000000,0.880000,10.000000,94,negative_midday,idle,0.000000,1.965565,10.000000,10.000000
90.000000,0.880000,10.000000,94,negative_midday,clock,0.459595,1.505970,10.000000,10.000000
90.000000,0.880000,10.000000,94,negative_midday,forecast,0.554133,1.411432,10.000000,10.000000
90.000000,0.880000,10.000000,94,negative_midday,hindsight,1.965565,0.000000,10.000000,10.000000
90.000000,0.880000,10.000000,95,flat_missed_event,idle,0.000000,3.360147,10.000000,10.000000
90.000000,0.880000,10.000000,95,flat_missed_event,clock,1.139516,2.220631,10.000000,10.000000
90.000000,0.880000,10.000000,95,flat_missed_event,forecast,0.000000,3.360147,10.000000,10.000000
90.000000,0.880000,10.000000,95,flat_missed_event,hindsight,3.360147,0.000000,10.000000,10.000000
90.000000,0.880000,10.000000,96,evening_peak,idle,0.000000,2.530662,10.000000,10.000000
90.000000,0.880000,10.000000,96,evening_peak,clock,-1.515219,4.045881,10.000000,10.000000
90.000000,0.880000,10.000000,96,evening_peak,forecast,-1.515219,4.045881,10.000000,10.000000
90.000000,0.880000,10.000000,96,evening_peak,hindsight,2.530662,0.000000,10.000000,10.000000
90.000000,0.880000,10.000000,97,scarcity_peak,idle,0.000000,4.436461,10.000000,10.000000
90.000000,0.880000,10.000000,97,scarcity_peak,clock,-0.374498,4.810958,10.000000,10.000000
90.000000,0.880000,10.000000,97,scarcity_peak,forecast,-0.434979,4.871440,10.000000,10.000000
90.000000,0.880000,10.000000,97,scarcity_peak,hindsight,4.436461,0.000000,10.000000,10.000000
90.000000,0.880000,10.000000,98,negative_midday,idle,0.000000,2.448156,10.000000,10.000000
90.000000,0.880000,10.000000,98,negative_midday,clock,-0.121731,2.569887,10.000000,10.000000
90.000000,0.880000,10.000000,98,negative_midday,forecast,-0.354958,2.803114,10.000000,10.000000
90.000000,0.880000,10.000000,98,negative_midday,hindsight,2.448156,0.000000,10.000000,10.000000
90.000000,0.880000,10.000000,99,flat_missed_event,idle,0.000000,3.264153,10.000000,10.000000
90.000000,0.880000,10.000000,99,flat_missed_event,clock,-0.131261,3.395413,10.000000,10.000000
90.000000,0.880000,10.000000,99,flat_missed_event,forecast,0.000000,3.264153,10.000000,10.000000
90.000000,0.880000,10.000000,99,flat_missed_event,hindsight,3.264153,0.000000,10.000000,10.000000
90.000000,0.880000,10.000000,100,evening_peak,idle,0.000000,2.285489,10.000000,10.000000
90.000000,0.880000,10.000000,100,evening_peak,clock,0.526532,1.758957,10.000000,10.000000
90.000000,0.880000,10.000000,100,evening_peak,forecast,0.526532,1.758957,10.000000,10.000000
90.000000,0.880000,10.000000,100,evening_peak,hindsight,2.285489,0.000000,10.000000,10.000000
90.000000,0.880000,10.000000,101,scarcity_peak,idle,0.000000,3.136085,10.000000,10.000000
90.000000,0.880000,10.000000,101,scarcity_peak,clock,0.538030,2.598055,10.000000,10.000000
90.000000,0.880000,10.000000,101,scarcity_peak,forecast,0.439306,2.696779,10.000000,10.000000
90.000000,0.880000,10.000000,101,scarcity_peak,hindsight,3.136085,-0.000000,10.000000,10.000000
90.000000,0.880000,10.000000,102,negative_midday,idle,0.000000,2.672122,10.000000,10.000000
90.000000,0.880000,10.000000,102,negative_midday,clock,-0.556227,3.228348,10.000000,10.000000
90.000000,0.880000,10.000000,102,negative_midday,forecast,0.207034,2.465087,10.000000,10.000000
90.000000,0.880000,10.000000,102,negative_midday,hindsight,2.672122,0.000000,10.000000,10.000000
90.000000,0.880000,10.000000,103,flat_missed_event,idle,0.000000,3.301752,10.000000,10.000000
90.000000,0.880000,10.000000,103,flat_missed_event,clock,0.368116,2.933636,10.000000,10.000000
90.000000,0.880000,10.000000,103,flat_missed_event,forecast,0.000000,3.301752,10.000000,10.000000
90.000000,0.880000,10.000000,103,flat_missed_event,hindsight,3.301752,0.000000,10.000000,10.000000
90.000000,0.880000,10.000000,104,evening_peak,idle,0.000000,2.044115,10.000000,10.000000
90.000000,0.880000,10.000000,104,evening_peak,clock,-1.411521,3.455636,10.000000,10.000000
90.000000,0.880000,10.000000,104,evening_peak,forecast,-1.411521,3.455636,10.000000,10.000000
90.000000,0.880000,10.000000,104,evening_peak,hindsight,2.044115,0.000000,10.000000,10.000000
90.000000,0.880000,10.000000,105,scarcity_peak,idle,0.000000,3.399244,10.000000,10.000000
90.000000,0.880000,10.000000,105,scarcity_peak,clock,0.246173,3.153071,10.000000,10.000000
90.000000,0.880000,10.000000,105,scarcity_peak,forecast,0.442392,2.956852,10.000000,10.000000
90.000000,0.880000,10.000000,105,scarcity_peak,hindsight,3.399244,-0.000000,10.000000,10.000000
90.000000,0.880000,10.000000,106,negative_midday,idle,0.000000,1.692680,10.000000,10.000000
90.000000,0.880000,10.000000,106,negative_midday,clock,-0.118174,1.810854,10.000000,10.000000
90.000000,0.880000,10.000000,106,negative_midday,forecast,-0.356048,2.048728,10.000000,10.000000
90.000000,0.880000,10.000000,106,negative_midday,hindsight,1.692680,0.000000,10.000000,10.000000
90.000000,0.880000,10.000000,107,flat_missed_event,idle,0.000000,3.546705,10.000000,10.000000
90.000000,0.880000,10.000000,107,flat_missed_event,clock,0.205344,3.341361,10.000000,10.000000
90.000000,0.880000,10.000000,107,flat_missed_event,forecast,0.000000,3.546705,10.000000,10.000000
90.000000,0.880000,10.000000,107,flat_missed_event,hindsight,3.546705,0.000000,10.000000,10.000000
90.000000,0.880000,10.000000,108,evening_peak,idle,0.000000,2.453499,10.000000,10.000000
90.000000,0.880000,10.000000,108,evening_peak,clock,0.492180,1.961319,10.000000,10.000000
90.000000,0.880000,10.000000,108,evening_peak,forecast,0.492180,1.961319,10.000000,10.000000
90.000000,0.880000,10.000000,108,evening_peak,hindsight,2.453499,0.000000,10.000000,10.000000
90.000000,0.880000,10.000000,109,scarcity_peak,idle,0.000000,4.277490,10.000000,10.000000
90.000000,0.880000,10.000000,109,scarcity_peak,clock,-0.390545,4.668035,10.000000,10.000000
90.000000,0.880000,10.000000,109,scarcity_peak,forecast,-0.542102,4.819592,10.000000,10.000000
90.000000,0.880000,10.000000,109,scarcity_peak,hindsight,4.277490,0.000000,10.000000,10.000000
90.000000,0.880000,10.000000,110,negative_midday,idle,0.000000,2.419043,10.000000,10.000000
90.000000,0.880000,10.000000,110,negative_midday,clock,-0.998394,3.417437,10.000000,10.000000
90.000000,0.880000,10.000000,110,negative_midday,forecast,-0.337087,2.756130,10.000000,10.000000
90.000000,0.880000,10.000000,110,negative_midday,hindsight,2.419043,0.000000,10.000000,10.000000
90.000000,0.880000,10.000000,111,flat_missed_event,idle,0.000000,2.866663,10.000000,10.000000
90.000000,0.880000,10.000000,111,flat_missed_event,clock,-0.453542,3.320205,10.000000,10.000000
90.000000,0.880000,10.000000,111,flat_missed_event,forecast,0.000000,2.866663,10.000000,10.000000
90.000000,0.880000,10.000000,111,flat_missed_event,hindsight,2.866663,-0.000000,10.000000,10.000000
90.000000,0.880000,10.000000,112,evening_peak,idle,0.000000,2.247847,10.000000,10.000000
90.000000,0.880000,10.000000,112,evening_peak,clock,0.283760,1.964087,10.000000,10.000000
90.000000,0.880000,10.000000,112,evening_peak,forecast,0.283760,1.964087,10.000000,10.000000
90.000000,0.880000,10.000000,112,evening_peak,hindsight,2.247847,0.000000,10.000000,10.000000
90.000000,0.880000,10.000000,113,scarcity_peak,idle,0.000000,3.283996,10.000000,10.000000
90.000000,0.880000,10.000000,113,scarcity_peak,clock,-0.038045,3.322042,10.000000,10.000000
90.000000,0.880000,10.000000,113,scarcity_peak,forecast,0.127439,3.156557,10.000000,10.000000
90.000000,0.880000,10.000000,113,scarcity_peak,hindsight,3.283996,-0.000000,10.000000,10.000000
90.000000,0.880000,10.000000,114,negative_midday,idle,0.000000,2.307545,10.000000,10.000000
90.000000,0.880000,10.000000,114,negative_midday,clock,-0.575897,2.883442,10.000000,10.000000
90.000000,0.880000,10.000000,114,negative_midday,forecast,-0.776820,3.084365,10.000000,10.000000
90.000000,0.880000,10.000000,114,negative_midday,hindsight,2.307545,-0.000000,10.000000,10.000000
90.000000,0.880000,10.000000,115,flat_missed_event,idle,0.000000,2.852555,10.000000,10.000000
90.000000,0.880000,10.000000,115,flat_missed_event,clock,-0.208373,3.060929,10.000000,10.000000
90.000000,0.880000,10.000000,115,flat_missed_event,forecast,0.000000,2.852555,10.000000,10.000000
90.000000,0.880000,10.000000,115,flat_missed_event,hindsight,2.852555,0.000000,10.000000,10.000000
90.000000,0.880000,10.000000,116,evening_peak,idle,0.000000,2.476421,10.000000,10.000000
90.000000,0.880000,10.000000,116,evening_peak,clock,0.276811,2.199610,10.000000,10.000000
90.000000,0.880000,10.000000,116,evening_peak,forecast,0.276811,2.199610,10.000000,10.000000
90.000000,0.880000,10.000000,116,evening_peak,hindsight,2.476421,0.000000,10.000000,10.000000
90.000000,0.880000,10.000000,117,scarcity_peak,idle,0.000000,3.580257,10.000000,10.000000
90.000000,0.880000,10.000000,117,scarcity_peak,clock,0.327943,3.252313,10.000000,10.000000
90.000000,0.880000,10.000000,117,scarcity_peak,forecast,0.132959,3.447297,10.000000,10.000000
90.000000,0.880000,10.000000,117,scarcity_peak,hindsight,3.580257,0.000000,10.000000,10.000000
90.000000,0.880000,10.000000,118,negative_midday,idle,0.000000,2.368409,10.000000,10.000000
90.000000,0.880000,10.000000,118,negative_midday,clock,0.371362,1.997047,10.000000,10.000000
90.000000,0.880000,10.000000,118,negative_midday,forecast,0.520693,1.847715,10.000000,10.000000
90.000000,0.880000,10.000000,118,negative_midday,hindsight,2.368409,0.000000,10.000000,10.000000
90.000000,0.880000,10.000000,119,flat_missed_event,idle,0.000000,3.951725,10.000000,10.000000
90.000000,0.880000,10.000000,119,flat_missed_event,clock,-0.291591,4.243316,10.000000,10.000000
90.000000,0.880000,10.000000,119,flat_missed_event,forecast,0.000000,3.951725,10.000000,10.000000
90.000000,0.880000,10.000000,119,flat_missed_event,hindsight,3.951725,0.000000,10.000000,10.000000
