error_scale,day,regime,hour,forecast_usd_mwh,actual_usd_mwh
0.000000,0,evening_peak,00:00,45.000000,45.000000
0.000000,0,evening_peak,01:00,45.000000,45.000000
0.000000,0,evening_peak,02:00,45.000000,45.000000
0.000000,0,evening_peak,03:00,45.000000,45.000000
0.000000,0,evening_peak,04:00,45.000000,45.000000
0.000000,0,evening_peak,05:00,45.000000,45.000000
0.000000,0,evening_peak,06:00,45.000000,45.000000
0.000000,0,evening_peak,07:00,45.000000,45.000000
0.000000,0,evening_peak,08:00,45.000000,45.000000
0.000000,0,evening_peak,09:00,15.000000,15.000000
0.000000,0,evening_peak,10:00,15.000000,15.000000
0.000000,0,evening_peak,11:00,15.000000,15.000000
0.000000,0,evening_peak,12:00,15.000000,15.000000
0.000000,0,evening_peak,13:00,15.000000,15.000000
0.000000,0,evening_peak,14:00,45.000000,45.000000
0.000000,0,evening_peak,15:00,45.000000,45.000000
0.000000,0,evening_peak,16:00,45.000000,45.000000
0.000000,0,evening_peak,17:00,45.000000,45.000000
0.000000,0,evening_peak,18:00,100.000000,100.000000
0.000000,0,evening_peak,19:00,100.000000,100.000000
0.000000,0,evening_peak,20:00,100.000000,100.000000
0.000000,0,evening_peak,21:00,100.000000,100.000000
0.000000,0,evening_peak,22:00,100.000000,100.000000
0.000000,0,evening_peak,23:00,45.000000,45.000000
0.000000,1,scarcity_peak,00:00,45.000000,45.000000
0.000000,1,scarcity_peak,01:00,45.000000,45.000000
0.000000,1,scarcity_peak,02:00,45.000000,45.000000
0.000000,1,scarcity_peak,03:00,45.000000,45.000000
0.000000,1,scarcity_peak,04:00,45.000000,45.000000
0.000000,1,scarcity_peak,05:00,45.000000,45.000000
0.000000,1,scarcity_peak,06:00,45.000000,45.000000
0.000000,1,scarcity_peak,07:00,45.000000,45.000000
0.000000,1,scarcity_peak,08:00,45.000000,45.000000
0.000000,1,scarcity_peak,09:00,15.000000,15.000000
0.000000,1,scarcity_peak,10:00,15.000000,15.000000
0.000000,1,scarcity_peak,11:00,15.000000,15.000000
0.000000,1,scarcity_peak,12:00,15.000000,15.000000
0.000000,1,scarcity_peak,13:00,15.000000,15.000000
0.000000,1,scarcity_peak,14:00,45.000000,45.000000
0.000000,1,scarcity_peak,15:00,45.000000,45.000000
0.000000,1,scarcity_peak,16:00,45.000000,45.000000
0.000000,1,scarcity_peak,17:00,45.000000,45.000000
0.000000,1,scarcity_peak,18:00,100.000000,100.000000
0.000000,1,scarcity_peak,19:00,100.000000,100.000000
0.000000,1,scarcity_peak,20:00,400.000000,400.000000
0.000000,1,scarcity_peak,21:00,100.000000,100.000000
0.000000,1,scarcity_peak,22:00,100.000000,100.000000
0.000000,1,scarcity_peak,23:00,45.000000,45.000000
0.000000,2,negative_midday,00:00,45.000000,45.000000
0.000000,2,negative_midday,01:00,45.000000,45.000000
0.000000,2,negative_midday,02:00,45.000000,45.000000
0.000000,2,negative_midday,03:00,45.000000,45.000000
0.000000,2,negative_midday,04:00,45.000000,45.000000
0.000000,2,negative_midday,05:00,45.000000,45.000000
0.000000,2,negative_midday,06:00,45.000000,45.000000
0.000000,2,negative_midday,07:00,45.000000,45.000000
0.000000,2,negative_midday,08:00,45.000000,45.000000
0.000000,2,negative_midday,09:00,15.000000,15.000000
0.000000,2,negative_midday,10:00,-30.000000,-30.000000
0.000000,2,negative_midday,11:00,-30.000000,-30.000000
0.000000,2,negative_midday,12:00,-30.000000,-30.000000
0.000000,2,negative_midday,13:00,15.000000,15.000000
0.000000,2,negative_midday,14:00,45.000000,45.000000
0.000000,2,negative_midday,15:00,45.000000,45.000000
0.000000,2,negative_midday,16:00,45.000000,45.000000
0.000000,2,negative_midday,17:00,45.000000,45.000000
0.000000,2,negative_midday,18:00,100.000000,100.000000
0.000000,2,negative_midday,19:00,100.000000,100.000000
0.000000,2,negative_midday,20:00,100.000000,100.000000
0.000000,2,negative_midday,21:00,100.000000,100.000000
0.000000,2,negative_midday,22:00,100.000000,100.000000
0.000000,2,negative_midday,23:00,45.000000,45.000000
0.000000,3,flat_missed_event,00:00,40.000000,40.000000
0.000000,3,flat_missed_event,01:00,40.000000,40.000000
0.000000,3,flat_missed_event,02:00,40.000000,40.000000
0.000000,3,flat_missed_event,03:00,40.000000,40.000000
0.000000,3,flat_missed_event,04:00,40.000000,40.000000
0.000000,3,flat_missed_event,05:00,40.000000,40.000000
0.000000,3,flat_missed_event,06:00,40.000000,40.000000
0.000000,3,flat_missed_event,07:00,40.000000,40.000000
0.000000,3,flat_missed_event,08:00,40.000000,40.000000
0.000000,3,flat_missed_event,09:00,40.000000,40.000000
0.000000,3,flat_missed_event,10:00,40.000000,40.000000
0.000000,3,flat_missed_event,11:00,40.000000,40.000000
0.000000,3,flat_missed_event,12:00,40.000000,40.000000
0.000000,3,flat_missed_event,13:00,40.000000,40.000000
0.000000,3,flat_missed_event,14:00,40.000000,40.000000
0.000000,3,flat_missed_event,15:00,40.000000,40.000000
0.000000,3,flat_missed_event,16:00,40.000000,40.000000
0.000000,3,flat_missed_event,17:00,40.000000,40.000000
0.000000,3,flat_missed_event,18:00,40.000000,40.000000
0.000000,3,flat_missed_event,19:00,40.000000,40.000000
0.000000,3,flat_missed_event,20:00,40.000000,40.000000
0.000000,3,flat_missed_event,21:00,40.000000,40.000000
0.000000,3,flat_missed_event,22:00,40.000000,40.000000
0.000000,3,flat_missed_event,23:00,40.000000,40.000000
0.000000,4,evening_peak,00:00,45.000000,45.000000
0.000000,4,evening_peak,01:00,45.000000,45.000000
0.000000,4,evening_peak,02:00,45.000000,45.000000
0.000000,4,evening_peak,03:00,45.000000,45.000000
0.000000,4,evening_peak,04:00,45.000000,45.000000
0.000000,4,evening_peak,05:00,45.000000,45.000000
0.000000,4,evening_peak,06:00,45.000000,45.000000
0.000000,4,evening_peak,07:00,45.000000,45.000000
0.000000,4,evening_peak,08:00,45.000000,45.000000
0.000000,4,evening_peak,09:00,15.000000,15.000000
0.000000,4,evening_peak,10:00,15.000000,15.000000
0.000000,4,evening_peak,11:00,15.000000,15.000000
0.000000,4,evening_peak,12:00,15.000000,15.000000
0.000000,4,evening_peak,13:00,15.000000,15.000000
0.000000,4,evening_peak,14:00,45.000000,45.000000
0.000000,4,evening_peak,15:00,45.000000,45.000000
0.000000,4,evening_peak,16:00,45.000000,45.000000
0.000000,4,evening_peak,17:00,45.000000,45.000000
0.000000,4,evening_peak,18:00,100.000000,100.000000
0.000000,4,evening_peak,19:00,100.000000,100.000000
0.000000,4,evening_peak,20:00,100.000000,100.000000
0.000000,4,evening_peak,21:00,100.000000,100.000000
0.000000,4,evening_peak,22:00,100.000000,100.000000
0.000000,4,evening_peak,23:00,45.000000,45.000000
0.000000,5,scarcity_peak,00:00,45.000000,45.000000
0.000000,5,scarcity_peak,01:00,45.000000,45.000000
0.000000,5,scarcity_peak,02:00,45.000000,45.000000
0.000000,5,scarcity_peak,03:00,45.000000,45.000000
0.000000,5,scarcity_peak,04:00,45.000000,45.000000
0.000000,5,scarcity_peak,05:00,45.000000,45.000000
0.000000,5,scarcity_peak,06:00,45.000000,45.000000
0.000000,5,scarcity_peak,07:00,45.000000,45.000000
0.000000,5,scarcity_peak,08:00,45.000000,45.000000
0.000000,5,scarcity_peak,09:00,15.000000,15.000000
0.000000,5,scarcity_peak,10:00,15.000000,15.000000
0.000000,5,scarcity_peak,11:00,15.000000,15.000000
0.000000,5,scarcity_peak,12:00,15.000000,15.000000
0.000000,5,scarcity_peak,13:00,15.000000,15.000000
0.000000,5,scarcity_peak,14:00,45.000000,45.000000
0.000000,5,scarcity_peak,15:00,45.000000,45.000000
0.000000,5,scarcity_peak,16:00,45.000000,45.000000
0.000000,5,scarcity_peak,17:00,45.000000,45.000000
0.000000,5,scarcity_peak,18:00,100.000000,100.000000
0.000000,5,scarcity_peak,19:00,100.000000,100.000000
0.000000,5,scarcity_peak,20:00,400.000000,400.000000
0.000000,5,scarcity_peak,21:00,100.000000,100.000000
0.000000,5,scarcity_peak,22:00,100.000000,100.000000
0.000000,5,scarcity_peak,23:00,45.000000,45.000000
0.000000,6,negative_midday,00:00,45.000000,45.000000
0.000000,6,negative_midday,01:00,45.000000,45.000000
0.000000,6,negative_midday,02:00,45.000000,45.000000
0.000000,6,negative_midday,03:00,45.000000,45.000000
0.000000,6,negative_midday,04:00,45.000000,45.000000
0.000000,6,negative_midday,05:00,45.000000,45.000000
0.000000,6,negative_midday,06:00,45.000000,45.000000
0.000000,6,negative_midday,07:00,45.000000,45.000000
0.000000,6,negative_midday,08:00,45.000000,45.000000
0.000000,6,negative_midday,09:00,15.000000,15.000000
0.000000,6,negative_midday,10:00,-30.000000,-30.000000
0.000000,6,negative_midday,11:00,-30.000000,-30.000000
0.000000,6,negative_midday,12:00,-30.000000,-30.000000
0.000000,6,negative_midday,13:00,15.000000,15.000000
0.000000,6,negative_midday,14:00,45.000000,45.000000
0.000000,6,negative_midday,15:00,45.000000,45.000000
0.000000,6,negative_midday,16:00,45.000000,45.000000
0.000000,6,negative_midday,17:00,45.000000,45.000000
0.000000,6,negative_midday,18:00,100.000000,100.000000
0.000000,6,negative_midday,19:00,100.000000,100.000000
0.000000,6,negative_midday,20:00,100.000000,100.000000
0.000000,6,negative_midday,21:00,100.000000,100.000000
0.000000,6,negative_midday,22:00,100.000000,100.000000
0.000000,6,negative_midday,23:00,45.000000,45.000000
0.000000,7,flat_missed_event,00:00,40.000000,40.000000
0.000000,7,flat_missed_event,01:00,40.000000,40.000000
0.000000,7,flat_missed_event,02:00,40.000000,40.000000
0.000000,7,flat_missed_event,03:00,40.000000,40.000000
0.000000,7,flat_missed_event,04:00,40.000000,40.000000
0.000000,7,flat_missed_event,05:00,40.000000,40.000000
0.000000,7,flat_missed_event,06:00,40.000000,40.000000
0.000000,7,flat_missed_event,07:00,40.000000,40.000000
0.000000,7,flat_missed_event,08:00,40.000000,40.000000
0.000000,7,flat_missed_event,09:00,40.000000,40.000000
0.000000,7,flat_missed_event,10:00,40.000000,40.000000
0.000000,7,flat_missed_event,11:00,40.000000,40.000000
0.000000,7,flat_missed_event,12:00,40.000000,40.000000
0.000000,7,flat_missed_event,13:00,40.000000,40.000000
0.000000,7,flat_missed_event,14:00,40.000000,40.000000
0.000000,7,flat_missed_event,15:00,40.000000,40.000000
0.000000,7,flat_missed_event,16:00,40.000000,40.000000
0.000000,7,flat_missed_event,17:00,40.000000,40.000000
0.000000,7,flat_missed_event,18:00,40.000000,40.000000
0.000000,7,flat_missed_event,19:00,40.000000,40.000000
0.000000,7,flat_missed_event,20:00,40.000000,40.000000
0.000000,7,flat_missed_event,21:00,40.000000,40.000000
0.000000,7,flat_missed_event,22:00,40.000000,40.000000
0.000000,7,flat_missed_event,23:00,40.000000,40.000000
0.000000,8,evening_peak,00:00,45.000000,45.000000
0.000000,8,evening_peak,01:00,45.000000,45.000000
0.000000,8,evening_peak,02:00,45.000000,45.000000
0.000000,8,evening_peak,03:00,45.000000,45.000000
0.000000,8,evening_peak,04:00,45.000000,45.000000
0.000000,8,evening_peak,05:00,45.000000,45.000000
0.000000,8,evening_peak,06:00,45.000000,45.000000
0.000000,8,evening_peak,07:00,45.000000,45.000000
0.000000,8,evening_peak,08:00,45.000000,45.000000
0.000000,8,evening_peak,09:00,15.000000,15.000000
0.000000,8,evening_peak,10:00,15.000000,15.000000
0.000000,8,evening_peak,11:00,15.000000,15.000000
0.000000,8,evening_peak,12:00,15.000000,15.000000
0.000000,8,evening_peak,13:00,15.000000,15.000000
0.000000,8,evening_peak,14:00,45.000000,45.000000
0.000000,8,evening_peak,15:00,45.000000,45.000000
0.000000,8,evening_peak,16:00,45.000000,45.000000
0.000000,8,evening_peak,17:00,45.000000,45.000000
0.000000,8,evening_peak,18:00,100.000000,100.000000
0.000000,8,evening_peak,19:00,100.000000,100.000000
0.000000,8,evening_peak,20:00,100.000000,100.000000
0.000000,8,evening_peak,21:00,100.000000,100.000000
0.000000,8,evening_peak,22:00,100.000000,100.000000
0.000000,8,evening_peak,23:00,45.000000,45.000000
0.000000,9,scarcity_peak,00:00,45.000000,45.000000
0.000000,9,scarcity_peak,01:00,45.000000,45.000000
0.000000,9,scarcity_peak,02:00,45.000000,45.000000
0.000000,9,scarcity_peak,03:00,45.000000,45.000000
0.000000,9,scarcity_peak,04:00,45.000000,45.000000
0.000000,9,scarcity_peak,05:00,45.000000,45.000000
0.000000,9,scarcity_peak,06:00,45.000000,45.000000
0.000000,9,scarcity_peak,07:00,45.000000,45.000000
0.000000,9,scarcity_peak,08:00,45.000000,45.000000
0.000000,9,scarcity_peak,09:00,15.000000,15.000000
0.000000,9,scarcity_peak,10:00,15.000000,15.000000
0.000000,9,scarcity_peak,11:00,15.000000,15.000000
0.000000,9,scarcity_peak,12:00,15.000000,15.000000
0.000000,9,scarcity_peak,13:00,15.000000,15.000000
0.000000,9,scarcity_peak,14:00,45.000000,45.000000
0.000000,9,scarcity_peak,15:00,45.000000,45.000000
0.000000,9,scarcity_peak,16:00,45.000000,45.000000
0.000000,9,scarcity_peak,17:00,45.000000,45.000000
0.000000,9,scarcity_peak,18:00,100.000000,100.000000
0.000000,9,scarcity_peak,19:00,100.000000,100.000000
0.000000,9,scarcity_peak,20:00,400.000000,400.000000
0.000000,9,scarcity_peak,21:00,100.000000,100.000000
0.000000,9,scarcity_peak,22:00,100.000000,100.000000
0.000000,9,scarcity_peak,23:00,45.000000,45.000000
0.000000,10,negative_midday,00:00,45.000000,45.000000
0.000000,10,negative_midday,01:00,45.000000,45.000000
0.000000,10,negative_midday,02:00,45.000000,45.000000
0.000000,10,negative_midday,03:00,45.000000,45.000000
0.000000,10,negative_midday,04:00,45.000000,45.000000
0.000000,10,negative_midday,05:00,45.000000,45.000000
0.000000,10,negative_midday,06:00,45.000000,45.000000
0.000000,10,negative_midday,07:00,45.000000,45.000000
0.000000,10,negative_midday,08:00,45.000000,45.000000
0.000000,10,negative_midday,09:00,15.000000,15.000000
0.000000,10,negative_midday,10:00,-30.000000,-30.000000
0.000000,10,negative_midday,11:00,-30.000000,-30.000000
0.000000,10,negative_midday,12:00,-30.000000,-30.000000
0.000000,10,negative_midday,13:00,15.000000,15.000000
0.000000,10,negative_midday,14:00,45.000000,45.000000
0.000000,10,negative_midday,15:00,45.000000,45.000000
0.000000,10,negative_midday,16:00,45.000000,45.000000
0.000000,10,negative_midday,17:00,45.000000,45.000000
0.000000,10,negative_midday,18:00,100.000000,100.000000
0.000000,10,negative_midday,19:00,100.000000,100.000000
0.000000,10,negative_midday,20:00,100.000000,100.000000
0.000000,10,negative_midday,21:00,100.000000,100.000000
0.000000,10,negative_midday,22:00,100.000000,100.000000
0.000000,10,negative_midday,23:00,45.000000,45.000000
0.000000,11,flat_missed_event,00:00,40.000000,40.000000
0.000000,11,flat_missed_event,01:00,40.000000,40.000000
0.000000,11,flat_missed_event,02:00,40.000000,40.000000
0.000000,11,flat_missed_event,03:00,40.000000,40.000000
0.000000,11,flat_missed_event,04:00,40.000000,40.000000
0.000000,11,flat_missed_event,05:00,40.000000,40.000000
0.000000,11,flat_missed_event,06:00,40.000000,40.000000
0.000000,11,flat_missed_event,07:00,40.000000,40.000000
0.000000,11,flat_missed_event,08:00,40.000000,40.000000
0.000000,11,flat_missed_event,09:00,40.000000,40.000000
0.000000,11,flat_missed_event,10:00,40.000000,40.000000
0.000000,11,flat_missed_event,11:00,40.000000,40.000000
0.000000,11,flat_missed_event,12:00,40.000000,40.000000
0.000000,11,flat_missed_event,13:00,40.000000,40.000000
0.000000,11,flat_missed_event,14:00,40.000000,40.000000
0.000000,11,flat_missed_event,15:00,40.000000,40.000000
0.000000,11,flat_missed_event,16:00,40.000000,40.000000
0.000000,11,flat_missed_event,17:00,40.000000,40.000000
0.000000,11,flat_missed_event,18:00,40.000000,40.000000
0.000000,11,flat_missed_event,19:00,40.000000,40.000000
0.000000,11,flat_missed_event,20:00,40.000000,40.000000
0.000000,11,flat_missed_event,21:00,40.000000,40.000000
0.000000,11,flat_missed_event,22:00,40.000000,40.000000
0.000000,11,flat_missed_event,23:00,40.000000,40.000000
0.000000,12,evening_peak,00:00,45.000000,45.000000
0.000000,12,evening_peak,01:00,45.000000,45.000000
0.000000,12,evening_peak,02:00,45.000000,45.000000
0.000000,12,evening_peak,03:00,45.000000,45.000000
0.000000,12,evening_peak,04:00,45.000000,45.000000
0.000000,12,evening_peak,05:00,45.000000,45.000000
0.000000,12,evening_peak,06:00,45.000000,45.000000
0.000000,12,evening_peak,07:00,45.000000,45.000000
0.000000,12,evening_peak,08:00,45.000000,45.000000
0.000000,12,evening_peak,09:00,15.000000,15.000000
0.000000,12,evening_peak,10:00,15.000000,15.000000
0.000000,12,evening_peak,11:00,15.000000,15.000000
0.000000,12,evening_peak,12:00,15.000000,15.000000
0.000000,12,evening_peak,13:00,15.000000,15.000000
0.000000,12,evening_peak,14:00,45.000000,45.000000
0.000000,12,evening_peak,15:00,45.000000,45.000000
0.000000,12,evening_peak,16:00,45.000000,45.000000
0.000000,12,evening_peak,17:00,45.000000,45.000000
0.000000,12,evening_peak,18:00,100.000000,100.000000
0.000000,12,evening_peak,19:00,100.000000,100.000000
0.000000,12,evening_peak,20:00,100.000000,100.000000
0.000000,12,evening_peak,21:00,100.000000,100.000000
0.000000,12,evening_peak,22:00,100.000000,100.000000
0.000000,12,evening_peak,23:00,45.000000,45.000000
0.000000,13,scarcity_peak,00:00,45.000000,45.000000
0.000000,13,scarcity_peak,01:00,45.000000,45.000000
0.000000,13,scarcity_peak,02:00,45.000000,45.000000
0.000000,13,scarcity_peak,03:00,45.000000,45.000000
0.000000,13,scarcity_peak,04:00,45.000000,45.000000
0.000000,13,scarcity_peak,05:00,45.000000,45.000000
0.000000,13,scarcity_peak,06:00,45.000000,45.000000
0.000000,13,scarcity_peak,07:00,45.000000,45.000000
0.000000,13,scarcity_peak,08:00,45.000000,45.000000
0.000000,13,scarcity_peak,09:00,15.000000,15.000000
0.000000,13,scarcity_peak,10:00,15.000000,15.000000
0.000000,13,scarcity_peak,11:00,15.000000,15.000000
0.000000,13,scarcity_peak,12:00,15.000000,15.000000
0.000000,13,scarcity_peak,13:00,15.000000,15.000000
0.000000,13,scarcity_peak,14:00,45.000000,45.000000
0.000000,13,scarcity_peak,15:00,45.000000,45.000000
0.000000,13,scarcity_peak,16:00,45.000000,45.000000
0.000000,13,scarcity_peak,17:00,45.000000,45.000000
0.000000,13,scarcity_peak,18:00,100.000000,100.000000
0.000000,13,scarcity_peak,19:00,100.000000,100.000000
0.000000,13,scarcity_peak,20:00,400.000000,400.000000
0.000000,13,scarcity_peak,21:00,100.000000,100.000000
0.000000,13,scarcity_peak,22:00,100.000000,100.000000
0.000000,13,scarcity_peak,23:00,45.000000,45.000000
0.000000,14,negative_midday,00:00,45.000000,45.000000
0.000000,14,negative_midday,01:00,45.000000,45.000000
0.000000,14,negative_midday,02:00,45.000000,45.000000
0.000000,14,negative_midday,03:00,45.000000,45.000000
0.000000,14,negative_midday,04:00,45.000000,45.000000
0.000000,14,negative_midday,05:00,45.000000,45.000000
0.000000,14,negative_midday,06:00,45.000000,45.000000
0.000000,14,negative_midday,07:00,45.000000,45.000000
0.000000,14,negative_midday,08:00,45.000000,45.000000
0.000000,14,negative_midday,09:00,15.000000,15.000000
0.000000,14,negative_midday,10:00,-30.000000,-30.000000
0.000000,14,negative_midday,11:00,-30.000000,-30.000000
0.000000,14,negative_midday,12:00,-30.000000,-30.000000
0.000000,14,negative_midday,13:00,15.000000,15.000000
0.000000,14,negative_midday,14:00,45.000000,45.000000
0.000000,14,negative_midday,15:00,45.000000,45.000000
0.000000,14,negative_midday,16:00,45.000000,45.000000
0.000000,14,negative_midday,17:00,45.000000,45.000000
0.000000,14,negative_midday,18:00,100.000000,100.000000
0.000000,14,negative_midday,19:00,100.000000,100.000000
0.000000,14,negative_midday,20:00,100.000000,100.000000
0.000000,14,negative_midday,21:00,100.000000,100.000000
0.000000,14,negative_midday,22:00,100.000000,100.000000
0.000000,14,negative_midday,23:00,45.000000,45.000000
0.000000,15,flat_missed_event,00:00,40.000000,40.000000
0.000000,15,flat_missed_event,01:00,40.000000,40.000000
0.000000,15,flat_missed_event,02:00,40.000000,40.000000
0.000000,15,flat_missed_event,03:00,40.000000,40.000000
0.000000,15,flat_missed_event,04:00,40.000000,40.000000
0.000000,15,flat_missed_event,05:00,40.000000,40.000000
0.000000,15,flat_missed_event,06:00,40.000000,40.000000
0.000000,15,flat_missed_event,07:00,40.000000,40.000000
0.000000,15,flat_missed_event,08:00,40.000000,40.000000
0.000000,15,flat_missed_event,09:00,40.000000,40.000000
0.000000,15,flat_missed_event,10:00,40.000000,40.000000
0.000000,15,flat_missed_event,11:00,40.000000,40.000000
0.000000,15,flat_missed_event,12:00,40.000000,40.000000
0.000000,15,flat_missed_event,13:00,40.000000,40.000000
0.000000,15,flat_missed_event,14:00,40.000000,40.000000
0.000000,15,flat_missed_event,15:00,40.000000,40.000000
0.000000,15,flat_missed_event,16:00,40.000000,40.000000
0.000000,15,flat_missed_event,17:00,40.000000,40.000000
0.000000,15,flat_missed_event,18:00,40.000000,40.000000
0.000000,15,flat_missed_event,19:00,40.000000,40.000000
0.000000,15,flat_missed_event,20:00,40.000000,40.000000
0.000000,15,flat_missed_event,21:00,40.000000,40.000000
0.000000,15,flat_missed_event,22:00,40.000000,40.000000
0.000000,15,flat_missed_event,23:00,40.000000,40.000000
0.000000,16,evening_peak,00:00,45.000000,45.000000
0.000000,16,evening_peak,01:00,45.000000,45.000000
0.000000,16,evening_peak,02:00,45.000000,45.000000
0.000000,16,evening_peak,03:00,45.000000,45.000000
0.000000,16,evening_peak,04:00,45.000000,45.000000
0.000000,16,evening_peak,05:00,45.000000,45.000000
0.000000,16,evening_peak,06:00,45.000000,45.000000
0.000000,16,evening_peak,07:00,45.000000,45.000000
0.000000,16,evening_peak,08:00,45.000000,45.000000
0.000000,16,evening_peak,09:00,15.000000,15.000000
0.000000,16,evening_peak,10:00,15.000000,15.000000
0.000000,16,evening_peak,11:00,15.000000,15.000000
0.000000,16,evening_peak,12:00,15.000000,15.000000
0.000000,16,evening_peak,13:00,15.000000,15.000000
0.000000,16,evening_peak,14:00,45.000000,45.000000
0.000000,16,evening_peak,15:00,45.000000,45.000000
0.000000,16,evening_peak,16:00,45.000000,45.000000
0.000000,16,evening_peak,17:00,45.000000,45.000000
0.000000,16,evening_peak,18:00,100.000000,100.000000
0.000000,16,evening_peak,19:00,100.000000,100.000000
0.000000,16,evening_peak,20:00,100.000000,100.000000
0.000000,16,evening_peak,21:00,100.000000,100.000000
0.000000,16,evening_peak,22:00,100.000000,100.000000
0.000000,16,evening_peak,23:00,45.000000,45.000000
0.000000,17,scarcity_peak,00:00,45.000000,45.000000
0.000000,17,scarcity_peak,01:00,45.000000,45.000000
0.000000,17,scarcity_peak,02:00,45.000000,45.000000
0.000000,17,scarcity_peak,03:00,45.000000,45.000000
0.000000,17,scarcity_peak,04:00,45.000000,45.000000
0.000000,17,scarcity_peak,05:00,45.000000,45.000000
0.000000,17,scarcity_peak,06:00,45.000000,45.000000
0.000000,17,scarcity_peak,07:00,45.000000,45.000000
0.000000,17,scarcity_peak,08:00,45.000000,45.000000
0.000000,17,scarcity_peak,09:00,15.000000,15.000000
0.000000,17,scarcity_peak,10:00,15.000000,15.000000
0.000000,17,scarcity_peak,11:00,15.000000,15.000000
0.000000,17,scarcity_peak,12:00,15.000000,15.000000
0.000000,17,scarcity_peak,13:00,15.000000,15.000000
0.000000,17,scarcity_peak,14:00,45.000000,45.000000
0.000000,17,scarcity_peak,15:00,45.000000,45.000000
0.000000,17,scarcity_peak,16:00,45.000000,45.000000
0.000000,17,scarcity_peak,17:00,45.000000,45.000000
0.000000,17,scarcity_peak,18:00,100.000000,100.000000
0.000000,17,scarcity_peak,19:00,100.000000,100.000000
0.000000,17,scarcity_peak,20:00,400.000000,400.000000
0.000000,17,scarcity_peak,21:00,100.000000,100.000000
0.000000,17,scarcity_peak,22:00,100.000000,100.000000
0.000000,17,scarcity_peak,23:00,45.000000,45.000000
0.000000,18,negative_midday,00:00,45.000000,45.000000
0.000000,18,negative_midday,01:00,45.000000,45.000000
0.000000,18,negative_midday,02:00,45.000000,45.000000
0.000000,18,negative_midday,03:00,45.000000,45.000000
0.000000,18,negative_midday,04:00,45.000000,45.000000
0.000000,18,negative_midday,05:00,45.000000,45.000000
0.000000,18,negative_midday,06:00,45.000000,45.000000
0.000000,18,negative_midday,07:00,45.000000,45.000000
0.000000,18,negative_midday,08:00,45.000000,45.000000
0.000000,18,negative_midday,09:00,15.000000,15.000000
0.000000,18,negative_midday,10:00,-30.000000,-30.000000
0.000000,18,negative_midday,11:00,-30.000000,-30.000000
0.000000,18,negative_midday,12:00,-30.000000,-30.000000
0.000000,18,negative_midday,13:00,15.000000,15.000000
0.000000,18,negative_midday,14:00,45.000000,45.000000
0.000000,18,negative_midday,15:00,45.000000,45.000000
0.000000,18,negative_midday,16:00,45.000000,45.000000
0.000000,18,negative_midday,17:00,45.000000,45.000000
0.000000,18,negative_midday,18:00,100.000000,100.000000
0.000000,18,negative_midday,19:00,100.000000,100.000000
0.000000,18,negative_midday,20:00,100.000000,100.000000
0.000000,18,negative_midday,21:00,100.000000,100.000000
0.000000,18,negative_midday,22:00,100.000000,100.000000
0.000000,18,negative_midday,23:00,45.000000,45.000000
0.000000,19,flat_missed_event,00:00,40.000000,40.000000
0.000000,19,flat_missed_event,01:00,40.000000,40.000000
0.000000,19,flat_missed_event,02:00,40.000000,40.000000
0.000000,19,flat_missed_event,03:00,40.000000,40.000000
0.000000,19,flat_missed_event,04:00,40.000000,40.000000
0.000000,19,flat_missed_event,05:00,40.000000,40.000000
0.000000,19,flat_missed_event,06:00,40.000000,40.000000
0.000000,19,flat_missed_event,07:00,40.000000,40.000000
0.000000,19,flat_missed_event,08:00,40.000000,40.000000
0.000000,19,flat_missed_event,09:00,40.000000,40.000000
0.000000,19,flat_missed_event,10:00,40.000000,40.000000
0.000000,19,flat_missed_event,11:00,40.000000,40.000000
0.000000,19,flat_missed_event,12:00,40.000000,40.000000
0.000000,19,flat_missed_event,13:00,40.000000,40.000000
0.000000,19,flat_missed_event,14:00,40.000000,40.000000
0.000000,19,flat_missed_event,15:00,40.000000,40.000000
0.000000,19,flat_missed_event,16:00,40.000000,40.000000
0.000000,19,flat_missed_event,17:00,40.000000,40.000000
0.000000,19,flat_missed_event,18:00,40.000000,40.000000
0.000000,19,flat_missed_event,19:00,40.000000,40.000000
0.000000,19,flat_missed_event,20:00,40.000000,40.000000
0.000000,19,flat_missed_event,21:00,40.000000,40.000000
0.000000,19,flat_missed_event,22:00,40.000000,40.000000
0.000000,19,flat_missed_event,23:00,40.000000,40.000000
0.000000,20,evening_peak,00:00,45.000000,45.000000
0.000000,20,evening_peak,01:00,45.000000,45.000000
0.000000,20,evening_peak,02:00,45.000000,45.000000
0.000000,20,evening_peak,03:00,45.000000,45.000000
0.000000,20,evening_peak,04:00,45.000000,45.000000
0.000000,20,evening_peak,05:00,45.000000,45.000000
0.000000,20,evening_peak,06:00,45.000000,45.000000
0.000000,20,evening_peak,07:00,45.000000,45.000000
0.000000,20,evening_peak,08:00,45.000000,45.000000
0.000000,20,evening_peak,09:00,15.000000,15.000000
0.000000,20,evening_peak,10:00,15.000000,15.000000
0.000000,20,evening_peak,11:00,15.000000,15.000000
0.000000,20,evening_peak,12:00,15.000000,15.000000
0.000000,20,evening_peak,13:00,15.000000,15.000000
0.000000,20,evening_peak,14:00,45.000000,45.000000
0.000000,20,evening_peak,15:00,45.000000,45.000000
0.000000,20,evening_peak,16:00,45.000000,45.000000
0.000000,20,evening_peak,17:00,45.000000,45.000000
0.000000,20,evening_peak,18:00,100.000000,100.000000
0.000000,20,evening_peak,19:00,100.000000,100.000000
0.000000,20,evening_peak,20:00,100.000000,100.000000
0.000000,20,evening_peak,21:00,100.000000,100.000000
0.000000,20,evening_peak,22:00,100.000000,100.000000
0.000000,20,evening_peak,23:00,45.000000,45.000000
0.000000,21,scarcity_peak,00:00,45.000000,45.000000
0.000000,21,scarcity_peak,01:00,45.000000,45.000000
0.000000,21,scarcity_peak,02:00,45.000000,45.000000
0.000000,21,scarcity_peak,03:00,45.000000,45.000000
0.000000,21,scarcity_peak,04:00,45.000000,45.000000
0.000000,21,scarcity_peak,05:00,45.000000,45.000000
0.000000,21,scarcity_peak,06:00,45.000000,45.000000
0.000000,21,scarcity_peak,07:00,45.000000,45.000000
0.000000,21,scarcity_peak,08:00,45.000000,45.000000
0.000000,21,scarcity_peak,09:00,15.000000,15.000000
0.000000,21,scarcity_peak,10:00,15.000000,15.000000
0.000000,21,scarcity_peak,11:00,15.000000,15.000000
0.000000,21,scarcity_peak,12:00,15.000000,15.000000
0.000000,21,scarcity_peak,13:00,15.000000,15.000000
0.000000,21,scarcity_peak,14:00,45.000000,45.000000
0.000000,21,scarcity_peak,15:00,45.000000,45.000000
0.000000,21,scarcity_peak,16:00,45.000000,45.000000
0.000000,21,scarcity_peak,17:00,45.000000,45.000000
0.000000,21,scarcity_peak,18:00,100.000000,100.000000
0.000000,21,scarcity_peak,19:00,100.000000,100.000000
0.000000,21,scarcity_peak,20:00,400.000000,400.000000
0.000000,21,scarcity_peak,21:00,100.000000,100.000000
0.000000,21,scarcity_peak,22:00,100.000000,100.000000
0.000000,21,scarcity_peak,23:00,45.000000,45.000000
0.000000,22,negative_midday,00:00,45.000000,45.000000
0.000000,22,negative_midday,01:00,45.000000,45.000000
0.000000,22,negative_midday,02:00,45.000000,45.000000
0.000000,22,negative_midday,03:00,45.000000,45.000000
0.000000,22,negative_midday,04:00,45.000000,45.000000
0.000000,22,negative_midday,05:00,45.000000,45.000000
0.000000,22,negative_midday,06:00,45.000000,45.000000
0.000000,22,negative_midday,07:00,45.000000,45.000000
0.000000,22,negative_midday,08:00,45.000000,45.000000
0.000000,22,negative_midday,09:00,15.000000,15.000000
0.000000,22,negative_midday,10:00,-30.000000,-30.000000
0.000000,22,negative_midday,11:00,-30.000000,-30.000000
0.000000,22,negative_midday,12:00,-30.000000,-30.000000
0.000000,22,negative_midday,13:00,15.000000,15.000000
0.000000,22,negative_midday,14:00,45.000000,45.000000
0.000000,22,negative_midday,15:00,45.000000,45.000000
0.000000,22,negative_midday,16:00,45.000000,45.000000
0.000000,22,negative_midday,17:00,45.000000,45.000000
0.000000,22,negative_midday,18:00,100.000000,100.000000
0.000000,22,negative_midday,19:00,100.000000,100.000000
0.000000,22,negative_midday,20:00,100.000000,100.000000
0.000000,22,negative_midday,21:00,100.000000,100.000000
0.000000,22,negative_midday,22:00,100.000000,100.000000
0.000000,22,negative_midday,23:00,45.000000,45.000000
0.000000,23,flat_missed_event,00:00,40.000000,40.000000
0.000000,23,flat_missed_event,01:00,40.000000,40.000000
0.000000,23,flat_missed_event,02:00,40.000000,40.000000
0.000000,23,flat_missed_event,03:00,40.000000,40.000000
0.000000,23,flat_missed_event,04:00,40.000000,40.000000
0.000000,23,flat_missed_event,05:00,40.000000,40.000000
0.000000,23,flat_missed_event,06:00,40.000000,40.000000
0.000000,23,flat_missed_event,07:00,40.000000,40.000000
0.000000,23,flat_missed_event,08:00,40.000000,40.000000
0.000000,23,flat_missed_event,09:00,40.000000,40.000000
0.000000,23,flat_missed_event,10:00,40.000000,40.000000
0.000000,23,flat_missed_event,11:00,40.000000,40.000000
0.000000,23,flat_missed_event,12:00,40.000000,40.000000
0.000000,23,flat_missed_event,13:00,40.000000,40.000000
0.000000,23,flat_missed_event,14:00,40.000000,40.000000
0.000000,23,flat_missed_event,15:00,40.000000,40.000000
0.000000,23,flat_missed_event,16:00,40.000000,40.000000
0.000000,23,flat_missed_event,17:00,40.000000,40.000000
0.000000,23,flat_missed_event,18:00,40.000000,40.000000
0.000000,23,flat_missed_event,19:00,40.000000,40.000000
0.000000,23,flat_missed_event,20:00,40.000000,40.000000
0.000000,23,flat_missed_event,21:00,40.000000,40.000000
0.000000,23,flat_missed_event,22:00,40.000000,40.000000
0.000000,23,flat_missed_event,23:00,40.000000,40.000000
0.000000,24,evening_peak,00:00,45.000000,45.000000
0.000000,24,evening_peak,01:00,45.000000,45.000000
0.000000,24,evening_peak,02:00,45.000000,45.000000
0.000000,24,evening_peak,03:00,45.000000,45.000000
0.000000,24,evening_peak,04:00,45.000000,45.000000
0.000000,24,evening_peak,05:00,45.000000,45.000000
0.000000,24,evening_peak,06:00,45.000000,45.000000
0.000000,24,evening_peak,07:00,45.000000,45.000000
0.000000,24,evening_peak,08:00,45.000000,45.000000
0.000000,24,evening_peak,09:00,15.000000,15.000000
0.000000,24,evening_peak,10:00,15.000000,15.000000
0.000000,24,evening_peak,11:00,15.000000,15.000000
0.000000,24,evening_peak,12:00,15.000000,15.000000
0.000000,24,evening_peak,13:00,15.000000,15.000000
0.000000,24,evening_peak,14:00,45.000000,45.000000
0.000000,24,evening_peak,15:00,45.000000,45.000000
0.000000,24,evening_peak,16:00,45.000000,45.000000
0.000000,24,evening_peak,17:00,45.000000,45.000000
0.000000,24,evening_peak,18:00,100.000000,100.000000
0.000000,24,evening_peak,19:00,100.000000,100.000000
0.000000,24,evening_peak,20:00,100.000000,100.000000
0.000000,24,evening_peak,21:00,100.000000,100.000000
0.000000,24,evening_peak,22:00,100.000000,100.000000
0.000000,24,evening_peak,23:00,45.000000,45.000000
0.000000,25,scarcity_peak,00:00,45.000000,45.000000
0.000000,25,scarcity_peak,01:00,45.000000,45.000000
0.000000,25,scarcity_peak,02:00,45.000000,45.000000
0.000000,25,scarcity_peak,03:00,45.000000,45.000000
0.000000,25,scarcity_peak,04:00,45.000000,45.000000
0.000000,25,scarcity_peak,05:00,45.000000,45.000000
0.000000,25,scarcity_peak,06:00,45.000000,45.000000
0.000000,25,scarcity_peak,07:00,45.000000,45.000000
0.000000,25,scarcity_peak,08:00,45.000000,45.000000
0.000000,25,scarcity_peak,09:00,15.000000,15.000000
0.000000,25,scarcity_peak,10:00,15.000000,15.000000
0.000000,25,scarcity_peak,11:00,15.000000,15.000000
0.000000,25,scarcity_peak,12:00,15.000000,15.000000
0.000000,25,scarcity_peak,13:00,15.000000,15.000000
0.000000,25,scarcity_peak,14:00,45.000000,45.000000
0.000000,25,scarcity_peak,15:00,45.000000,45.000000
0.000000,25,scarcity_peak,16:00,45.000000,45.000000
0.000000,25,scarcity_peak,17:00,45.000000,45.000000
0.000000,25,scarcity_peak,18:00,100.000000,100.000000
0.000000,25,scarcity_peak,19:00,100.000000,100.000000
0.000000,25,scarcity_peak,20:00,400.000000,400.000000
0.000000,25,scarcity_peak,21:00,100.000000,100.000000
0.000000,25,scarcity_peak,22:00,100.000000,100.000000
0.000000,25,scarcity_peak,23:00,45.000000,45.000000
0.000000,26,negative_midday,00:00,45.000000,45.000000
0.000000,26,negative_midday,01:00,45.000000,45.000000
0.000000,26,negative_midday,02:00,45.000000,45.000000
0.000000,26,negative_midday,03:00,45.000000,45.000000
0.000000,26,negative_midday,04:00,45.000000,45.000000
0.000000,26,negative_midday,05:00,45.000000,45.000000
0.000000,26,negative_midday,06:00,45.000000,45.000000
0.000000,26,negative_midday,07:00,45.000000,45.000000
0.000000,26,negative_midday,08:00,45.000000,45.000000
0.000000,26,negative_midday,09:00,15.000000,15.000000
0.000000,26,negative_midday,10:00,-30.000000,-30.000000
0.000000,26,negative_midday,11:00,-30.000000,-30.000000
0.000000,26,negative_midday,12:00,-30.000000,-30.000000
0.000000,26,negative_midday,13:00,15.000000,15.000000
0.000000,26,negative_midday,14:00,45.000000,45.000000
0.000000,26,negative_midday,15:00,45.000000,45.000000
0.000000,26,negative_midday,16:00,45.000000,45.000000
0.000000,26,negative_midday,17:00,45.000000,45.000000
0.000000,26,negative_midday,18:00,100.000000,100.000000
0.000000,26,negative_midday,19:00,100.000000,100.000000
0.000000,26,negative_midday,20:00,100.000000,100.000000
0.000000,26,negative_midday,21:00,100.000000,100.000000
0.000000,26,negative_midday,22:00,100.000000,100.000000
0.000000,26,negative_midday,23:00,45.000000,45.000000
0.000000,27,flat_missed_event,00:00,40.000000,40.000000
0.000000,27,flat_missed_event,01:00,40.000000,40.000000
0.000000,27,flat_missed_event,02:00,40.000000,40.000000
0.000000,27,flat_missed_event,03:00,40.000000,40.000000
0.000000,27,flat_missed_event,04:00,40.000000,40.000000
0.000000,27,flat_missed_event,05:00,40.000000,40.000000
0.000000,27,flat_missed_event,06:00,40.000000,40.000000
0.000000,27,flat_missed_event,07:00,40.000000,40.000000
0.000000,27,flat_missed_event,08:00,40.000000,40.000000
0.000000,27,flat_missed_event,09:00,40.000000,40.000000
0.000000,27,flat_missed_event,10:00,40.000000,40.000000
0.000000,27,flat_missed_event,11:00,40.000000,40.000000
0.000000,27,flat_missed_event,12:00,40.000000,40.000000
0.000000,27,flat_missed_event,13:00,40.000000,40.000000
0.000000,27,flat_missed_event,14:00,40.000000,40.000000
0.000000,27,flat_missed_event,15:00,40.000000,40.000000
0.000000,27,flat_missed_event,16:00,40.000000,40.000000
0.000000,27,flat_missed_event,17:00,40.000000,40.000000
0.000000,27,flat_missed_event,18:00,40.000000,40.000000
0.000000,27,flat_missed_event,19:00,40.000000,40.000000
0.000000,27,flat_missed_event,20:00,40.000000,40.000000
0.000000,27,flat_missed_event,21:00,40.000000,40.000000
0.000000,27,flat_missed_event,22:00,40.000000,40.000000
0.000000,27,flat_missed_event,23:00,40.000000,40.000000
0.000000,28,evening_peak,00:00,45.000000,45.000000
0.000000,28,evening_peak,01:00,45.000000,45.000000
0.000000,28,evening_peak,02:00,45.000000,45.000000
0.000000,28,evening_peak,03:00,45.000000,45.000000
0.000000,28,evening_peak,04:00,45.000000,45.000000
0.000000,28,evening_peak,05:00,45.000000,45.000000
0.000000,28,evening_peak,06:00,45.000000,45.000000
0.000000,28,evening_peak,07:00,45.000000,45.000000
0.000000,28,evening_peak,08:00,45.000000,45.000000
0.000000,28,evening_peak,09:00,15.000000,15.000000
0.000000,28,evening_peak,10:00,15.000000,15.000000
0.000000,28,evening_peak,11:00,15.000000,15.000000
0.000000,28,evening_peak,12:00,15.000000,15.000000
0.000000,28,evening_peak,13:00,15.000000,15.000000
0.000000,28,evening_peak,14:00,45.000000,45.000000
0.000000,28,evening_peak,15:00,45.000000,45.000000
0.000000,28,evening_peak,16:00,45.000000,45.000000
0.000000,28,evening_peak,17:00,45.000000,45.000000
0.000000,28,evening_peak,18:00,100.000000,100.000000
0.000000,28,evening_peak,19:00,100.000000,100.000000
0.000000,28,evening_peak,20:00,100.000000,100.000000
0.000000,28,evening_peak,21:00,100.000000,100.000000
0.000000,28,evening_peak,22:00,100.000000,100.000000
0.000000,28,evening_peak,23:00,45.000000,45.000000
0.000000,29,scarcity_peak,00:00,45.000000,45.000000
0.000000,29,scarcity_peak,01:00,45.000000,45.000000
0.000000,29,scarcity_peak,02:00,45.000000,45.000000
0.000000,29,scarcity_peak,03:00,45.000000,45.000000
0.000000,29,scarcity_peak,04:00,45.000000,45.000000
0.000000,29,scarcity_peak,05:00,45.000000,45.000000
0.000000,29,scarcity_peak,06:00,45.000000,45.000000
0.000000,29,scarcity_peak,07:00,45.000000,45.000000
0.000000,29,scarcity_peak,08:00,45.000000,45.000000
0.000000,29,scarcity_peak,09:00,15.000000,15.000000
0.000000,29,scarcity_peak,10:00,15.000000,15.000000
0.000000,29,scarcity_peak,11:00,15.000000,15.000000
0.000000,29,scarcity_peak,12:00,15.000000,15.000000
0.000000,29,scarcity_peak,13:00,15.000000,15.000000
0.000000,29,scarcity_peak,14:00,45.000000,45.000000
0.000000,29,scarcity_peak,15:00,45.000000,45.000000
0.000000,29,scarcity_peak,16:00,45.000000,45.000000
0.000000,29,scarcity_peak,17:00,45.000000,45.000000
0.000000,29,scarcity_peak,18:00,100.000000,100.000000
0.000000,29,scarcity_peak,19:00,100.000000,100.000000
0.000000,29,scarcity_peak,20:00,400.000000,400.000000
0.000000,29,scarcity_peak,21:00,100.000000,100.000000
0.000000,29,scarcity_peak,22:00,100.000000,100.000000
0.000000,29,scarcity_peak,23:00,45.000000,45.000000
0.000000,30,negative_midday,00:00,45.000000,45.000000
0.000000,30,negative_midday,01:00,45.000000,45.000000
0.000000,30,negative_midday,02:00,45.000000,45.000000
0.000000,30,negative_midday,03:00,45.000000,45.000000
0.000000,30,negative_midday,04:00,45.000000,45.000000
0.000000,30,negative_midday,05:00,45.000000,45.000000
0.000000,30,negative_midday,06:00,45.000000,45.000000
0.000000,30,negative_midday,07:00,45.000000,45.000000
0.000000,30,negative_midday,08:00,45.000000,45.000000
0.000000,30,negative_midday,09:00,15.000000,15.000000
0.000000,30,negative_midday,10:00,-30.000000,-30.000000
0.000000,30,negative_midday,11:00,-30.000000,-30.000000
0.000000,30,negative_midday,12:00,-30.000000,-30.000000
0.000000,30,negative_midday,13:00,15.000000,15.000000
0.000000,30,negative_midday,14:00,45.000000,45.000000
0.000000,30,negative_midday,15:00,45.000000,45.000000
0.000000,30,negative_midday,16:00,45.000000,45.000000
0.000000,30,negative_midday,17:00,45.000000,45.000000
0.000000,30,negative_midday,18:00,100.000000,100.000000
0.000000,30,negative_midday,19:00,100.000000,100.000000
0.000000,30,negative_midday,20:00,100.000000,100.000000
0.000000,30,negative_midday,21:00,100.000000,100.000000
0.000000,30,negative_midday,22:00,100.000000,100.000000
0.000000,30,negative_midday,23:00,45.000000,45.000000
0.000000,31,flat_missed_event,00:00,40.000000,40.000000
0.000000,31,flat_missed_event,01:00,40.000000,40.000000
0.000000,31,flat_missed_event,02:00,40.000000,40.000000
0.000000,31,flat_missed_event,03:00,40.000000,40.000000
0.000000,31,flat_missed_event,04:00,40.000000,40.000000
0.000000,31,flat_missed_event,05:00,40.000000,40.000000
0.000000,31,flat_missed_event,06:00,40.000000,40.000000
0.000000,31,flat_missed_event,07:00,40.000000,40.000000
0.000000,31,flat_missed_event,08:00,40.000000,40.000000
0.000000,31,flat_missed_event,09:00,40.000000,40.000000
0.000000,31,flat_missed_event,10:00,40.000000,40.000000
0.000000,31,flat_missed_event,11:00,40.000000,40.000000
0.000000,31,flat_missed_event,12:00,40.000000,40.000000
0.000000,31,flat_missed_event,13:00,40.000000,40.000000
0.000000,31,flat_missed_event,14:00,40.000000,40.000000
0.000000,31,flat_missed_event,15:00,40.000000,40.000000
0.000000,31,flat_missed_event,16:00,40.000000,40.000000
0.000000,31,flat_missed_event,17:00,40.000000,40.000000
0.000000,31,flat_missed_event,18:00,40.000000,40.000000
0.000000,31,flat_missed_event,19:00,40.000000,40.000000
0.000000,31,flat_missed_event,20:00,40.000000,40.000000
0.000000,31,flat_missed_event,21:00,40.000000,40.000000
0.000000,31,flat_missed_event,22:00,40.000000,40.000000
0.000000,31,flat_missed_event,23:00,40.000000,40.000000
0.000000,32,evening_peak,00:00,45.000000,45.000000
0.000000,32,evening_peak,01:00,45.000000,45.000000
0.000000,32,evening_peak,02:00,45.000000,45.000000
0.000000,32,evening_peak,03:00,45.000000,45.000000
0.000000,32,evening_peak,04:00,45.000000,45.000000
0.000000,32,evening_peak,05:00,45.000000,45.000000
0.000000,32,evening_peak,06:00,45.000000,45.000000
0.000000,32,evening_peak,07:00,45.000000,45.000000
0.000000,32,evening_peak,08:00,45.000000,45.000000
0.000000,32,evening_peak,09:00,15.000000,15.000000
0.000000,32,evening_peak,10:00,15.000000,15.000000
0.000000,32,evening_peak,11:00,15.000000,15.000000
0.000000,32,evening_peak,12:00,15.000000,15.000000
0.000000,32,evening_peak,13:00,15.000000,15.000000
0.000000,32,evening_peak,14:00,45.000000,45.000000
0.000000,32,evening_peak,15:00,45.000000,45.000000
0.000000,32,evening_peak,16:00,45.000000,45.000000
0.000000,32,evening_peak,17:00,45.000000,45.000000
0.000000,32,evening_peak,18:00,100.000000,100.000000
0.000000,32,evening_peak,19:00,100.000000,100.000000
0.000000,32,evening_peak,20:00,100.000000,100.000000
0.000000,32,evening_peak,21:00,100.000000,100.000000
0.000000,32,evening_peak,22:00,100.000000,100.000000
0.000000,32,evening_peak,23:00,45.000000,45.000000
0.000000,33,scarcity_peak,00:00,45.000000,45.000000
0.000000,33,scarcity_peak,01:00,45.000000,45.000000
0.000000,33,scarcity_peak,02:00,45.000000,45.000000
0.000000,33,scarcity_peak,03:00,45.000000,45.000000
0.000000,33,scarcity_peak,04:00,45.000000,45.000000
0.000000,33,scarcity_peak,05:00,45.000000,45.000000
0.000000,33,scarcity_peak,06:00,45.000000,45.000000
0.000000,33,scarcity_peak,07:00,45.000000,45.000000
0.000000,33,scarcity_peak,08:00,45.000000,45.000000
0.000000,33,scarcity_peak,09:00,15.000000,15.000000
0.000000,33,scarcity_peak,10:00,15.000000,15.000000
0.000000,33,scarcity_peak,11:00,15.000000,15.000000
0.000000,33,scarcity_peak,12:00,15.000000,15.000000
0.000000,33,scarcity_peak,13:00,15.000000,15.000000
0.000000,33,scarcity_peak,14:00,45.000000,45.000000
0.000000,33,scarcity_peak,15:00,45.000000,45.000000
0.000000,33,scarcity_peak,16:00,45.000000,45.000000
0.000000,33,scarcity_peak,17:00,45.000000,45.000000
0.000000,33,scarcity_peak,18:00,100.000000,100.000000
0.000000,33,scarcity_peak,19:00,100.000000,100.000000
0.000000,33,scarcity_peak,20:00,400.000000,400.000000
0.000000,33,scarcity_peak,21:00,100.000000,100.000000
0.000000,33,scarcity_peak,22:00,100.000000,100.000000
0.000000,33,scarcity_peak,23:00,45.000000,45.000000
0.000000,34,negative_midday,00:00,45.000000,45.000000
0.000000,34,negative_midday,01:00,45.000000,45.000000
0.000000,34,negative_midday,02:00,45.000000,45.000000
0.000000,34,negative_midday,03:00,45.000000,45.000000
0.000000,34,negative_midday,04:00,45.000000,45.000000
0.000000,34,negative_midday,05:00,45.000000,45.000000
0.000000,34,negative_midday,06:00,45.000000,45.000000
0.000000,34,negative_midday,07:00,45.000000,45.000000
0.000000,34,negative_midday,08:00,45.000000,45.000000
0.000000,34,negative_midday,09:00,15.000000,15.000000
0.000000,34,negative_midday,10:00,-30.000000,-30.000000
0.000000,34,negative_midday,11:00,-30.000000,-30.000000
0.000000,34,negative_midday,12:00,-30.000000,-30.000000
0.000000,34,negative_midday,13:00,15.000000,15.000000
0.000000,34,negative_midday,14:00,45.000000,45.000000
0.000000,34,negative_midday,15:00,45.000000,45.000000
0.000000,34,negative_midday,16:00,45.000000,45.000000
0.000000,34,negative_midday,17:00,45.000000,45.000000
0.000000,34,negative_midday,18:00,100.000000,100.000000
0.000000,34,negative_midday,19:00,100.000000,100.000000
0.000000,34,negative_midday,20:00,100.000000,100.000000
0.000000,34,negative_midday,21:00,100.000000,100.000000
0.000000,34,negative_midday,22:00,100.000000,100.000000
0.000000,34,negative_midday,23:00,45.000000,45.000000
0.000000,35,flat_missed_event,00:00,40.000000,40.000000
0.000000,35,flat_missed_event,01:00,40.000000,40.000000
0.000000,35,flat_missed_event,02:00,40.000000,40.000000
0.000000,35,flat_missed_event,03:00,40.000000,40.000000
0.000000,35,flat_missed_event,04:00,40.000000,40.000000
0.000000,35,flat_missed_event,05:00,40.000000,40.000000
0.000000,35,flat_missed_event,06:00,40.000000,40.000000
0.000000,35,flat_missed_event,07:00,40.000000,40.000000
0.000000,35,flat_missed_event,08:00,40.000000,40.000000
0.000000,35,flat_missed_event,09:00,40.000000,40.000000
0.000000,35,flat_missed_event,10:00,40.000000,40.000000
0.000000,35,flat_missed_event,11:00,40.000000,40.000000
0.000000,35,flat_missed_event,12:00,40.000000,40.000000
0.000000,35,flat_missed_event,13:00,40.000000,40.000000
0.000000,35,flat_missed_event,14:00,40.000000,40.000000
0.000000,35,flat_missed_event,15:00,40.000000,40.000000
0.000000,35,flat_missed_event,16:00,40.000000,40.000000
0.000000,35,flat_missed_event,17:00,40.000000,40.000000
0.000000,35,flat_missed_event,18:00,40.000000,40.000000
0.000000,35,flat_missed_event,19:00,40.000000,40.000000
0.000000,35,flat_missed_event,20:00,40.000000,40.000000
0.000000,35,flat_missed_event,21:00,40.000000,40.000000
0.000000,35,flat_missed_event,22:00,40.000000,40.000000
0.000000,35,flat_missed_event,23:00,40.000000,40.000000
0.000000,36,evening_peak,00:00,45.000000,45.000000
0.000000,36,evening_peak,01:00,45.000000,45.000000
0.000000,36,evening_peak,02:00,45.000000,45.000000
0.000000,36,evening_peak,03:00,45.000000,45.000000
0.000000,36,evening_peak,04:00,45.000000,45.000000
0.000000,36,evening_peak,05:00,45.000000,45.000000
0.000000,36,evening_peak,06:00,45.000000,45.000000
0.000000,36,evening_peak,07:00,45.000000,45.000000
0.000000,36,evening_peak,08:00,45.000000,45.000000
0.000000,36,evening_peak,09:00,15.000000,15.000000
0.000000,36,evening_peak,10:00,15.000000,15.000000
0.000000,36,evening_peak,11:00,15.000000,15.000000
0.000000,36,evening_peak,12:00,15.000000,15.000000
0.000000,36,evening_peak,13:00,15.000000,15.000000
0.000000,36,evening_peak,14:00,45.000000,45.000000
0.000000,36,evening_peak,15:00,45.000000,45.000000
0.000000,36,evening_peak,16:00,45.000000,45.000000
0.000000,36,evening_peak,17:00,45.000000,45.000000
0.000000,36,evening_peak,18:00,100.000000,100.000000
0.000000,36,evening_peak,19:00,100.000000,100.000000
0.000000,36,evening_peak,20:00,100.000000,100.000000
0.000000,36,evening_peak,21:00,100.000000,100.000000
0.000000,36,evening_peak,22:00,100.000000,100.000000
0.000000,36,evening_peak,23:00,45.000000,45.000000
0.000000,37,scarcity_peak,00:00,45.000000,45.000000
0.000000,37,scarcity_peak,01:00,45.000000,45.000000
0.000000,37,scarcity_peak,02:00,45.000000,45.000000
0.000000,37,scarcity_peak,03:00,45.000000,45.000000
0.000000,37,scarcity_peak,04:00,45.000000,45.000000
0.000000,37,scarcity_peak,05:00,45.000000,45.000000
0.000000,37,scarcity_peak,06:00,45.000000,45.000000
0.000000,37,scarcity_peak,07:00,45.000000,45.000000
0.000000,37,scarcity_peak,08:00,45.000000,45.000000
0.000000,37,scarcity_peak,09:00,15.000000,15.000000
0.000000,37,scarcity_peak,10:00,15.000000,15.000000
0.000000,37,scarcity_peak,11:00,15.000000,15.000000
0.000000,37,scarcity_peak,12:00,15.000000,15.000000
0.000000,37,scarcity_peak,13:00,15.000000,15.000000
0.000000,37,scarcity_peak,14:00,45.000000,45.000000
0.000000,37,scarcity_peak,15:00,45.000000,45.000000
0.000000,37,scarcity_peak,16:00,45.000000,45.000000
0.000000,37,scarcity_peak,17:00,45.000000,45.000000
0.000000,37,scarcity_peak,18:00,100.000000,100.000000
0.000000,37,scarcity_peak,19:00,100.000000,100.000000
0.000000,37,scarcity_peak,20:00,400.000000,400.000000
0.000000,37,scarcity_peak,21:00,100.000000,100.000000
0.000000,37,scarcity_peak,22:00,100.000000,100.000000
0.000000,37,scarcity_peak,23:00,45.000000,45.000000
0.000000,38,negative_midday,00:00,45.000000,45.000000
0.000000,38,negative_midday,01:00,45.000000,45.000000
0.000000,38,negative_midday,02:00,45.000000,45.000000
0.000000,38,negative_midday,03:00,45.000000,45.000000
0.000000,38,negative_midday,04:00,45.000000,45.000000
0.000000,38,negative_midday,05:00,45.000000,45.000000
0.000000,38,negative_midday,06:00,45.000000,45.000000
0.000000,38,negative_midday,07:00,45.000000,45.000000
0.000000,38,negative_midday,08:00,45.000000,45.000000
0.000000,38,negative_midday,09:00,15.000000,15.000000
0.000000,38,negative_midday,10:00,-30.000000,-30.000000
0.000000,38,negative_midday,11:00,-30.000000,-30.000000
0.000000,38,negative_midday,12:00,-30.000000,-30.000000
0.000000,38,negative_midday,13:00,15.000000,15.000000
0.000000,38,negative_midday,14:00,45.000000,45.000000
0.000000,38,negative_midday,15:00,45.000000,45.000000
0.000000,38,negative_midday,16:00,45.000000,45.000000
0.000000,38,negative_midday,17:00,45.000000,45.000000
0.000000,38,negative_midday,18:00,100.000000,100.000000
0.000000,38,negative_midday,19:00,100.000000,100.000000
0.000000,38,negative_midday,20:00,100.000000,100.000000
0.000000,38,negative_midday,21:00,100.000000,100.000000
0.000000,38,negative_midday,22:00,100.000000,100.000000
0.000000,38,negative_midday,23:00,45.000000,45.000000
0.000000,39,flat_missed_event,00:00,40.000000,40.000000
0.000000,39,flat_missed_event,01:00,40.000000,40.000000
0.000000,39,flat_missed_event,02:00,40.000000,40.000000
0.000000,39,flat_missed_event,03:00,40.000000,40.000000
0.000000,39,flat_missed_event,04:00,40.000000,40.000000
0.000000,39,flat_missed_event,05:00,40.000000,40.000000
0.000000,39,flat_missed_event,06:00,40.000000,40.000000
0.000000,39,flat_missed_event,07:00,40.000000,40.000000
0.000000,39,flat_missed_event,08:00,40.000000,40.000000
0.000000,39,flat_missed_event,09:00,40.000000,40.000000
0.000000,39,flat_missed_event,10:00,40.000000,40.000000
0.000000,39,flat_missed_event,11:00,40.000000,40.000000
0.000000,39,flat_missed_event,12:00,40.000000,40.000000
0.000000,39,flat_missed_event,13:00,40.000000,40.000000
0.000000,39,flat_missed_event,14:00,40.000000,40.000000
0.000000,39,flat_missed_event,15:00,40.000000,40.000000
0.000000,39,flat_missed_event,16:00,40.000000,40.000000
0.000000,39,flat_missed_event,17:00,40.000000,40.000000
0.000000,39,flat_missed_event,18:00,40.000000,40.000000
0.000000,39,flat_missed_event,19:00,40.000000,40.000000
0.000000,39,flat_missed_event,20:00,40.000000,40.000000
0.000000,39,flat_missed_event,21:00,40.000000,40.000000
0.000000,39,flat_missed_event,22:00,40.000000,40.000000
0.000000,39,flat_missed_event,23:00,40.000000,40.000000
0.000000,40,evening_peak,00:00,45.000000,45.000000
0.000000,40,evening_peak,01:00,45.000000,45.000000
0.000000,40,evening_peak,02:00,45.000000,45.000000
0.000000,40,evening_peak,03:00,45.000000,45.000000
0.000000,40,evening_peak,04:00,45.000000,45.000000
0.000000,40,evening_peak,05:00,45.000000,45.000000
0.000000,40,evening_peak,06:00,45.000000,45.000000
0.000000,40,evening_peak,07:00,45.000000,45.000000
0.000000,40,evening_peak,08:00,45.000000,45.000000
0.000000,40,evening_peak,09:00,15.000000,15.000000
0.000000,40,evening_peak,10:00,15.000000,15.000000
0.000000,40,evening_peak,11:00,15.000000,15.000000
0.000000,40,evening_peak,12:00,15.000000,15.000000
0.000000,40,evening_peak,13:00,15.000000,15.000000
0.000000,40,evening_peak,14:00,45.000000,45.000000
0.000000,40,evening_peak,15:00,45.000000,45.000000
0.000000,40,evening_peak,16:00,45.000000,45.000000
0.000000,40,evening_peak,17:00,45.000000,45.000000
0.000000,40,evening_peak,18:00,100.000000,100.000000
0.000000,40,evening_peak,19:00,100.000000,100.000000
0.000000,40,evening_peak,20:00,100.000000,100.000000
0.000000,40,evening_peak,21:00,100.000000,100.000000
0.000000,40,evening_peak,22:00,100.000000,100.000000
0.000000,40,evening_peak,23:00,45.000000,45.000000
0.000000,41,scarcity_peak,00:00,45.000000,45.000000
0.000000,41,scarcity_peak,01:00,45.000000,45.000000
0.000000,41,scarcity_peak,02:00,45.000000,45.000000
0.000000,41,scarcity_peak,03:00,45.000000,45.000000
0.000000,41,scarcity_peak,04:00,45.000000,45.000000
0.000000,41,scarcity_peak,05:00,45.000000,45.000000
0.000000,41,scarcity_peak,06:00,45.000000,45.000000
0.000000,41,scarcity_peak,07:00,45.000000,45.000000
0.000000,41,scarcity_peak,08:00,45.000000,45.000000
0.000000,41,scarcity_peak,09:00,15.000000,15.000000
0.000000,41,scarcity_peak,10:00,15.000000,15.000000
0.000000,41,scarcity_peak,11:00,15.000000,15.000000
0.000000,41,scarcity_peak,12:00,15.000000,15.000000
0.000000,41,scarcity_peak,13:00,15.000000,15.000000
0.000000,41,scarcity_peak,14:00,45.000000,45.000000
0.000000,41,scarcity_peak,15:00,45.000000,45.000000
0.000000,41,scarcity_peak,16:00,45.000000,45.000000
0.000000,41,scarcity_peak,17:00,45.000000,45.000000
0.000000,41,scarcity_peak,18:00,100.000000,100.000000
0.000000,41,scarcity_peak,19:00,100.000000,100.000000
0.000000,41,scarcity_peak,20:00,400.000000,400.000000
0.000000,41,scarcity_peak,21:00,100.000000,100.000000
0.000000,41,scarcity_peak,22:00,100.000000,100.000000
0.000000,41,scarcity_peak,23:00,45.000000,45.000000
0.000000,42,negative_midday,00:00,45.000000,45.000000
0.000000,42,negative_midday,01:00,45.000000,45.000000
0.000000,42,negative_midday,02:00,45.000000,45.000000
0.000000,42,negative_midday,03:00,45.000000,45.000000
0.000000,42,negative_midday,04:00,45.000000,45.000000
0.000000,42,negative_midday,05:00,45.000000,45.000000
0.000000,42,negative_midday,06:00,45.000000,45.000000
0.000000,42,negative_midday,07:00,45.000000,45.000000
0.000000,42,negative_midday,08:00,45.000000,45.000000
0.000000,42,negative_midday,09:00,15.000000,15.000000
0.000000,42,negative_midday,10:00,-30.000000,-30.000000
0.000000,42,negative_midday,11:00,-30.000000,-30.000000
0.000000,42,negative_midday,12:00,-30.000000,-30.000000
0.000000,42,negative_midday,13:00,15.000000,15.000000
0.000000,42,negative_midday,14:00,45.000000,45.000000
0.000000,42,negative_midday,15:00,45.000000,45.000000
0.000000,42,negative_midday,16:00,45.000000,45.000000
0.000000,42,negative_midday,17:00,45.000000,45.000000
0.000000,42,negative_midday,18:00,100.000000,100.000000
0.000000,42,negative_midday,19:00,100.000000,100.000000
0.000000,42,negative_midday,20:00,100.000000,100.000000
0.000000,42,negative_midday,21:00,100.000000,100.000000
0.000000,42,negative_midday,22:00,100.000000,100.000000
0.000000,42,negative_midday,23:00,45.000000,45.000000
0.000000,43,flat_missed_event,00:00,40.000000,40.000000
0.000000,43,flat_missed_event,01:00,40.000000,40.000000
0.000000,43,flat_missed_event,02:00,40.000000,40.000000
0.000000,43,flat_missed_event,03:00,40.000000,40.000000
0.000000,43,flat_missed_event,04:00,40.000000,40.000000
0.000000,43,flat_missed_event,05:00,40.000000,40.000000
0.000000,43,flat_missed_event,06:00,40.000000,40.000000
0.000000,43,flat_missed_event,07:00,40.000000,40.000000
0.000000,43,flat_missed_event,08:00,40.000000,40.000000
0.000000,43,flat_missed_event,09:00,40.000000,40.000000
0.000000,43,flat_missed_event,10:00,40.000000,40.000000
0.000000,43,flat_missed_event,11:00,40.000000,40.000000
0.000000,43,flat_missed_event,12:00,40.000000,40.000000
0.000000,43,flat_missed_event,13:00,40.000000,40.000000
0.000000,43,flat_missed_event,14:00,40.000000,40.000000
0.000000,43,flat_missed_event,15:00,40.000000,40.000000
0.000000,43,flat_missed_event,16:00,40.000000,40.000000
0.000000,43,flat_missed_event,17:00,40.000000,40.000000
0.000000,43,flat_missed_event,18:00,40.000000,40.000000
0.000000,43,flat_missed_event,19:00,40.000000,40.000000
0.000000,43,flat_missed_event,20:00,40.000000,40.000000
0.000000,43,flat_missed_event,21:00,40.000000,40.000000
0.000000,43,flat_missed_event,22:00,40.000000,40.000000
0.000000,43,flat_missed_event,23:00,40.000000,40.000000
0.000000,44,evening_peak,00:00,45.000000,45.000000
0.000000,44,evening_peak,01:00,45.000000,45.000000
0.000000,44,evening_peak,02:00,45.000000,45.000000
0.000000,44,evening_peak,03:00,45.000000,45.000000
0.000000,44,evening_peak,04:00,45.000000,45.000000
0.000000,44,evening_peak,05:00,45.000000,45.000000
0.000000,44,evening_peak,06:00,45.000000,45.000000
0.000000,44,evening_peak,07:00,45.000000,45.000000
0.000000,44,evening_peak,08:00,45.000000,45.000000
0.000000,44,evening_peak,09:00,15.000000,15.000000
0.000000,44,evening_peak,10:00,15.000000,15.000000
0.000000,44,evening_peak,11:00,15.000000,15.000000
0.000000,44,evening_peak,12:00,15.000000,15.000000
0.000000,44,evening_peak,13:00,15.000000,15.000000
0.000000,44,evening_peak,14:00,45.000000,45.000000
0.000000,44,evening_peak,15:00,45.000000,45.000000
0.000000,44,evening_peak,16:00,45.000000,45.000000
0.000000,44,evening_peak,17:00,45.000000,45.000000
0.000000,44,evening_peak,18:00,100.000000,100.000000
0.000000,44,evening_peak,19:00,100.000000,100.000000
0.000000,44,evening_peak,20:00,100.000000,100.000000
0.000000,44,evening_peak,21:00,100.000000,100.000000
0.000000,44,evening_peak,22:00,100.000000,100.000000
0.000000,44,evening_peak,23:00,45.000000,45.000000
0.000000,45,scarcity_peak,00:00,45.000000,45.000000
0.000000,45,scarcity_peak,01:00,45.000000,45.000000
0.000000,45,scarcity_peak,02:00,45.000000,45.000000
0.000000,45,scarcity_peak,03:00,45.000000,45.000000
0.000000,45,scarcity_peak,04:00,45.000000,45.000000
0.000000,45,scarcity_peak,05:00,45.000000,45.000000
0.000000,45,scarcity_peak,06:00,45.000000,45.000000
0.000000,45,scarcity_peak,07:00,45.000000,45.000000
0.000000,45,scarcity_peak,08:00,45.000000,45.000000
0.000000,45,scarcity_peak,09:00,15.000000,15.000000
0.000000,45,scarcity_peak,10:00,15.000000,15.000000
0.000000,45,scarcity_peak,11:00,15.000000,15.000000
0.000000,45,scarcity_peak,12:00,15.000000,15.000000
0.000000,45,scarcity_peak,13:00,15.000000,15.000000
0.000000,45,scarcity_peak,14:00,45.000000,45.000000
0.000000,45,scarcity_peak,15:00,45.000000,45.000000
0.000000,45,scarcity_peak,16:00,45.000000,45.000000
0.000000,45,scarcity_peak,17:00,45.000000,45.000000
0.000000,45,scarcity_peak,18:00,100.000000,100.000000
0.000000,45,scarcity_peak,19:00,100.000000,100.000000
0.000000,45,scarcity_peak,20:00,400.000000,400.000000
0.000000,45,scarcity_peak,21:00,100.000000,100.000000
0.000000,45,scarcity_peak,22:00,100.000000,100.000000
0.000000,45,scarcity_peak,23:00,45.000000,45.000000
0.000000,46,negative_midday,00:00,45.000000,45.000000
0.000000,46,negative_midday,01:00,45.000000,45.000000
0.000000,46,negative_midday,02:00,45.000000,45.000000
0.000000,46,negative_midday,03:00,45.000000,45.000000
0.000000,46,negative_midday,04:00,45.000000,45.000000
0.000000,46,negative_midday,05:00,45.000000,45.000000
0.000000,46,negative_midday,06:00,45.000000,45.000000
0.000000,46,negative_midday,07:00,45.000000,45.000000
0.000000,46,negative_midday,08:00,45.000000,45.000000
0.000000,46,negative_midday,09:00,15.000000,15.000000
0.000000,46,negative_midday,10:00,-30.000000,-30.000000
0.000000,46,negative_midday,11:00,-30.000000,-30.000000
0.000000,46,negative_midday,12:00,-30.000000,-30.000000
0.000000,46,negative_midday,13:00,15.000000,15.000000
0.000000,46,negative_midday,14:00,45.000000,45.000000
0.000000,46,negative_midday,15:00,45.000000,45.000000
0.000000,46,negative_midday,16:00,45.000000,45.000000
0.000000,46,negative_midday,17:00,45.000000,45.000000
0.000000,46,negative_midday,18:00,100.000000,100.000000
0.000000,46,negative_midday,19:00,100.000000,100.000000
0.000000,46,negative_midday,20:00,100.000000,100.000000
0.000000,46,negative_midday,21:00,100.000000,100.000000
0.000000,46,negative_midday,22:00,100.000000,100.000000
0.000000,46,negative_midday,23:00,45.000000,45.000000
0.000000,47,flat_missed_event,00:00,40.000000,40.000000
0.000000,47,flat_missed_event,01:00,40.000000,40.000000
0.000000,47,flat_missed_event,02:00,40.000000,40.000000
0.000000,47,flat_missed_event,03:00,40.000000,40.000000
0.000000,47,flat_missed_event,04:00,40.000000,40.000000
0.000000,47,flat_missed_event,05:00,40.000000,40.000000
0.000000,47,flat_missed_event,06:00,40.000000,40.000000
0.000000,47,flat_missed_event,07:00,40.000000,40.000000
0.000000,47,flat_missed_event,08:00,40.000000,40.000000
0.000000,47,flat_missed_event,09:00,40.000000,40.000000
0.000000,47,flat_missed_event,10:00,40.000000,40.000000
0.000000,47,flat_missed_event,11:00,40.000000,40.000000
0.000000,47,flat_missed_event,12:00,40.000000,40.000000
0.000000,47,flat_missed_event,13:00,40.000000,40.000000
0.000000,47,flat_missed_event,14:00,40.000000,40.000000
0.000000,47,flat_missed_event,15:00,40.000000,40.000000
0.000000,47,flat_missed_event,16:00,40.000000,40.000000
0.000000,47,flat_missed_event,17:00,40.000000,40.000000
0.000000,47,flat_missed_event,18:00,40.000000,40.000000
0.000000,47,flat_missed_event,19:00,40.000000,40.000000
0.000000,47,flat_missed_event,20:00,40.000000,40.000000
0.000000,47,flat_missed_event,21:00,40.000000,40.000000
0.000000,47,flat_missed_event,22:00,40.000000,40.000000
0.000000,47,flat_missed_event,23:00,40.000000,40.000000
0.000000,48,evening_peak,00:00,45.000000,45.000000
0.000000,48,evening_peak,01:00,45.000000,45.000000
0.000000,48,evening_peak,02:00,45.000000,45.000000
0.000000,48,evening_peak,03:00,45.000000,45.000000
0.000000,48,evening_peak,04:00,45.000000,45.000000
0.000000,48,evening_peak,05:00,45.000000,45.000000
0.000000,48,evening_peak,06:00,45.000000,45.000000
0.000000,48,evening_peak,07:00,45.000000,45.000000
0.000000,48,evening_peak,08:00,45.000000,45.000000
0.000000,48,evening_peak,09:00,15.000000,15.000000
0.000000,48,evening_peak,10:00,15.000000,15.000000
0.000000,48,evening_peak,11:00,15.000000,15.000000
0.000000,48,evening_peak,12:00,15.000000,15.000000
0.000000,48,evening_peak,13:00,15.000000,15.000000
0.000000,48,evening_peak,14:00,45.000000,45.000000
0.000000,48,evening_peak,15:00,45.000000,45.000000
0.000000,48,evening_peak,16:00,45.000000,45.000000
0.000000,48,evening_peak,17:00,45.000000,45.000000
0.000000,48,evening_peak,18:00,100.000000,100.000000
0.000000,48,evening_peak,19:00,100.000000,100.000000
0.000000,48,evening_peak,20:00,100.000000,100.000000
0.000000,48,evening_peak,21:00,100.000000,100.000000
0.000000,48,evening_peak,22:00,100.000000,100.000000
0.000000,48,evening_peak,23:00,45.000000,45.000000
0.000000,49,scarcity_peak,00:00,45.000000,45.000000
0.000000,49,scarcity_peak,01:00,45.000000,45.000000
0.000000,49,scarcity_peak,02:00,45.000000,45.000000
0.000000,49,scarcity_peak,03:00,45.000000,45.000000
0.000000,49,scarcity_peak,04:00,45.000000,45.000000
0.000000,49,scarcity_peak,05:00,45.000000,45.000000
0.000000,49,scarcity_peak,06:00,45.000000,45.000000
0.000000,49,scarcity_peak,07:00,45.000000,45.000000
0.000000,49,scarcity_peak,08:00,45.000000,45.000000
0.000000,49,scarcity_peak,09:00,15.000000,15.000000
0.000000,49,scarcity_peak,10:00,15.000000,15.000000
0.000000,49,scarcity_peak,11:00,15.000000,15.000000
0.000000,49,scarcity_peak,12:00,15.000000,15.000000
0.000000,49,scarcity_peak,13:00,15.000000,15.000000
0.000000,49,scarcity_peak,14:00,45.000000,45.000000
0.000000,49,scarcity_peak,15:00,45.000000,45.000000
0.000000,49,scarcity_peak,16:00,45.000000,45.000000
0.000000,49,scarcity_peak,17:00,45.000000,45.000000
0.000000,49,scarcity_peak,18:00,100.000000,100.000000
0.000000,49,scarcity_peak,19:00,100.000000,100.000000
0.000000,49,scarcity_peak,20:00,400.000000,400.000000
0.000000,49,scarcity_peak,21:00,100.000000,100.000000
0.000000,49,scarcity_peak,22:00,100.000000,100.000000
0.000000,49,scarcity_peak,23:00,45.000000,45.000000
0.000000,50,negative_midday,00:00,45.000000,45.000000
0.000000,50,negative_midday,01:00,45.000000,45.000000
0.000000,50,negative_midday,02:00,45.000000,45.000000
0.000000,50,negative_midday,03:00,45.000000,45.000000
0.000000,50,negative_midday,04:00,45.000000,45.000000
0.000000,50,negative_midday,05:00,45.000000,45.000000
0.000000,50,negative_midday,06:00,45.000000,45.000000
0.000000,50,negative_midday,07:00,45.000000,45.000000
0.000000,50,negative_midday,08:00,45.000000,45.000000
0.000000,50,negative_midday,09:00,15.000000,15.000000
0.000000,50,negative_midday,10:00,-30.000000,-30.000000
0.000000,50,negative_midday,11:00,-30.000000,-30.000000
0.000000,50,negative_midday,12:00,-30.000000,-30.000000
0.000000,50,negative_midday,13:00,15.000000,15.000000
0.000000,50,negative_midday,14:00,45.000000,45.000000
0.000000,50,negative_midday,15:00,45.000000,45.000000
0.000000,50,negative_midday,16:00,45.000000,45.000000
0.000000,50,negative_midday,17:00,45.000000,45.000000
0.000000,50,negative_midday,18:00,100.000000,100.000000
0.000000,50,negative_midday,19:00,100.000000,100.000000
0.000000,50,negative_midday,20:00,100.000000,100.000000
0.000000,50,negative_midday,21:00,100.000000,100.000000
0.000000,50,negative_midday,22:00,100.000000,100.000000
0.000000,50,negative_midday,23:00,45.000000,45.000000
0.000000,51,flat_missed_event,00:00,40.000000,40.000000
0.000000,51,flat_missed_event,01:00,40.000000,40.000000
0.000000,51,flat_missed_event,02:00,40.000000,40.000000
0.000000,51,flat_missed_event,03:00,40.000000,40.000000
0.000000,51,flat_missed_event,04:00,40.000000,40.000000
0.000000,51,flat_missed_event,05:00,40.000000,40.000000
0.000000,51,flat_missed_event,06:00,40.000000,40.000000
0.000000,51,flat_missed_event,07:00,40.000000,40.000000
0.000000,51,flat_missed_event,08:00,40.000000,40.000000
0.000000,51,flat_missed_event,09:00,40.000000,40.000000
0.000000,51,flat_missed_event,10:00,40.000000,40.000000
0.000000,51,flat_missed_event,11:00,40.000000,40.000000
0.000000,51,flat_missed_event,12:00,40.000000,40.000000
0.000000,51,flat_missed_event,13:00,40.000000,40.000000
0.000000,51,flat_missed_event,14:00,40.000000,40.000000
0.000000,51,flat_missed_event,15:00,40.000000,40.000000
0.000000,51,flat_missed_event,16:00,40.000000,40.000000
0.000000,51,flat_missed_event,17:00,40.000000,40.000000
0.000000,51,flat_missed_event,18:00,40.000000,40.000000
0.000000,51,flat_missed_event,19:00,40.000000,40.000000
0.000000,51,flat_missed_event,20:00,40.000000,40.000000
0.000000,51,flat_missed_event,21:00,40.000000,40.000000
0.000000,51,flat_missed_event,22:00,40.000000,40.000000
0.000000,51,flat_missed_event,23:00,40.000000,40.000000
0.000000,52,evening_peak,00:00,45.000000,45.000000
0.000000,52,evening_peak,01:00,45.000000,45.000000
0.000000,52,evening_peak,02:00,45.000000,45.000000
0.000000,52,evening_peak,03:00,45.000000,45.000000
0.000000,52,evening_peak,04:00,45.000000,45.000000
0.000000,52,evening_peak,05:00,45.000000,45.000000
0.000000,52,evening_peak,06:00,45.000000,45.000000
0.000000,52,evening_peak,07:00,45.000000,45.000000
0.000000,52,evening_peak,08:00,45.000000,45.000000
0.000000,52,evening_peak,09:00,15.000000,15.000000
0.000000,52,evening_peak,10:00,15.000000,15.000000
0.000000,52,evening_peak,11:00,15.000000,15.000000
0.000000,52,evening_peak,12:00,15.000000,15.000000
0.000000,52,evening_peak,13:00,15.000000,15.000000
0.000000,52,evening_peak,14:00,45.000000,45.000000
0.000000,52,evening_peak,15:00,45.000000,45.000000
0.000000,52,evening_peak,16:00,45.000000,45.000000
0.000000,52,evening_peak,17:00,45.000000,45.000000
0.000000,52,evening_peak,18:00,100.000000,100.000000
0.000000,52,evening_peak,19:00,100.000000,100.000000
0.000000,52,evening_peak,20:00,100.000000,100.000000
0.000000,52,evening_peak,21:00,100.000000,100.000000
0.000000,52,evening_peak,22:00,100.000000,100.000000
0.000000,52,evening_peak,23:00,45.000000,45.000000
0.000000,53,scarcity_peak,00:00,45.000000,45.000000
0.000000,53,scarcity_peak,01:00,45.000000,45.000000
0.000000,53,scarcity_peak,02:00,45.000000,45.000000
0.000000,53,scarcity_peak,03:00,45.000000,45.000000
0.000000,53,scarcity_peak,04:00,45.000000,45.000000
0.000000,53,scarcity_peak,05:00,45.000000,45.000000
0.000000,53,scarcity_peak,06:00,45.000000,45.000000
0.000000,53,scarcity_peak,07:00,45.000000,45.000000
0.000000,53,scarcity_peak,08:00,45.000000,45.000000
0.000000,53,scarcity_peak,09:00,15.000000,15.000000
0.000000,53,scarcity_peak,10:00,15.000000,15.000000
0.000000,53,scarcity_peak,11:00,15.000000,15.000000
0.000000,53,scarcity_peak,12:00,15.000000,15.000000
0.000000,53,scarcity_peak,13:00,15.000000,15.000000
0.000000,53,scarcity_peak,14:00,45.000000,45.000000
0.000000,53,scarcity_peak,15:00,45.000000,45.000000
0.000000,53,scarcity_peak,16:00,45.000000,45.000000
0.000000,53,scarcity_peak,17:00,45.000000,45.000000
0.000000,53,scarcity_peak,18:00,100.000000,100.000000
0.000000,53,scarcity_peak,19:00,100.000000,100.000000
0.000000,53,scarcity_peak,20:00,400.000000,400.000000
0.000000,53,scarcity_peak,21:00,100.000000,100.000000
0.000000,53,scarcity_peak,22:00,100.000000,100.000000
0.000000,53,scarcity_peak,23:00,45.000000,45.000000
0.000000,54,negative_midday,00:00,45.000000,45.000000
0.000000,54,negative_midday,01:00,45.000000,45.000000
0.000000,54,negative_midday,02:00,45.000000,45.000000
0.000000,54,negative_midday,03:00,45.000000,45.000000
0.000000,54,negative_midday,04:00,45.000000,45.000000
0.000000,54,negative_midday,05:00,45.000000,45.000000
0.000000,54,negative_midday,06:00,45.000000,45.000000
0.000000,54,negative_midday,07:00,45.000000,45.000000
0.000000,54,negative_midday,08:00,45.000000,45.000000
0.000000,54,negative_midday,09:00,15.000000,15.000000
0.000000,54,negative_midday,10:00,-30.000000,-30.000000
0.000000,54,negative_midday,11:00,-30.000000,-30.000000
0.000000,54,negative_midday,12:00,-30.000000,-30.000000
0.000000,54,negative_midday,13:00,15.000000,15.000000
0.000000,54,negative_midday,14:00,45.000000,45.000000
0.000000,54,negative_midday,15:00,45.000000,45.000000
0.000000,54,negative_midday,16:00,45.000000,45.000000
0.000000,54,negative_midday,17:00,45.000000,45.000000
0.000000,54,negative_midday,18:00,100.000000,100.000000
0.000000,54,negative_midday,19:00,100.000000,100.000000
0.000000,54,negative_midday,20:00,100.000000,100.000000
0.000000,54,negative_midday,21:00,100.000000,100.000000
0.000000,54,negative_midday,22:00,100.000000,100.000000
0.000000,54,negative_midday,23:00,45.000000,45.000000
0.000000,55,flat_missed_event,00:00,40.000000,40.000000
0.000000,55,flat_missed_event,01:00,40.000000,40.000000
0.000000,55,flat_missed_event,02:00,40.000000,40.000000
0.000000,55,flat_missed_event,03:00,40.000000,40.000000
0.000000,55,flat_missed_event,04:00,40.000000,40.000000
0.000000,55,flat_missed_event,05:00,40.000000,40.000000
0.000000,55,flat_missed_event,06:00,40.000000,40.000000
0.000000,55,flat_missed_event,07:00,40.000000,40.000000
0.000000,55,flat_missed_event,08:00,40.000000,40.000000
0.000000,55,flat_missed_event,09:00,40.000000,40.000000
0.000000,55,flat_missed_event,10:00,40.000000,40.000000
0.000000,55,flat_missed_event,11:00,40.000000,40.000000
0.000000,55,flat_missed_event,12:00,40.000000,40.000000
0.000000,55,flat_missed_event,13:00,40.000000,40.000000
0.000000,55,flat_missed_event,14:00,40.000000,40.000000
0.000000,55,flat_missed_event,15:00,40.000000,40.000000
0.000000,55,flat_missed_event,16:00,40.000000,40.000000
0.000000,55,flat_missed_event,17:00,40.000000,40.000000
0.000000,55,flat_missed_event,18:00,40.000000,40.000000
0.000000,55,flat_missed_event,19:00,40.000000,40.000000
0.000000,55,flat_missed_event,20:00,40.000000,40.000000
0.000000,55,flat_missed_event,21:00,40.000000,40.000000
0.000000,55,flat_missed_event,22:00,40.000000,40.000000
0.000000,55,flat_missed_event,23:00,40.000000,40.000000
0.000000,56,evening_peak,00:00,45.000000,45.000000
0.000000,56,evening_peak,01:00,45.000000,45.000000
0.000000,56,evening_peak,02:00,45.000000,45.000000
0.000000,56,evening_peak,03:00,45.000000,45.000000
0.000000,56,evening_peak,04:00,45.000000,45.000000
0.000000,56,evening_peak,05:00,45.000000,45.000000
0.000000,56,evening_peak,06:00,45.000000,45.000000
0.000000,56,evening_peak,07:00,45.000000,45.000000
0.000000,56,evening_peak,08:00,45.000000,45.000000
0.000000,56,evening_peak,09:00,15.000000,15.000000
0.000000,56,evening_peak,10:00,15.000000,15.000000
0.000000,56,evening_peak,11:00,15.000000,15.000000
0.000000,56,evening_peak,12:00,15.000000,15.000000
0.000000,56,evening_peak,13:00,15.000000,15.000000
0.000000,56,evening_peak,14:00,45.000000,45.000000
0.000000,56,evening_peak,15:00,45.000000,45.000000
0.000000,56,evening_peak,16:00,45.000000,45.000000
0.000000,56,evening_peak,17:00,45.000000,45.000000
0.000000,56,evening_peak,18:00,100.000000,100.000000
0.000000,56,evening_peak,19:00,100.000000,100.000000
0.000000,56,evening_peak,20:00,100.000000,100.000000
0.000000,56,evening_peak,21:00,100.000000,100.000000
0.000000,56,evening_peak,22:00,100.000000,100.000000
0.000000,56,evening_peak,23:00,45.000000,45.000000
0.000000,57,scarcity_peak,00:00,45.000000,45.000000
0.000000,57,scarcity_peak,01:00,45.000000,45.000000
0.000000,57,scarcity_peak,02:00,45.000000,45.000000
0.000000,57,scarcity_peak,03:00,45.000000,45.000000
0.000000,57,scarcity_peak,04:00,45.000000,45.000000
0.000000,57,scarcity_peak,05:00,45.000000,45.000000
0.000000,57,scarcity_peak,06:00,45.000000,45.000000
0.000000,57,scarcity_peak,07:00,45.000000,45.000000
0.000000,57,scarcity_peak,08:00,45.000000,45.000000
0.000000,57,scarcity_peak,09:00,15.000000,15.000000
0.000000,57,scarcity_peak,10:00,15.000000,15.000000
0.000000,57,scarcity_peak,11:00,15.000000,15.000000
0.000000,57,scarcity_peak,12:00,15.000000,15.000000
0.000000,57,scarcity_peak,13:00,15.000000,15.000000
0.000000,57,scarcity_peak,14:00,45.000000,45.000000
0.000000,57,scarcity_peak,15:00,45.000000,45.000000
0.000000,57,scarcity_peak,16:00,45.000000,45.000000
0.000000,57,scarcity_peak,17:00,45.000000,45.000000
0.000000,57,scarcity_peak,18:00,100.000000,100.000000
0.000000,57,scarcity_peak,19:00,100.000000,100.000000
0.000000,57,scarcity_peak,20:00,400.000000,400.000000
0.000000,57,scarcity_peak,21:00,100.000000,100.000000
0.000000,57,scarcity_peak,22:00,100.000000,100.000000
0.000000,57,scarcity_peak,23:00,45.000000,45.000000
0.000000,58,negative_midday,00:00,45.000000,45.000000
0.000000,58,negative_midday,01:00,45.000000,45.000000
0.000000,58,negative_midday,02:00,45.000000,45.000000
0.000000,58,negative_midday,03:00,45.000000,45.000000
0.000000,58,negative_midday,04:00,45.000000,45.000000
0.000000,58,negative_midday,05:00,45.000000,45.000000
0.000000,58,negative_midday,06:00,45.000000,45.000000
0.000000,58,negative_midday,07:00,45.000000,45.000000
0.000000,58,negative_midday,08:00,45.000000,45.000000
0.000000,58,negative_midday,09:00,15.000000,15.000000
0.000000,58,negative_midday,10:00,-30.000000,-30.000000
0.000000,58,negative_midday,11:00,-30.000000,-30.000000
0.000000,58,negative_midday,12:00,-30.000000,-30.000000
0.000000,58,negative_midday,13:00,15.000000,15.000000
0.000000,58,negative_midday,14:00,45.000000,45.000000
0.000000,58,negative_midday,15:00,45.000000,45.000000
0.000000,58,negative_midday,16:00,45.000000,45.000000
0.000000,58,negative_midday,17:00,45.000000,45.000000
0.000000,58,negative_midday,18:00,100.000000,100.000000
0.000000,58,negative_midday,19:00,100.000000,100.000000
0.000000,58,negative_midday,20:00,100.000000,100.000000
0.000000,58,negative_midday,21:00,100.000000,100.000000
0.000000,58,negative_midday,22:00,100.000000,100.000000
0.000000,58,negative_midday,23:00,45.000000,45.000000
0.000000,59,flat_missed_event,00:00,40.000000,40.000000
0.000000,59,flat_missed_event,01:00,40.000000,40.000000
0.000000,59,flat_missed_event,02:00,40.000000,40.000000
0.000000,59,flat_missed_event,03:00,40.000000,40.000000
0.000000,59,flat_missed_event,04:00,40.000000,40.000000
0.000000,59,flat_missed_event,05:00,40.000000,40.000000
0.000000,59,flat_missed_event,06:00,40.000000,40.000000
0.000000,59,flat_missed_event,07:00,40.000000,40.000000
0.000000,59,flat_missed_event,08:00,40.000000,40.000000
0.000000,59,flat_missed_event,09:00,40.000000,40.000000
0.000000,59,flat_missed_event,10:00,40.000000,40.000000
0.000000,59,flat_missed_event,11:00,40.000000,40.000000
0.000000,59,flat_missed_event,12:00,40.000000,40.000000
0.000000,59,flat_missed_event,13:00,40.000000,40.000000
0.000000,59,flat_missed_event,14:00,40.000000,40.000000
0.000000,59,flat_missed_event,15:00,40.000000,40.000000
0.000000,59,flat_missed_event,16:00,40.000000,40.000000
0.000000,59,flat_missed_event,17:00,40.000000,40.000000
0.000000,59,flat_missed_event,18:00,40.000000,40.000000
0.000000,59,flat_missed_event,19:00,40.000000,40.000000
0.000000,59,flat_missed_event,20:00,40.000000,40.000000
0.000000,59,flat_missed_event,21:00,40.000000,40.000000
0.000000,59,flat_missed_event,22:00,40.000000,40.000000
0.000000,59,flat_missed_event,23:00,40.000000,40.000000
0.000000,60,evening_peak,00:00,45.000000,45.000000
0.000000,60,evening_peak,01:00,45.000000,45.000000
0.000000,60,evening_peak,02:00,45.000000,45.000000
0.000000,60,evening_peak,03:00,45.000000,45.000000
0.000000,60,evening_peak,04:00,45.000000,45.000000
0.000000,60,evening_peak,05:00,45.000000,45.000000
0.000000,60,evening_peak,06:00,45.000000,45.000000
0.000000,60,evening_peak,07:00,45.000000,45.000000
0.000000,60,evening_peak,08:00,45.000000,45.000000
0.000000,60,evening_peak,09:00,15.000000,15.000000
0.000000,60,evening_peak,10:00,15.000000,15.000000
0.000000,60,evening_peak,11:00,15.000000,15.000000
0.000000,60,evening_peak,12:00,15.000000,15.000000
0.000000,60,evening_peak,13:00,15.000000,15.000000
0.000000,60,evening_peak,14:00,45.000000,45.000000
0.000000,60,evening_peak,15:00,45.000000,45.000000
0.000000,60,evening_peak,16:00,45.000000,45.000000
0.000000,60,evening_peak,17:00,45.000000,45.000000
0.000000,60,evening_peak,18:00,100.000000,100.000000
0.000000,60,evening_peak,19:00,100.000000,100.000000
0.000000,60,evening_peak,20:00,100.000000,100.000000
0.000000,60,evening_peak,21:00,100.000000,100.000000
0.000000,60,evening_peak,22:00,100.000000,100.000000
0.000000,60,evening_peak,23:00,45.000000,45.000000
0.000000,61,scarcity_peak,00:00,45.000000,45.000000
0.000000,61,scarcity_peak,01:00,45.000000,45.000000
0.000000,61,scarcity_peak,02:00,45.000000,45.000000
0.000000,61,scarcity_peak,03:00,45.000000,45.000000
0.000000,61,scarcity_peak,04:00,45.000000,45.000000
0.000000,61,scarcity_peak,05:00,45.000000,45.000000
0.000000,61,scarcity_peak,06:00,45.000000,45.000000
0.000000,61,scarcity_peak,07:00,45.000000,45.000000
0.000000,61,scarcity_peak,08:00,45.000000,45.000000
0.000000,61,scarcity_peak,09:00,15.000000,15.000000
0.000000,61,scarcity_peak,10:00,15.000000,15.000000
0.000000,61,scarcity_peak,11:00,15.000000,15.000000
0.000000,61,scarcity_peak,12:00,15.000000,15.000000
0.000000,61,scarcity_peak,13:00,15.000000,15.000000
0.000000,61,scarcity_peak,14:00,45.000000,45.000000
0.000000,61,scarcity_peak,15:00,45.000000,45.000000
0.000000,61,scarcity_peak,16:00,45.000000,45.000000
0.000000,61,scarcity_peak,17:00,45.000000,45.000000
0.000000,61,scarcity_peak,18:00,100.000000,100.000000
0.000000,61,scarcity_peak,19:00,100.000000,100.000000
0.000000,61,scarcity_peak,20:00,400.000000,400.000000
0.000000,61,scarcity_peak,21:00,100.000000,100.000000
0.000000,61,scarcity_peak,22:00,100.000000,100.000000
0.000000,61,scarcity_peak,23:00,45.000000,45.000000
0.000000,62,negative_midday,00:00,45.000000,45.000000
0.000000,62,negative_midday,01:00,45.000000,45.000000
0.000000,62,negative_midday,02:00,45.000000,45.000000
0.000000,62,negative_midday,03:00,45.000000,45.000000
0.000000,62,negative_midday,04:00,45.000000,45.000000
0.000000,62,negative_midday,05:00,45.000000,45.000000
0.000000,62,negative_midday,06:00,45.000000,45.000000
0.000000,62,negative_midday,07:00,45.000000,45.000000
0.000000,62,negative_midday,08:00,45.000000,45.000000
0.000000,62,negative_midday,09:00,15.000000,15.000000
0.000000,62,negative_midday,10:00,-30.000000,-30.000000
0.000000,62,negative_midday,11:00,-30.000000,-30.000000
0.000000,62,negative_midday,12:00,-30.000000,-30.000000
0.000000,62,negative_midday,13:00,15.000000,15.000000
0.000000,62,negative_midday,14:00,45.000000,45.000000
0.000000,62,negative_midday,15:00,45.000000,45.000000
0.000000,62,negative_midday,16:00,45.000000,45.000000
0.000000,62,negative_midday,17:00,45.000000,45.000000
0.000000,62,negative_midday,18:00,100.000000,100.000000
0.000000,62,negative_midday,19:00,100.000000,100.000000
0.000000,62,negative_midday,20:00,100.000000,100.000000
0.000000,62,negative_midday,21:00,100.000000,100.000000
0.000000,62,negative_midday,22:00,100.000000,100.000000
0.000000,62,negative_midday,23:00,45.000000,45.000000
0.000000,63,flat_missed_event,00:00,40.000000,40.000000
0.000000,63,flat_missed_event,01:00,40.000000,40.000000
0.000000,63,flat_missed_event,02:00,40.000000,40.000000
0.000000,63,flat_missed_event,03:00,40.000000,40.000000
0.000000,63,flat_missed_event,04:00,40.000000,40.000000
0.000000,63,flat_missed_event,05:00,40.000000,40.000000
0.000000,63,flat_missed_event,06:00,40.000000,40.000000
0.000000,63,flat_missed_event,07:00,40.000000,40.000000
0.000000,63,flat_missed_event,08:00,40.000000,40.000000
0.000000,63,flat_missed_event,09:00,40.000000,40.000000
0.000000,63,flat_missed_event,10:00,40.000000,40.000000
0.000000,63,flat_missed_event,11:00,40.000000,40.000000
0.000000,63,flat_missed_event,12:00,40.000000,40.000000
0.000000,63,flat_missed_event,13:00,40.000000,40.000000
0.000000,63,flat_missed_event,14:00,40.000000,40.000000
0.000000,63,flat_missed_event,15:00,40.000000,40.000000
0.000000,63,flat_missed_event,16:00,40.000000,40.000000
0.000000,63,flat_missed_event,17:00,40.000000,40.000000
0.000000,63,flat_missed_event,18:00,40.000000,40.000000
0.000000,63,flat_missed_event,19:00,40.000000,40.000000
0.000000,63,flat_missed_event,20:00,40.000000,40.000000
0.000000,63,flat_missed_event,21:00,40.000000,40.000000
0.000000,63,flat_missed_event,22:00,40.000000,40.000000
0.000000,63,flat_missed_event,23:00,40.000000,40.000000
0.000000,64,evening_peak,00:00,45.000000,45.000000
0.000000,64,evening_peak,01:00,45.000000,45.000000
0.000000,64,evening_peak,02:00,45.000000,45.000000
0.000000,64,evening_peak,03:00,45.000000,45.000000
0.000000,64,evening_peak,04:00,45.000000,45.000000
0.000000,64,evening_peak,05:00,45.000000,45.000000
0.000000,64,evening_peak,06:00,45.000000,45.000000
0.000000,64,evening_peak,07:00,45.000000,45.000000
0.000000,64,evening_peak,08:00,45.000000,45.000000
0.000000,64,evening_peak,09:00,15.000000,15.000000
0.000000,64,evening_peak,10:00,15.000000,15.000000
0.000000,64,evening_peak,11:00,15.000000,15.000000
0.000000,64,evening_peak,12:00,15.000000,15.000000
0.000000,64,evening_peak,13:00,15.000000,15.000000
0.000000,64,evening_peak,14:00,45.000000,45.000000
0.000000,64,evening_peak,15:00,45.000000,45.000000
0.000000,64,evening_peak,16:00,45.000000,45.000000
0.000000,64,evening_peak,17:00,45.000000,45.000000
0.000000,64,evening_peak,18:00,100.000000,100.000000
0.000000,64,evening_peak,19:00,100.000000,100.000000
0.000000,64,evening_peak,20:00,100.000000,100.000000
0.000000,64,evening_peak,21:00,100.000000,100.000000
0.000000,64,evening_peak,22:00,100.000000,100.000000
0.000000,64,evening_peak,23:00,45.000000,45.000000
0.000000,65,scarcity_peak,00:00,45.000000,45.000000
0.000000,65,scarcity_peak,01:00,45.000000,45.000000
0.000000,65,scarcity_peak,02:00,45.000000,45.000000
0.000000,65,scarcity_peak,03:00,45.000000,45.000000
0.000000,65,scarcity_peak,04:00,45.000000,45.000000
0.000000,65,scarcity_peak,05:00,45.000000,45.000000
0.000000,65,scarcity_peak,06:00,45.000000,45.000000
0.000000,65,scarcity_peak,07:00,45.000000,45.000000
0.000000,65,scarcity_peak,08:00,45.000000,45.000000
0.000000,65,scarcity_peak,09:00,15.000000,15.000000
0.000000,65,scarcity_peak,10:00,15.000000,15.000000
0.000000,65,scarcity_peak,11:00,15.000000,15.000000
0.000000,65,scarcity_peak,12:00,15.000000,15.000000
0.000000,65,scarcity_peak,13:00,15.000000,15.000000
0.000000,65,scarcity_peak,14:00,45.000000,45.000000
0.000000,65,scarcity_peak,15:00,45.000000,45.000000
0.000000,65,scarcity_peak,16:00,45.000000,45.000000
0.000000,65,scarcity_peak,17:00,45.000000,45.000000
0.000000,65,scarcity_peak,18:00,100.000000,100.000000
0.000000,65,scarcity_peak,19:00,100.000000,100.000000
0.000000,65,scarcity_peak,20:00,400.000000,400.000000
0.000000,65,scarcity_peak,21:00,100.000000,100.000000
0.000000,65,scarcity_peak,22:00,100.000000,100.000000
0.000000,65,scarcity_peak,23:00,45.000000,45.000000
0.000000,66,negative_midday,00:00,45.000000,45.000000
0.000000,66,negative_midday,01:00,45.000000,45.000000
0.000000,66,negative_midday,02:00,45.000000,45.000000
0.000000,66,negative_midday,03:00,45.000000,45.000000
0.000000,66,negative_midday,04:00,45.000000,45.000000
0.000000,66,negative_midday,05:00,45.000000,45.000000
0.000000,66,negative_midday,06:00,45.000000,45.000000
0.000000,66,negative_midday,07:00,45.000000,45.000000
0.000000,66,negative_midday,08:00,45.000000,45.000000
0.000000,66,negative_midday,09:00,15.000000,15.000000
0.000000,66,negative_midday,10:00,-30.000000,-30.000000
0.000000,66,negative_midday,11:00,-30.000000,-30.000000
0.000000,66,negative_midday,12:00,-30.000000,-30.000000
0.000000,66,negative_midday,13:00,15.000000,15.000000
0.000000,66,negative_midday,14:00,45.000000,45.000000
0.000000,66,negative_midday,15:00,45.000000,45.000000
0.000000,66,negative_midday,16:00,45.000000,45.000000
0.000000,66,negative_midday,17:00,45.000000,45.000000
0.000000,66,negative_midday,18:00,100.000000,100.000000
0.000000,66,negative_midday,19:00,100.000000,100.000000
0.000000,66,negative_midday,20:00,100.000000,100.000000
0.000000,66,negative_midday,21:00,100.000000,100.000000
0.000000,66,negative_midday,22:00,100.000000,100.000000
0.000000,66,negative_midday,23:00,45.000000,45.000000
0.000000,67,flat_missed_event,00:00,40.000000,40.000000
0.000000,67,flat_missed_event,01:00,40.000000,40.000000
0.000000,67,flat_missed_event,02:00,40.000000,40.000000
0.000000,67,flat_missed_event,03:00,40.000000,40.000000
0.000000,67,flat_missed_event,04:00,40.000000,40.000000
0.000000,67,flat_missed_event,05:00,40.000000,40.000000
0.000000,67,flat_missed_event,06:00,40.000000,40.000000
0.000000,67,flat_missed_event,07:00,40.000000,40.000000
0.000000,67,flat_missed_event,08:00,40.000000,40.000000
0.000000,67,flat_missed_event,09:00,40.000000,40.000000
0.000000,67,flat_missed_event,10:00,40.000000,40.000000
0.000000,67,flat_missed_event,11:00,40.000000,40.000000
0.000000,67,flat_missed_event,12:00,40.000000,40.000000
0.000000,67,flat_missed_event,13:00,40.000000,40.000000
0.000000,67,flat_missed_event,14:00,40.000000,40.000000
0.000000,67,flat_missed_event,15:00,40.000000,40.000000
0.000000,67,flat_missed_event,16:00,40.000000,40.000000
0.000000,67,flat_missed_event,17:00,40.000000,40.000000
0.000000,67,flat_missed_event,18:00,40.000000,40.000000
0.000000,67,flat_missed_event,19:00,40.000000,40.000000
0.000000,67,flat_missed_event,20:00,40.000000,40.000000
0.000000,67,flat_missed_event,21:00,40.000000,40.000000
0.000000,67,flat_missed_event,22:00,40.000000,40.000000
0.000000,67,flat_missed_event,23:00,40.000000,40.000000
0.000000,68,evening_peak,00:00,45.000000,45.000000
0.000000,68,evening_peak,01:00,45.000000,45.000000
0.000000,68,evening_peak,02:00,45.000000,45.000000
0.000000,68,evening_peak,03:00,45.000000,45.000000
0.000000,68,evening_peak,04:00,45.000000,45.000000
0.000000,68,evening_peak,05:00,45.000000,45.000000
0.000000,68,evening_peak,06:00,45.000000,45.000000
0.000000,68,evening_peak,07:00,45.000000,45.000000
0.000000,68,evening_peak,08:00,45.000000,45.000000
0.000000,68,evening_peak,09:00,15.000000,15.000000
0.000000,68,evening_peak,10:00,15.000000,15.000000
0.000000,68,evening_peak,11:00,15.000000,15.000000
0.000000,68,evening_peak,12:00,15.000000,15.000000
0.000000,68,evening_peak,13:00,15.000000,15.000000
0.000000,68,evening_peak,14:00,45.000000,45.000000
0.000000,68,evening_peak,15:00,45.000000,45.000000
0.000000,68,evening_peak,16:00,45.000000,45.000000
0.000000,68,evening_peak,17:00,45.000000,45.000000
0.000000,68,evening_peak,18:00,100.000000,100.000000
0.000000,68,evening_peak,19:00,100.000000,100.000000
0.000000,68,evening_peak,20:00,100.000000,100.000000
0.000000,68,evening_peak,21:00,100.000000,100.000000
0.000000,68,evening_peak,22:00,100.000000,100.000000
0.000000,68,evening_peak,23:00,45.000000,45.000000
0.000000,69,scarcity_peak,00:00,45.000000,45.000000
0.000000,69,scarcity_peak,01:00,45.000000,45.000000
0.000000,69,scarcity_peak,02:00,45.000000,45.000000
0.000000,69,scarcity_peak,03:00,45.000000,45.000000
0.000000,69,scarcity_peak,04:00,45.000000,45.000000
0.000000,69,scarcity_peak,05:00,45.000000,45.000000
0.000000,69,scarcity_peak,06:00,45.000000,45.000000
0.000000,69,scarcity_peak,07:00,45.000000,45.000000
0.000000,69,scarcity_peak,08:00,45.000000,45.000000
0.000000,69,scarcity_peak,09:00,15.000000,15.000000
0.000000,69,scarcity_peak,10:00,15.000000,15.000000
0.000000,69,scarcity_peak,11:00,15.000000,15.000000
0.000000,69,scarcity_peak,12:00,15.000000,15.000000
0.000000,69,scarcity_peak,13:00,15.000000,15.000000
0.000000,69,scarcity_peak,14:00,45.000000,45.000000
0.000000,69,scarcity_peak,15:00,45.000000,45.000000
0.000000,69,scarcity_peak,16:00,45.000000,45.000000
0.000000,69,scarcity_peak,17:00,45.000000,45.000000
0.000000,69,scarcity_peak,18:00,100.000000,100.000000
0.000000,69,scarcity_peak,19:00,100.000000,100.000000
0.000000,69,scarcity_peak,20:00,400.000000,400.000000
0.000000,69,scarcity_peak,21:00,100.000000,100.000000
0.000000,69,scarcity_peak,22:00,100.000000,100.000000
0.000000,69,scarcity_peak,23:00,45.000000,45.000000
0.000000,70,negative_midday,00:00,45.000000,45.000000
0.000000,70,negative_midday,01:00,45.000000,45.000000
0.000000,70,negative_midday,02:00,45.000000,45.000000
0.000000,70,negative_midday,03:00,45.000000,45.000000
0.000000,70,negative_midday,04:00,45.000000,45.000000
0.000000,70,negative_midday,05:00,45.000000,45.000000
0.000000,70,negative_midday,06:00,45.000000,45.000000
0.000000,70,negative_midday,07:00,45.000000,45.000000
0.000000,70,negative_midday,08:00,45.000000,45.000000
0.000000,70,negative_midday,09:00,15.000000,15.000000
0.000000,70,negative_midday,10:00,-30.000000,-30.000000
0.000000,70,negative_midday,11:00,-30.000000,-30.000000
0.000000,70,negative_midday,12:00,-30.000000,-30.000000
0.000000,70,negative_midday,13:00,15.000000,15.000000
0.000000,70,negative_midday,14:00,45.000000,45.000000
0.000000,70,negative_midday,15:00,45.000000,45.000000
0.000000,70,negative_midday,16:00,45.000000,45.000000
0.000000,70,negative_midday,17:00,45.000000,45.000000
0.000000,70,negative_midday,18:00,100.000000,100.000000
0.000000,70,negative_midday,19:00,100.000000,100.000000
0.000000,70,negative_midday,20:00,100.000000,100.000000
0.000000,70,negative_midday,21:00,100.000000,100.000000
0.000000,70,negative_midday,22:00,100.000000,100.000000
0.000000,70,negative_midday,23:00,45.000000,45.000000
0.000000,71,flat_missed_event,00:00,40.000000,40.000000
0.000000,71,flat_missed_event,01:00,40.000000,40.000000
0.000000,71,flat_missed_event,02:00,40.000000,40.000000
0.000000,71,flat_missed_event,03:00,40.000000,40.000000
0.000000,71,flat_missed_event,04:00,40.000000,40.000000
0.000000,71,flat_missed_event,05:00,40.000000,40.000000
0.000000,71,flat_missed_event,06:00,40.000000,40.000000
0.000000,71,flat_missed_event,07:00,40.000000,40.000000
0.000000,71,flat_missed_event,08:00,40.000000,40.000000
0.000000,71,flat_missed_event,09:00,40.000000,40.000000
0.000000,71,flat_missed_event,10:00,40.000000,40.000000
0.000000,71,flat_missed_event,11:00,40.000000,40.000000
0.000000,71,flat_missed_event,12:00,40.000000,40.000000
0.000000,71,flat_missed_event,13:00,40.000000,40.000000
0.000000,71,flat_missed_event,14:00,40.000000,40.000000
0.000000,71,flat_missed_event,15:00,40.000000,40.000000
0.000000,71,flat_missed_event,16:00,40.000000,40.000000
0.000000,71,flat_missed_event,17:00,40.000000,40.000000
0.000000,71,flat_missed_event,18:00,40.000000,40.000000
0.000000,71,flat_missed_event,19:00,40.000000,40.000000
0.000000,71,flat_missed_event,20:00,40.000000,40.000000
0.000000,71,flat_missed_event,21:00,40.000000,40.000000
0.000000,71,flat_missed_event,22:00,40.000000,40.000000
0.000000,71,flat_missed_event,23:00,40.000000,40.000000
0.000000,72,evening_peak,00:00,45.000000,45.000000
0.000000,72,evening_peak,01:00,45.000000,45.000000
0.000000,72,evening_peak,02:00,45.000000,45.000000
0.000000,72,evening_peak,03:00,45.000000,45.000000
0.000000,72,evening_peak,04:00,45.000000,45.000000
0.000000,72,evening_peak,05:00,45.000000,45.000000
0.000000,72,evening_peak,06:00,45.000000,45.000000
0.000000,72,evening_peak,07:00,45.000000,45.000000
0.000000,72,evening_peak,08:00,45.000000,45.000000
0.000000,72,evening_peak,09:00,15.000000,15.000000
0.000000,72,evening_peak,10:00,15.000000,15.000000
0.000000,72,evening_peak,11:00,15.000000,15.000000
0.000000,72,evening_peak,12:00,15.000000,15.000000
0.000000,72,evening_peak,13:00,15.000000,15.000000
0.000000,72,evening_peak,14:00,45.000000,45.000000
0.000000,72,evening_peak,15:00,45.000000,45.000000
0.000000,72,evening_peak,16:00,45.000000,45.000000
0.000000,72,evening_peak,17:00,45.000000,45.000000
0.000000,72,evening_peak,18:00,100.000000,100.000000
0.000000,72,evening_peak,19:00,100.000000,100.000000
0.000000,72,evening_peak,20:00,100.000000,100.000000
0.000000,72,evening_peak,21:00,100.000000,100.000000
0.000000,72,evening_peak,22:00,100.000000,100.000000
0.000000,72,evening_peak,23:00,45.000000,45.000000
0.000000,73,scarcity_peak,00:00,45.000000,45.000000
0.000000,73,scarcity_peak,01:00,45.000000,45.000000
0.000000,73,scarcity_peak,02:00,45.000000,45.000000
0.000000,73,scarcity_peak,03:00,45.000000,45.000000
0.000000,73,scarcity_peak,04:00,45.000000,45.000000
0.000000,73,scarcity_peak,05:00,45.000000,45.000000
0.000000,73,scarcity_peak,06:00,45.000000,45.000000
0.000000,73,scarcity_peak,07:00,45.000000,45.000000
0.000000,73,scarcity_peak,08:00,45.000000,45.000000
0.000000,73,scarcity_peak,09:00,15.000000,15.000000
0.000000,73,scarcity_peak,10:00,15.000000,15.000000
0.000000,73,scarcity_peak,11:00,15.000000,15.000000
0.000000,73,scarcity_peak,12:00,15.000000,15.000000
0.000000,73,scarcity_peak,13:00,15.000000,15.000000
0.000000,73,scarcity_peak,14:00,45.000000,45.000000
0.000000,73,scarcity_peak,15:00,45.000000,45.000000
0.000000,73,scarcity_peak,16:00,45.000000,45.000000
0.000000,73,scarcity_peak,17:00,45.000000,45.000000
0.000000,73,scarcity_peak,18:00,100.000000,100.000000
0.000000,73,scarcity_peak,19:00,100.000000,100.000000
0.000000,73,scarcity_peak,20:00,400.000000,400.000000
0.000000,73,scarcity_peak,21:00,100.000000,100.000000
0.000000,73,scarcity_peak,22:00,100.000000,100.000000
0.000000,73,scarcity_peak,23:00,45.000000,45.000000
0.000000,74,negative_midday,00:00,45.000000,45.000000
0.000000,74,negative_midday,01:00,45.000000,45.000000
0.000000,74,negative_midday,02:00,45.000000,45.000000
0.000000,74,negative_midday,03:00,45.000000,45.000000
0.000000,74,negative_midday,04:00,45.000000,45.000000
0.000000,74,negative_midday,05:00,45.000000,45.000000
0.000000,74,negative_midday,06:00,45.000000,45.000000
0.000000,74,negative_midday,07:00,45.000000,45.000000
0.000000,74,negative_midday,08:00,45.000000,45.000000
0.000000,74,negative_midday,09:00,15.000000,15.000000
0.000000,74,negative_midday,10:00,-30.000000,-30.000000
0.000000,74,negative_midday,11:00,-30.000000,-30.000000
0.000000,74,negative_midday,12:00,-30.000000,-30.000000
0.000000,74,negative_midday,13:00,15.000000,15.000000
0.000000,74,negative_midday,14:00,45.000000,45.000000
0.000000,74,negative_midday,15:00,45.000000,45.000000
0.000000,74,negative_midday,16:00,45.000000,45.000000
0.000000,74,negative_midday,17:00,45.000000,45.000000
0.000000,74,negative_midday,18:00,100.000000,100.000000
0.000000,74,negative_midday,19:00,100.000000,100.000000
0.000000,74,negative_midday,20:00,100.000000,100.000000
0.000000,74,negative_midday,21:00,100.000000,100.000000
0.000000,74,negative_midday,22:00,100.000000,100.000000
0.000000,74,negative_midday,23:00,45.000000,45.000000
0.000000,75,flat_missed_event,00:00,40.000000,40.000000
0.000000,75,flat_missed_event,01:00,40.000000,40.000000
0.000000,75,flat_missed_event,02:00,40.000000,40.000000
0.000000,75,flat_missed_event,03:00,40.000000,40.000000
0.000000,75,flat_missed_event,04:00,40.000000,40.000000
0.000000,75,flat_missed_event,05:00,40.000000,40.000000
0.000000,75,flat_missed_event,06:00,40.000000,40.000000
0.000000,75,flat_missed_event,07:00,40.000000,40.000000
0.000000,75,flat_missed_event,08:00,40.000000,40.000000
0.000000,75,flat_missed_event,09:00,40.000000,40.000000
0.000000,75,flat_missed_event,10:00,40.000000,40.000000
0.000000,75,flat_missed_event,11:00,40.000000,40.000000
0.000000,75,flat_missed_event,12:00,40.000000,40.000000
0.000000,75,flat_missed_event,13:00,40.000000,40.000000
0.000000,75,flat_missed_event,14:00,40.000000,40.000000
0.000000,75,flat_missed_event,15:00,40.000000,40.000000
0.000000,75,flat_missed_event,16:00,40.000000,40.000000
0.000000,75,flat_missed_event,17:00,40.000000,40.000000
0.000000,75,flat_missed_event,18:00,40.000000,40.000000
0.000000,75,flat_missed_event,19:00,40.000000,40.000000
0.000000,75,flat_missed_event,20:00,40.000000,40.000000
0.000000,75,flat_missed_event,21:00,40.000000,40.000000
0.000000,75,flat_missed_event,22:00,40.000000,40.000000
0.000000,75,flat_missed_event,23:00,40.000000,40.000000
0.000000,76,evening_peak,00:00,45.000000,45.000000
0.000000,76,evening_peak,01:00,45.000000,45.000000
0.000000,76,evening_peak,02:00,45.000000,45.000000
0.000000,76,evening_peak,03:00,45.000000,45.000000
0.000000,76,evening_peak,04:00,45.000000,45.000000
0.000000,76,evening_peak,05:00,45.000000,45.000000
0.000000,76,evening_peak,06:00,45.000000,45.000000
0.000000,76,evening_peak,07:00,45.000000,45.000000
0.000000,76,evening_peak,08:00,45.000000,45.000000
0.000000,76,evening_peak,09:00,15.000000,15.000000
0.000000,76,evening_peak,10:00,15.000000,15.000000
0.000000,76,evening_peak,11:00,15.000000,15.000000
0.000000,76,evening_peak,12:00,15.000000,15.000000
0.000000,76,evening_peak,13:00,15.000000,15.000000
0.000000,76,evening_peak,14:00,45.000000,45.000000
0.000000,76,evening_peak,15:00,45.000000,45.000000
0.000000,76,evening_peak,16:00,45.000000,45.000000
0.000000,76,evening_peak,17:00,45.000000,45.000000
0.000000,76,evening_peak,18:00,100.000000,100.000000
0.000000,76,evening_peak,19:00,100.000000,100.000000
0.000000,76,evening_peak,20:00,100.000000,100.000000
0.000000,76,evening_peak,21:00,100.000000,100.000000
0.000000,76,evening_peak,22:00,100.000000,100.000000
0.000000,76,evening_peak,23:00,45.000000,45.000000
0.000000,77,scarcity_peak,00:00,45.000000,45.000000
0.000000,77,scarcity_peak,01:00,45.000000,45.000000
0.000000,77,scarcity_peak,02:00,45.000000,45.000000
0.000000,77,scarcity_peak,03:00,45.000000,45.000000
0.000000,77,scarcity_peak,04:00,45.000000,45.000000
0.000000,77,scarcity_peak,05:00,45.000000,45.000000
0.000000,77,scarcity_peak,06:00,45.000000,45.000000
0.000000,77,scarcity_peak,07:00,45.000000,45.000000
0.000000,77,scarcity_peak,08:00,45.000000,45.000000
0.000000,77,scarcity_peak,09:00,15.000000,15.000000
0.000000,77,scarcity_peak,10:00,15.000000,15.000000
0.000000,77,scarcity_peak,11:00,15.000000,15.000000
0.000000,77,scarcity_peak,12:00,15.000000,15.000000
0.000000,77,scarcity_peak,13:00,15.000000,15.000000
0.000000,77,scarcity_peak,14:00,45.000000,45.000000
0.000000,77,scarcity_peak,15:00,45.000000,45.000000
0.000000,77,scarcity_peak,16:00,45.000000,45.000000
0.000000,77,scarcity_peak,17:00,45.000000,45.000000
0.000000,77,scarcity_peak,18:00,100.000000,100.000000
0.000000,77,scarcity_peak,19:00,100.000000,100.000000
0.000000,77,scarcity_peak,20:00,400.000000,400.000000
0.000000,77,scarcity_peak,21:00,100.000000,100.000000
0.000000,77,scarcity_peak,22:00,100.000000,100.000000
0.000000,77,scarcity_peak,23:00,45.000000,45.000000
0.000000,78,negative_midday,00:00,45.000000,45.000000
0.000000,78,negative_midday,01:00,45.000000,45.000000
0.000000,78,negative_midday,02:00,45.000000,45.000000
0.000000,78,negative_midday,03:00,45.000000,45.000000
0.000000,78,negative_midday,04:00,45.000000,45.000000
0.000000,78,negative_midday,05:00,45.000000,45.000000
0.000000,78,negative_midday,06:00,45.000000,45.000000
0.000000,78,negative_midday,07:00,45.000000,45.000000
0.000000,78,negative_midday,08:00,45.000000,45.000000
0.000000,78,negative_midday,09:00,15.000000,15.000000
0.000000,78,negative_midday,10:00,-30.000000,-30.000000
0.000000,78,negative_midday,11:00,-30.000000,-30.000000
0.000000,78,negative_midday,12:00,-30.000000,-30.000000
0.000000,78,negative_midday,13:00,15.000000,15.000000
0.000000,78,negative_midday,14:00,45.000000,45.000000
0.000000,78,negative_midday,15:00,45.000000,45.000000
0.000000,78,negative_midday,16:00,45.000000,45.000000
0.000000,78,negative_midday,17:00,45.000000,45.000000
0.000000,78,negative_midday,18:00,100.000000,100.000000
0.000000,78,negative_midday,19:00,100.000000,100.000000
0.000000,78,negative_midday,20:00,100.000000,100.000000
0.000000,78,negative_midday,21:00,100.000000,100.000000
0.000000,78,negative_midday,22:00,100.000000,100.000000
0.000000,78,negative_midday,23:00,45.000000,45.000000
0.000000,79,flat_missed_event,00:00,40.000000,40.000000
0.000000,79,flat_missed_event,01:00,40.000000,40.000000
0.000000,79,flat_missed_event,02:00,40.000000,40.000000
0.000000,79,flat_missed_event,03:00,40.000000,40.000000
0.000000,79,flat_missed_event,04:00,40.000000,40.000000
0.000000,79,flat_missed_event,05:00,40.000000,40.000000
0.000000,79,flat_missed_event,06:00,40.000000,40.000000
0.000000,79,flat_missed_event,07:00,40.000000,40.000000
0.000000,79,flat_missed_event,08:00,40.000000,40.000000
0.000000,79,flat_missed_event,09:00,40.000000,40.000000
0.000000,79,flat_missed_event,10:00,40.000000,40.000000
0.000000,79,flat_missed_event,11:00,40.000000,40.000000
0.000000,79,flat_missed_event,12:00,40.000000,40.000000
0.000000,79,flat_missed_event,13:00,40.000000,40.000000
0.000000,79,flat_missed_event,14:00,40.000000,40.000000
0.000000,79,flat_missed_event,15:00,40.000000,40.000000
0.000000,79,flat_missed_event,16:00,40.000000,40.000000
0.000000,79,flat_missed_event,17:00,40.000000,40.000000
0.000000,79,flat_missed_event,18:00,40.000000,40.000000
0.000000,79,flat_missed_event,19:00,40.000000,40.000000
0.000000,79,flat_missed_event,20:00,40.000000,40.000000
0.000000,79,flat_missed_event,21:00,40.000000,40.000000
0.000000,79,flat_missed_event,22:00,40.000000,40.000000
0.000000,79,flat_missed_event,23:00,40.000000,40.000000
0.000000,80,evening_peak,00:00,45.000000,45.000000
0.000000,80,evening_peak,01:00,45.000000,45.000000
0.000000,80,evening_peak,02:00,45.000000,45.000000
0.000000,80,evening_peak,03:00,45.000000,45.000000
0.000000,80,evening_peak,04:00,45.000000,45.000000
0.000000,80,evening_peak,05:00,45.000000,45.000000
0.000000,80,evening_peak,06:00,45.000000,45.000000
0.000000,80,evening_peak,07:00,45.000000,45.000000
0.000000,80,evening_peak,08:00,45.000000,45.000000
0.000000,80,evening_peak,09:00,15.000000,15.000000
0.000000,80,evening_peak,10:00,15.000000,15.000000
0.000000,80,evening_peak,11:00,15.000000,15.000000
0.000000,80,evening_peak,12:00,15.000000,15.000000
0.000000,80,evening_peak,13:00,15.000000,15.000000
0.000000,80,evening_peak,14:00,45.000000,45.000000
0.000000,80,evening_peak,15:00,45.000000,45.000000
0.000000,80,evening_peak,16:00,45.000000,45.000000
0.000000,80,evening_peak,17:00,45.000000,45.000000
0.000000,80,evening_peak,18:00,100.000000,100.000000
0.000000,80,evening_peak,19:00,100.000000,100.000000
0.000000,80,evening_peak,20:00,100.000000,100.000000
0.000000,80,evening_peak,21:00,100.000000,100.000000
0.000000,80,evening_peak,22:00,100.000000,100.000000
0.000000,80,evening_peak,23:00,45.000000,45.000000
0.000000,81,scarcity_peak,00:00,45.000000,45.000000
0.000000,81,scarcity_peak,01:00,45.000000,45.000000
0.000000,81,scarcity_peak,02:00,45.000000,45.000000
0.000000,81,scarcity_peak,03:00,45.000000,45.000000
0.000000,81,scarcity_peak,04:00,45.000000,45.000000
0.000000,81,scarcity_peak,05:00,45.000000,45.000000
0.000000,81,scarcity_peak,06:00,45.000000,45.000000
0.000000,81,scarcity_peak,07:00,45.000000,45.000000
0.000000,81,scarcity_peak,08:00,45.000000,45.000000
0.000000,81,scarcity_peak,09:00,15.000000,15.000000
0.000000,81,scarcity_peak,10:00,15.000000,15.000000
0.000000,81,scarcity_peak,11:00,15.000000,15.000000
0.000000,81,scarcity_peak,12:00,15.000000,15.000000
0.000000,81,scarcity_peak,13:00,15.000000,15.000000
0.000000,81,scarcity_peak,14:00,45.000000,45.000000
0.000000,81,scarcity_peak,15:00,45.000000,45.000000
0.000000,81,scarcity_peak,16:00,45.000000,45.000000
0.000000,81,scarcity_peak,17:00,45.000000,45.000000
0.000000,81,scarcity_peak,18:00,100.000000,100.000000
0.000000,81,scarcity_peak,19:00,100.000000,100.000000
0.000000,81,scarcity_peak,20:00,400.000000,400.000000
0.000000,81,scarcity_peak,21:00,100.000000,100.000000
0.000000,81,scarcity_peak,22:00,100.000000,100.000000
0.000000,81,scarcity_peak,23:00,45.000000,45.000000
0.000000,82,negative_midday,00:00,45.000000,45.000000
0.000000,82,negative_midday,01:00,45.000000,45.000000
0.000000,82,negative_midday,02:00,45.000000,45.000000
0.000000,82,negative_midday,03:00,45.000000,45.000000
0.000000,82,negative_midday,04:00,45.000000,45.000000
0.000000,82,negative_midday,05:00,45.000000,45.000000
0.000000,82,negative_midday,06:00,45.000000,45.000000
0.000000,82,negative_midday,07:00,45.000000,45.000000
0.000000,82,negative_midday,08:00,45.000000,45.000000
0.000000,82,negative_midday,09:00,15.000000,15.000000
0.000000,82,negative_midday,10:00,-30.000000,-30.000000
0.000000,82,negative_midday,11:00,-30.000000,-30.000000
0.000000,82,negative_midday,12:00,-30.000000,-30.000000
0.000000,82,negative_midday,13:00,15.000000,15.000000
0.000000,82,negative_midday,14:00,45.000000,45.000000
0.000000,82,negative_midday,15:00,45.000000,45.000000
0.000000,82,negative_midday,16:00,45.000000,45.000000
0.000000,82,negative_midday,17:00,45.000000,45.000000
0.000000,82,negative_midday,18:00,100.000000,100.000000
0.000000,82,negative_midday,19:00,100.000000,100.000000
0.000000,82,negative_midday,20:00,100.000000,100.000000
0.000000,82,negative_midday,21:00,100.000000,100.000000
0.000000,82,negative_midday,22:00,100.000000,100.000000
0.000000,82,negative_midday,23:00,45.000000,45.000000
0.000000,83,flat_missed_event,00:00,40.000000,40.000000
0.000000,83,flat_missed_event,01:00,40.000000,40.000000
0.000000,83,flat_missed_event,02:00,40.000000,40.000000
0.000000,83,flat_missed_event,03:00,40.000000,40.000000
0.000000,83,flat_missed_event,04:00,40.000000,40.000000
0.000000,83,flat_missed_event,05:00,40.000000,40.000000
0.000000,83,flat_missed_event,06:00,40.000000,40.000000
0.000000,83,flat_missed_event,07:00,40.000000,40.000000
0.000000,83,flat_missed_event,08:00,40.000000,40.000000
0.000000,83,flat_missed_event,09:00,40.000000,40.000000
0.000000,83,flat_missed_event,10:00,40.000000,40.000000
0.000000,83,flat_missed_event,11:00,40.000000,40.000000
0.000000,83,flat_missed_event,12:00,40.000000,40.000000
0.000000,83,flat_missed_event,13:00,40.000000,40.000000
0.000000,83,flat_missed_event,14:00,40.000000,40.000000
0.000000,83,flat_missed_event,15:00,40.000000,40.000000
0.000000,83,flat_missed_event,16:00,40.000000,40.000000
0.000000,83,flat_missed_event,17:00,40.000000,40.000000
0.000000,83,flat_missed_event,18:00,40.000000,40.000000
0.000000,83,flat_missed_event,19:00,40.000000,40.000000
0.000000,83,flat_missed_event,20:00,40.000000,40.000000
0.000000,83,flat_missed_event,21:00,40.000000,40.000000
0.000000,83,flat_missed_event,22:00,40.000000,40.000000
0.000000,83,flat_missed_event,23:00,40.000000,40.000000
0.000000,84,evening_peak,00:00,45.000000,45.000000
0.000000,84,evening_peak,01:00,45.000000,45.000000
0.000000,84,evening_peak,02:00,45.000000,45.000000
0.000000,84,evening_peak,03:00,45.000000,45.000000
0.000000,84,evening_peak,04:00,45.000000,45.000000
0.000000,84,evening_peak,05:00,45.000000,45.000000
0.000000,84,evening_peak,06:00,45.000000,45.000000
0.000000,84,evening_peak,07:00,45.000000,45.000000
0.000000,84,evening_peak,08:00,45.000000,45.000000
0.000000,84,evening_peak,09:00,15.000000,15.000000
0.000000,84,evening_peak,10:00,15.000000,15.000000
0.000000,84,evening_peak,11:00,15.000000,15.000000
0.000000,84,evening_peak,12:00,15.000000,15.000000
0.000000,84,evening_peak,13:00,15.000000,15.000000
0.000000,84,evening_peak,14:00,45.000000,45.000000
0.000000,84,evening_peak,15:00,45.000000,45.000000
0.000000,84,evening_peak,16:00,45.000000,45.000000
0.000000,84,evening_peak,17:00,45.000000,45.000000
0.000000,84,evening_peak,18:00,100.000000,100.000000
0.000000,84,evening_peak,19:00,100.000000,100.000000
0.000000,84,evening_peak,20:00,100.000000,100.000000
0.000000,84,evening_peak,21:00,100.000000,100.000000
0.000000,84,evening_peak,22:00,100.000000,100.000000
0.000000,84,evening_peak,23:00,45.000000,45.000000
0.000000,85,scarcity_peak,00:00,45.000000,45.000000
0.000000,85,scarcity_peak,01:00,45.000000,45.000000
0.000000,85,scarcity_peak,02:00,45.000000,45.000000
0.000000,85,scarcity_peak,03:00,45.000000,45.000000
0.000000,85,scarcity_peak,04:00,45.000000,45.000000
0.000000,85,scarcity_peak,05:00,45.000000,45.000000
0.000000,85,scarcity_peak,06:00,45.000000,45.000000
0.000000,85,scarcity_peak,07:00,45.000000,45.000000
0.000000,85,scarcity_peak,08:00,45.000000,45.000000
0.000000,85,scarcity_peak,09:00,15.000000,15.000000
0.000000,85,scarcity_peak,10:00,15.000000,15.000000
0.000000,85,scarcity_peak,11:00,15.000000,15.000000
0.000000,85,scarcity_peak,12:00,15.000000,15.000000
0.000000,85,scarcity_peak,13:00,15.000000,15.000000
0.000000,85,scarcity_peak,14:00,45.000000,45.000000
0.000000,85,scarcity_peak,15:00,45.000000,45.000000
0.000000,85,scarcity_peak,16:00,45.000000,45.000000
0.000000,85,scarcity_peak,17:00,45.000000,45.000000
0.000000,85,scarcity_peak,18:00,100.000000,100.000000
0.000000,85,scarcity_peak,19:00,100.000000,100.000000
0.000000,85,scarcity_peak,20:00,400.000000,400.000000
0.000000,85,scarcity_peak,21:00,100.000000,100.000000
0.000000,85,scarcity_peak,22:00,100.000000,100.000000
0.000000,85,scarcity_peak,23:00,45.000000,45.000000
0.000000,86,negative_midday,00:00,45.000000,45.000000
0.000000,86,negative_midday,01:00,45.000000,45.000000
0.000000,86,negative_midday,02:00,45.000000,45.000000
0.000000,86,negative_midday,03:00,45.000000,45.000000
0.000000,86,negative_midday,04:00,45.000000,45.000000
0.000000,86,negative_midday,05:00,45.000000,45.000000
0.000000,86,negative_midday,06:00,45.000000,45.000000
0.000000,86,negative_midday,07:00,45.000000,45.000000
0.000000,86,negative_midday,08:00,45.000000,45.000000
0.000000,86,negative_midday,09:00,15.000000,15.000000
0.000000,86,negative_midday,10:00,-30.000000,-30.000000
0.000000,86,negative_midday,11:00,-30.000000,-30.000000
0.000000,86,negative_midday,12:00,-30.000000,-30.000000
0.000000,86,negative_midday,13:00,15.000000,15.000000
0.000000,86,negative_midday,14:00,45.000000,45.000000
0.000000,86,negative_midday,15:00,45.000000,45.000000
0.000000,86,negative_midday,16:00,45.000000,45.000000
0.000000,86,negative_midday,17:00,45.000000,45.000000
0.000000,86,negative_midday,18:00,100.000000,100.000000
0.000000,86,negative_midday,19:00,100.000000,100.000000
0.000000,86,negative_midday,20:00,100.000000,100.000000
0.000000,86,negative_midday,21:00,100.000000,100.000000
0.000000,86,negative_midday,22:00,100.000000,100.000000
0.000000,86,negative_midday,23:00,45.000000,45.000000
0.000000,87,flat_missed_event,00:00,40.000000,40.000000
0.000000,87,flat_missed_event,01:00,40.000000,40.000000
0.000000,87,flat_missed_event,02:00,40.000000,40.000000
0.000000,87,flat_missed_event,03:00,40.000000,40.000000
0.000000,87,flat_missed_event,04:00,40.000000,40.000000
0.000000,87,flat_missed_event,05:00,40.000000,40.000000
0.000000,87,flat_missed_event,06:00,40.000000,40.000000
0.000000,87,flat_missed_event,07:00,40.000000,40.000000
0.000000,87,flat_missed_event,08:00,40.000000,40.000000
0.000000,87,flat_missed_event,09:00,40.000000,40.000000
0.000000,87,flat_missed_event,10:00,40.000000,40.000000
0.000000,87,flat_missed_event,11:00,40.000000,40.000000
0.000000,87,flat_missed_event,12:00,40.000000,40.000000
0.000000,87,flat_missed_event,13:00,40.000000,40.000000
0.000000,87,flat_missed_event,14:00,40.000000,40.000000
0.000000,87,flat_missed_event,15:00,40.000000,40.000000
0.000000,87,flat_missed_event,16:00,40.000000,40.000000
0.000000,87,flat_missed_event,17:00,40.000000,40.000000
0.000000,87,flat_missed_event,18:00,40.000000,40.000000
0.000000,87,flat_missed_event,19:00,40.000000,40.000000
0.000000,87,flat_missed_event,20:00,40.000000,40.000000
0.000000,87,flat_missed_event,21:00,40.000000,40.000000
0.000000,87,flat_missed_event,22:00,40.000000,40.000000
0.000000,87,flat_missed_event,23:00,40.000000,40.000000
0.000000,88,evening_peak,00:00,45.000000,45.000000
0.000000,88,evening_peak,01:00,45.000000,45.000000
0.000000,88,evening_peak,02:00,45.000000,45.000000
0.000000,88,evening_peak,03:00,45.000000,45.000000
0.000000,88,evening_peak,04:00,45.000000,45.000000
0.000000,88,evening_peak,05:00,45.000000,45.000000
0.000000,88,evening_peak,06:00,45.000000,45.000000
0.000000,88,evening_peak,07:00,45.000000,45.000000
0.000000,88,evening_peak,08:00,45.000000,45.000000
0.000000,88,evening_peak,09:00,15.000000,15.000000
0.000000,88,evening_peak,10:00,15.000000,15.000000
0.000000,88,evening_peak,11:00,15.000000,15.000000
0.000000,88,evening_peak,12:00,15.000000,15.000000
0.000000,88,evening_peak,13:00,15.000000,15.000000
0.000000,88,evening_peak,14:00,45.000000,45.000000
0.000000,88,evening_peak,15:00,45.000000,45.000000
0.000000,88,evening_peak,16:00,45.000000,45.000000
0.000000,88,evening_peak,17:00,45.000000,45.000000
0.000000,88,evening_peak,18:00,100.000000,100.000000
0.000000,88,evening_peak,19:00,100.000000,100.000000
0.000000,88,evening_peak,20:00,100.000000,100.000000
0.000000,88,evening_peak,21:00,100.000000,100.000000
0.000000,88,evening_peak,22:00,100.000000,100.000000
0.000000,88,evening_peak,23:00,45.000000,45.000000
0.000000,89,scarcity_peak,00:00,45.000000,45.000000
0.000000,89,scarcity_peak,01:00,45.000000,45.000000
0.000000,89,scarcity_peak,02:00,45.000000,45.000000
0.000000,89,scarcity_peak,03:00,45.000000,45.000000
0.000000,89,scarcity_peak,04:00,45.000000,45.000000
0.000000,89,scarcity_peak,05:00,45.000000,45.000000
0.000000,89,scarcity_peak,06:00,45.000000,45.000000
0.000000,89,scarcity_peak,07:00,45.000000,45.000000
0.000000,89,scarcity_peak,08:00,45.000000,45.000000
0.000000,89,scarcity_peak,09:00,15.000000,15.000000
0.000000,89,scarcity_peak,10:00,15.000000,15.000000
0.000000,89,scarcity_peak,11:00,15.000000,15.000000
0.000000,89,scarcity_peak,12:00,15.000000,15.000000
0.000000,89,scarcity_peak,13:00,15.000000,15.000000
0.000000,89,scarcity_peak,14:00,45.000000,45.000000
0.000000,89,scarcity_peak,15:00,45.000000,45.000000
0.000000,89,scarcity_peak,16:00,45.000000,45.000000
0.000000,89,scarcity_peak,17:00,45.000000,45.000000
0.000000,89,scarcity_peak,18:00,100.000000,100.000000
0.000000,89,scarcity_peak,19:00,100.000000,100.000000
0.000000,89,scarcity_peak,20:00,400.000000,400.000000
0.000000,89,scarcity_peak,21:00,100.000000,100.000000
0.000000,89,scarcity_peak,22:00,100.000000,100.000000
0.000000,89,scarcity_peak,23:00,45.000000,45.000000
0.000000,90,negative_midday,00:00,45.000000,45.000000
0.000000,90,negative_midday,01:00,45.000000,45.000000
0.000000,90,negative_midday,02:00,45.000000,45.000000
0.000000,90,negative_midday,03:00,45.000000,45.000000
0.000000,90,negative_midday,04:00,45.000000,45.000000
0.000000,90,negative_midday,05:00,45.000000,45.000000
0.000000,90,negative_midday,06:00,45.000000,45.000000
0.000000,90,negative_midday,07:00,45.000000,45.000000
0.000000,90,negative_midday,08:00,45.000000,45.000000
0.000000,90,negative_midday,09:00,15.000000,15.000000
0.000000,90,negative_midday,10:00,-30.000000,-30.000000
0.000000,90,negative_midday,11:00,-30.000000,-30.000000
0.000000,90,negative_midday,12:00,-30.000000,-30.000000
0.000000,90,negative_midday,13:00,15.000000,15.000000
0.000000,90,negative_midday,14:00,45.000000,45.000000
0.000000,90,negative_midday,15:00,45.000000,45.000000
0.000000,90,negative_midday,16:00,45.000000,45.000000
0.000000,90,negative_midday,17:00,45.000000,45.000000
0.000000,90,negative_midday,18:00,100.000000,100.000000
0.000000,90,negative_midday,19:00,100.000000,100.000000
0.000000,90,negative_midday,20:00,100.000000,100.000000
0.000000,90,negative_midday,21:00,100.000000,100.000000
0.000000,90,negative_midday,22:00,100.000000,100.000000
0.000000,90,negative_midday,23:00,45.000000,45.000000
0.000000,91,flat_missed_event,00:00,40.000000,40.000000
0.000000,91,flat_missed_event,01:00,40.000000,40.000000
0.000000,91,flat_missed_event,02:00,40.000000,40.000000
0.000000,91,flat_missed_event,03:00,40.000000,40.000000
0.000000,91,flat_missed_event,04:00,40.000000,40.000000
0.000000,91,flat_missed_event,05:00,40.000000,40.000000
0.000000,91,flat_missed_event,06:00,40.000000,40.000000
0.000000,91,flat_missed_event,07:00,40.000000,40.000000
0.000000,91,flat_missed_event,08:00,40.000000,40.000000
0.000000,91,flat_missed_event,09:00,40.000000,40.000000
0.000000,91,flat_missed_event,10:00,40.000000,40.000000
0.000000,91,flat_missed_event,11:00,40.000000,40.000000
0.000000,91,flat_missed_event,12:00,40.000000,40.000000
0.000000,91,flat_missed_event,13:00,40.000000,40.000000
0.000000,91,flat_missed_event,14:00,40.000000,40.000000
0.000000,91,flat_missed_event,15:00,40.000000,40.000000
0.000000,91,flat_missed_event,16:00,40.000000,40.000000
0.000000,91,flat_missed_event,17:00,40.000000,40.000000
0.000000,91,flat_missed_event,18:00,40.000000,40.000000
0.000000,91,flat_missed_event,19:00,40.000000,40.000000
0.000000,91,flat_missed_event,20:00,40.000000,40.000000
0.000000,91,flat_missed_event,21:00,40.000000,40.000000
0.000000,91,flat_missed_event,22:00,40.000000,40.000000
0.000000,91,flat_missed_event,23:00,40.000000,40.000000
0.000000,92,evening_peak,00:00,45.000000,45.000000
0.000000,92,evening_peak,01:00,45.000000,45.000000
0.000000,92,evening_peak,02:00,45.000000,45.000000
0.000000,92,evening_peak,03:00,45.000000,45.000000
0.000000,92,evening_peak,04:00,45.000000,45.000000
0.000000,92,evening_peak,05:00,45.000000,45.000000
0.000000,92,evening_peak,06:00,45.000000,45.000000
0.000000,92,evening_peak,07:00,45.000000,45.000000
0.000000,92,evening_peak,08:00,45.000000,45.000000
0.000000,92,evening_peak,09:00,15.000000,15.000000
0.000000,92,evening_peak,10:00,15.000000,15.000000
0.000000,92,evening_peak,11:00,15.000000,15.000000
0.000000,92,evening_peak,12:00,15.000000,15.000000
0.000000,92,evening_peak,13:00,15.000000,15.000000
0.000000,92,evening_peak,14:00,45.000000,45.000000
0.000000,92,evening_peak,15:00,45.000000,45.000000
0.000000,92,evening_peak,16:00,45.000000,45.000000
0.000000,92,evening_peak,17:00,45.000000,45.000000
0.000000,92,evening_peak,18:00,100.000000,100.000000
0.000000,92,evening_peak,19:00,100.000000,100.000000
0.000000,92,evening_peak,20:00,100.000000,100.000000
0.000000,92,evening_peak,21:00,100.000000,100.000000
0.000000,92,evening_peak,22:00,100.000000,100.000000
0.000000,92,evening_peak,23:00,45.000000,45.000000
0.000000,93,scarcity_peak,00:00,45.000000,45.000000
0.000000,93,scarcity_peak,01:00,45.000000,45.000000
0.000000,93,scarcity_peak,02:00,45.000000,45.000000
0.000000,93,scarcity_peak,03:00,45.000000,45.000000
0.000000,93,scarcity_peak,04:00,45.000000,45.000000
0.000000,93,scarcity_peak,05:00,45.000000,45.000000
0.000000,93,scarcity_peak,06:00,45.000000,45.000000
0.000000,93,scarcity_peak,07:00,45.000000,45.000000
0.000000,93,scarcity_peak,08:00,45.000000,45.000000
0.000000,93,scarcity_peak,09:00,15.000000,15.000000
0.000000,93,scarcity_peak,10:00,15.000000,15.000000
0.000000,93,scarcity_peak,11:00,15.000000,15.000000
0.000000,93,scarcity_peak,12:00,15.000000,15.000000
0.000000,93,scarcity_peak,13:00,15.000000,15.000000
0.000000,93,scarcity_peak,14:00,45.000000,45.000000
0.000000,93,scarcity_peak,15:00,45.000000,45.000000
0.000000,93,scarcity_peak,16:00,45.000000,45.000000
0.000000,93,scarcity_peak,17:00,45.000000,45.000000
0.000000,93,scarcity_peak,18:00,100.000000,100.000000
0.000000,93,scarcity_peak,19:00,100.000000,100.000000
0.000000,93,scarcity_peak,20:00,400.000000,400.000000
0.000000,93,scarcity_peak,21:00,100.000000,100.000000
0.000000,93,scarcity_peak,22:00,100.000000,100.000000
0.000000,93,scarcity_peak,23:00,45.000000,45.000000
0.000000,94,negative_midday,00:00,45.000000,45.000000
0.000000,94,negative_midday,01:00,45.000000,45.000000
0.000000,94,negative_midday,02:00,45.000000,45.000000
0.000000,94,negative_midday,03:00,45.000000,45.000000
0.000000,94,negative_midday,04:00,45.000000,45.000000
0.000000,94,negative_midday,05:00,45.000000,45.000000
0.000000,94,negative_midday,06:00,45.000000,45.000000
0.000000,94,negative_midday,07:00,45.000000,45.000000
0.000000,94,negative_midday,08:00,45.000000,45.000000
0.000000,94,negative_midday,09:00,15.000000,15.000000
0.000000,94,negative_midday,10:00,-30.000000,-30.000000
0.000000,94,negative_midday,11:00,-30.000000,-30.000000
0.000000,94,negative_midday,12:00,-30.000000,-30.000000
0.000000,94,negative_midday,13:00,15.000000,15.000000
0.000000,94,negative_midday,14:00,45.000000,45.000000
0.000000,94,negative_midday,15:00,45.000000,45.000000
0.000000,94,negative_midday,16:00,45.000000,45.000000
0.000000,94,negative_midday,17:00,45.000000,45.000000
0.000000,94,negative_midday,18:00,100.000000,100.000000
0.000000,94,negative_midday,19:00,100.000000,100.000000
0.000000,94,negative_midday,20:00,100.000000,100.000000
0.000000,94,negative_midday,21:00,100.000000,100.000000
0.000000,94,negative_midday,22:00,100.000000,100.000000
0.000000,94,negative_midday,23:00,45.000000,45.000000
0.000000,95,flat_missed_event,00:00,40.000000,40.000000
0.000000,95,flat_missed_event,01:00,40.000000,40.000000
0.000000,95,flat_missed_event,02:00,40.000000,40.000000
0.000000,95,flat_missed_event,03:00,40.000000,40.000000
0.000000,95,flat_missed_event,04:00,40.000000,40.000000
0.000000,95,flat_missed_event,05:00,40.000000,40.000000
0.000000,95,flat_missed_event,06:00,40.000000,40.000000
0.000000,95,flat_missed_event,07:00,40.000000,40.000000
0.000000,95,flat_missed_event,08:00,40.000000,40.000000
0.000000,95,flat_missed_event,09:00,40.000000,40.000000
0.000000,95,flat_missed_event,10:00,40.000000,40.000000
0.000000,95,flat_missed_event,11:00,40.000000,40.000000
0.000000,95,flat_missed_event,12:00,40.000000,40.000000
0.000000,95,flat_missed_event,13:00,40.000000,40.000000
0.000000,95,flat_missed_event,14:00,40.000000,40.000000
0.000000,95,flat_missed_event,15:00,40.000000,40.000000
0.000000,95,flat_missed_event,16:00,40.000000,40.000000
0.000000,95,flat_missed_event,17:00,40.000000,40.000000
0.000000,95,flat_missed_event,18:00,40.000000,40.000000
0.000000,95,flat_missed_event,19:00,40.000000,40.000000
0.000000,95,flat_missed_event,20:00,40.000000,40.000000
0.000000,95,flat_missed_event,21:00,40.000000,40.000000
0.000000,95,flat_missed_event,22:00,40.000000,40.000000
0.000000,95,flat_missed_event,23:00,40.000000,40.000000
0.000000,96,evening_peak,00:00,45.000000,45.000000
0.000000,96,evening_peak,01:00,45.000000,45.000000
0.000000,96,evening_peak,02:00,45.000000,45.000000
0.000000,96,evening_peak,03:00,45.000000,45.000000
0.000000,96,evening_peak,04:00,45.000000,45.000000
0.000000,96,evening_peak,05:00,45.000000,45.000000
0.000000,96,evening_peak,06:00,45.000000,45.000000
0.000000,96,evening_peak,07:00,45.000000,45.000000
0.000000,96,evening_peak,08:00,45.000000,45.000000
0.000000,96,evening_peak,09:00,15.000000,15.000000
0.000000,96,evening_peak,10:00,15.000000,15.000000
0.000000,96,evening_peak,11:00,15.000000,15.000000
0.000000,96,evening_peak,12:00,15.000000,15.000000
0.000000,96,evening_peak,13:00,15.000000,15.000000
0.000000,96,evening_peak,14:00,45.000000,45.000000
0.000000,96,evening_peak,15:00,45.000000,45.000000
0.000000,96,evening_peak,16:00,45.000000,45.000000
0.000000,96,evening_peak,17:00,45.000000,45.000000
0.000000,96,evening_peak,18:00,100.000000,100.000000
0.000000,96,evening_peak,19:00,100.000000,100.000000
0.000000,96,evening_peak,20:00,100.000000,100.000000
0.000000,96,evening_peak,21:00,100.000000,100.000000
0.000000,96,evening_peak,22:00,100.000000,100.000000
0.000000,96,evening_peak,23:00,45.000000,45.000000
0.000000,97,scarcity_peak,00:00,45.000000,45.000000
0.000000,97,scarcity_peak,01:00,45.000000,45.000000
0.000000,97,scarcity_peak,02:00,45.000000,45.000000
0.000000,97,scarcity_peak,03:00,45.000000,45.000000
0.000000,97,scarcity_peak,04:00,45.000000,45.000000
0.000000,97,scarcity_peak,05:00,45.000000,45.000000
0.000000,97,scarcity_peak,06:00,45.000000,45.000000
0.000000,97,scarcity_peak,07:00,45.000000,45.000000
0.000000,97,scarcity_peak,08:00,45.000000,45.000000
0.000000,97,scarcity_peak,09:00,15.000000,15.000000
0.000000,97,scarcity_peak,10:00,15.000000,15.000000
0.000000,97,scarcity_peak,11:00,15.000000,15.000000
0.000000,97,scarcity_peak,12:00,15.000000,15.000000
0.000000,97,scarcity_peak,13:00,15.000000,15.000000
0.000000,97,scarcity_peak,14:00,45.000000,45.000000
0.000000,97,scarcity_peak,15:00,45.000000,45.000000
0.000000,97,scarcity_peak,16:00,45.000000,45.000000
0.000000,97,scarcity_peak,17:00,45.000000,45.000000
0.000000,97,scarcity_peak,18:00,100.000000,100.000000
0.000000,97,scarcity_peak,19:00,100.000000,100.000000
0.000000,97,scarcity_peak,20:00,400.000000,400.000000
0.000000,97,scarcity_peak,21:00,100.000000,100.000000
0.000000,97,scarcity_peak,22:00,100.000000,100.000000
0.000000,97,scarcity_peak,23:00,45.000000,45.000000
0.000000,98,negative_midday,00:00,45.000000,45.000000
0.000000,98,negative_midday,01:00,45.000000,45.000000
0.000000,98,negative_midday,02:00,45.000000,45.000000
0.000000,98,negative_midday,03:00,45.000000,45.000000
0.000000,98,negative_midday,04:00,45.000000,45.000000
0.000000,98,negative_midday,05:00,45.000000,45.000000
0.000000,98,negative_midday,06:00,45.000000,45.000000
0.000000,98,negative_midday,07:00,45.000000,45.000000
0.000000,98,negative_midday,08:00,45.000000,45.000000
0.000000,98,negative_midday,09:00,15.000000,15.000000
0.000000,98,negative_midday,10:00,-30.000000,-30.000000
0.000000,98,negative_midday,11:00,-30.000000,-30.000000
0.000000,98,negative_midday,12:00,-30.000000,-30.000000
0.000000,98,negative_midday,13:00,15.000000,15.000000
0.000000,98,negative_midday,14:00,45.000000,45.000000
0.000000,98,negative_midday,15:00,45.000000,45.000000
0.000000,98,negative_midday,16:00,45.000000,45.000000
0.000000,98,negative_midday,17:00,45.000000,45.000000
0.000000,98,negative_midday,18:00,100.000000,100.000000
0.000000,98,negative_midday,19:00,100.000000,100.000000
0.000000,98,negative_midday,20:00,100.000000,100.000000
0.000000,98,negative_midday,21:00,100.000000,100.000000
0.000000,98,negative_midday,22:00,100.000000,100.000000
0.000000,98,negative_midday,23:00,45.000000,45.000000
0.000000,99,flat_missed_event,00:00,40.000000,40.000000
0.000000,99,flat_missed_event,01:00,40.000000,40.000000
0.000000,99,flat_missed_event,02:00,40.000000,40.000000
0.000000,99,flat_missed_event,03:00,40.000000,40.000000
0.000000,99,flat_missed_event,04:00,40.000000,40.000000
0.000000,99,flat_missed_event,05:00,40.000000,40.000000
0.000000,99,flat_missed_event,06:00,40.000000,40.000000
0.000000,99,flat_missed_event,07:00,40.000000,40.000000
0.000000,99,flat_missed_event,08:00,40.000000,40.000000
0.000000,99,flat_missed_event,09:00,40.000000,40.000000
0.000000,99,flat_missed_event,10:00,40.000000,40.000000
0.000000,99,flat_missed_event,11:00,40.000000,40.000000
0.000000,99,flat_missed_event,12:00,40.000000,40.000000
0.000000,99,flat_missed_event,13:00,40.000000,40.000000
0.000000,99,flat_missed_event,14:00,40.000000,40.000000
0.000000,99,flat_missed_event,15:00,40.000000,40.000000
0.000000,99,flat_missed_event,16:00,40.000000,40.000000
0.000000,99,flat_missed_event,17:00,40.000000,40.000000
0.000000,99,flat_missed_event,18:00,40.000000,40.000000
0.000000,99,flat_missed_event,19:00,40.000000,40.000000
0.000000,99,flat_missed_event,20:00,40.000000,40.000000
0.000000,99,flat_missed_event,21:00,40.000000,40.000000
0.000000,99,flat_missed_event,22:00,40.000000,40.000000
0.000000,99,flat_missed_event,23:00,40.000000,40.000000
0.000000,100,evening_peak,00:00,45.000000,45.000000
0.000000,100,evening_peak,01:00,45.000000,45.000000
0.000000,100,evening_peak,02:00,45.000000,45.000000
0.000000,100,evening_peak,03:00,45.000000,45.000000
0.000000,100,evening_peak,04:00,45.000000,45.000000
0.000000,100,evening_peak,05:00,45.000000,45.000000
0.000000,100,evening_peak,06:00,45.000000,45.000000
0.000000,100,evening_peak,07:00,45.000000,45.000000
0.000000,100,evening_peak,08:00,45.000000,45.000000
0.000000,100,evening_peak,09:00,15.000000,15.000000
0.000000,100,evening_peak,10:00,15.000000,15.000000
0.000000,100,evening_peak,11:00,15.000000,15.000000
0.000000,100,evening_peak,12:00,15.000000,15.000000
0.000000,100,evening_peak,13:00,15.000000,15.000000
0.000000,100,evening_peak,14:00,45.000000,45.000000
0.000000,100,evening_peak,15:00,45.000000,45.000000
0.000000,100,evening_peak,16:00,45.000000,45.000000
0.000000,100,evening_peak,17:00,45.000000,45.000000
0.000000,100,evening_peak,18:00,100.000000,100.000000
0.000000,100,evening_peak,19:00,100.000000,100.000000
0.000000,100,evening_peak,20:00,100.000000,100.000000
0.000000,100,evening_peak,21:00,100.000000,100.000000
0.000000,100,evening_peak,22:00,100.000000,100.000000
0.000000,100,evening_peak,23:00,45.000000,45.000000
0.000000,101,scarcity_peak,00:00,45.000000,45.000000
0.000000,101,scarcity_peak,01:00,45.000000,45.000000
0.000000,101,scarcity_peak,02:00,45.000000,45.000000
0.000000,101,scarcity_peak,03:00,45.000000,45.000000
0.000000,101,scarcity_peak,04:00,45.000000,45.000000
0.000000,101,scarcity_peak,05:00,45.000000,45.000000
0.000000,101,scarcity_peak,06:00,45.000000,45.000000
0.000000,101,scarcity_peak,07:00,45.000000,45.000000
0.000000,101,scarcity_peak,08:00,45.000000,45.000000
0.000000,101,scarcity_peak,09:00,15.000000,15.000000
0.000000,101,scarcity_peak,10:00,15.000000,15.000000
0.000000,101,scarcity_peak,11:00,15.000000,15.000000
0.000000,101,scarcity_peak,12:00,15.000000,15.000000
0.000000,101,scarcity_peak,13:00,15.000000,15.000000
0.000000,101,scarcity_peak,14:00,45.000000,45.000000
0.000000,101,scarcity_peak,15:00,45.000000,45.000000
0.000000,101,scarcity_peak,16:00,45.000000,45.000000
0.000000,101,scarcity_peak,17:00,45.000000,45.000000
0.000000,101,scarcity_peak,18:00,100.000000,100.000000
0.000000,101,scarcity_peak,19:00,100.000000,100.000000
0.000000,101,scarcity_peak,20:00,400.000000,400.000000
0.000000,101,scarcity_peak,21:00,100.000000,100.000000
0.000000,101,scarcity_peak,22:00,100.000000,100.000000
0.000000,101,scarcity_peak,23:00,45.000000,45.000000
0.000000,102,negative_midday,00:00,45.000000,45.000000
0.000000,102,negative_midday,01:00,45.000000,45.000000
0.000000,102,negative_midday,02:00,45.000000,45.000000
0.000000,102,negative_midday,03:00,45.000000,45.000000
0.000000,102,negative_midday,04:00,45.000000,45.000000
0.000000,102,negative_midday,05:00,45.000000,45.000000
0.000000,102,negative_midday,06:00,45.000000,45.000000
0.000000,102,negative_midday,07:00,45.000000,45.000000
0.000000,102,negative_midday,08:00,45.000000,45.000000
0.000000,102,negative_midday,09:00,15.000000,15.000000
0.000000,102,negative_midday,10:00,-30.000000,-30.000000
0.000000,102,negative_midday,11:00,-30.000000,-30.000000
0.000000,102,negative_midday,12:00,-30.000000,-30.000000
0.000000,102,negative_midday,13:00,15.000000,15.000000
0.000000,102,negative_midday,14:00,45.000000,45.000000
0.000000,102,negative_midday,15:00,45.000000,45.000000
0.000000,102,negative_midday,16:00,45.000000,45.000000
0.000000,102,negative_midday,17:00,45.000000,45.000000
0.000000,102,negative_midday,18:00,100.000000,100.000000
0.000000,102,negative_midday,19:00,100.000000,100.000000
0.000000,102,negative_midday,20:00,100.000000,100.000000
0.000000,102,negative_midday,21:00,100.000000,100.000000
0.000000,102,negative_midday,22:00,100.000000,100.000000
0.000000,102,negative_midday,23:00,45.000000,45.000000
0.000000,103,flat_missed_event,00:00,40.000000,40.000000
0.000000,103,flat_missed_event,01:00,40.000000,40.000000
0.000000,103,flat_missed_event,02:00,40.000000,40.000000
0.000000,103,flat_missed_event,03:00,40.000000,40.000000
0.000000,103,flat_missed_event,04:00,40.000000,40.000000
0.000000,103,flat_missed_event,05:00,40.000000,40.000000
0.000000,103,flat_missed_event,06:00,40.000000,40.000000
0.000000,103,flat_missed_event,07:00,40.000000,40.000000
0.000000,103,flat_missed_event,08:00,40.000000,40.000000
0.000000,103,flat_missed_event,09:00,40.000000,40.000000
0.000000,103,flat_missed_event,10:00,40.000000,40.000000
0.000000,103,flat_missed_event,11:00,40.000000,40.000000
0.000000,103,flat_missed_event,12:00,40.000000,40.000000
0.000000,103,flat_missed_event,13:00,40.000000,40.000000
0.000000,103,flat_missed_event,14:00,40.000000,40.000000
0.000000,103,flat_missed_event,15:00,40.000000,40.000000
0.000000,103,flat_missed_event,16:00,40.000000,40.000000
0.000000,103,flat_missed_event,17:00,40.000000,40.000000
0.000000,103,flat_missed_event,18:00,40.000000,40.000000
0.000000,103,flat_missed_event,19:00,40.000000,40.000000
0.000000,103,flat_missed_event,20:00,40.000000,40.000000
0.000000,103,flat_missed_event,21:00,40.000000,40.000000
0.000000,103,flat_missed_event,22:00,40.000000,40.000000
0.000000,103,flat_missed_event,23:00,40.000000,40.000000
0.000000,104,evening_peak,00:00,45.000000,45.000000
0.000000,104,evening_peak,01:00,45.000000,45.000000
0.000000,104,evening_peak,02:00,45.000000,45.000000
0.000000,104,evening_peak,03:00,45.000000,45.000000
0.000000,104,evening_peak,04:00,45.000000,45.000000
0.000000,104,evening_peak,05:00,45.000000,45.000000
0.000000,104,evening_peak,06:00,45.000000,45.000000
0.000000,104,evening_peak,07:00,45.000000,45.000000
0.000000,104,evening_peak,08:00,45.000000,45.000000
0.000000,104,evening_peak,09:00,15.000000,15.000000
0.000000,104,evening_peak,10:00,15.000000,15.000000
0.000000,104,evening_peak,11:00,15.000000,15.000000
0.000000,104,evening_peak,12:00,15.000000,15.000000
0.000000,104,evening_peak,13:00,15.000000,15.000000
0.000000,104,evening_peak,14:00,45.000000,45.000000
0.000000,104,evening_peak,15:00,45.000000,45.000000
0.000000,104,evening_peak,16:00,45.000000,45.000000
0.000000,104,evening_peak,17:00,45.000000,45.000000
0.000000,104,evening_peak,18:00,100.000000,100.000000
0.000000,104,evening_peak,19:00,100.000000,100.000000
0.000000,104,evening_peak,20:00,100.000000,100.000000
0.000000,104,evening_peak,21:00,100.000000,100.000000
0.000000,104,evening_peak,22:00,100.000000,100.000000
0.000000,104,evening_peak,23:00,45.000000,45.000000
0.000000,105,scarcity_peak,00:00,45.000000,45.000000
0.000000,105,scarcity_peak,01:00,45.000000,45.000000
0.000000,105,scarcity_peak,02:00,45.000000,45.000000
0.000000,105,scarcity_peak,03:00,45.000000,45.000000
0.000000,105,scarcity_peak,04:00,45.000000,45.000000
0.000000,105,scarcity_peak,05:00,45.000000,45.000000
0.000000,105,scarcity_peak,06:00,45.000000,45.000000
0.000000,105,scarcity_peak,07:00,45.000000,45.000000
0.000000,105,scarcity_peak,08:00,45.000000,45.000000
0.000000,105,scarcity_peak,09:00,15.000000,15.000000
0.000000,105,scarcity_peak,10:00,15.000000,15.000000
0.000000,105,scarcity_peak,11:00,15.000000,15.000000
0.000000,105,scarcity_peak,12:00,15.000000,15.000000
0.000000,105,scarcity_peak,13:00,15.000000,15.000000
0.000000,105,scarcity_peak,14:00,45.000000,45.000000
0.000000,105,scarcity_peak,15:00,45.000000,45.000000
0.000000,105,scarcity_peak,16:00,45.000000,45.000000
0.000000,105,scarcity_peak,17:00,45.000000,45.000000
0.000000,105,scarcity_peak,18:00,100.000000,100.000000
0.000000,105,scarcity_peak,19:00,100.000000,100.000000
0.000000,105,scarcity_peak,20:00,400.000000,400.000000
0.000000,105,scarcity_peak,21:00,100.000000,100.000000
0.000000,105,scarcity_peak,22:00,100.000000,100.000000
0.000000,105,scarcity_peak,23:00,45.000000,45.000000
0.000000,106,negative_midday,00:00,45.000000,45.000000
0.000000,106,negative_midday,01:00,45.000000,45.000000
0.000000,106,negative_midday,02:00,45.000000,45.000000
0.000000,106,negative_midday,03:00,45.000000,45.000000
0.000000,106,negative_midday,04:00,45.000000,45.000000
0.000000,106,negative_midday,05:00,45.000000,45.000000
0.000000,106,negative_midday,06:00,45.000000,45.000000
0.000000,106,negative_midday,07:00,45.000000,45.000000
0.000000,106,negative_midday,08:00,45.000000,45.000000
0.000000,106,negative_midday,09:00,15.000000,15.000000
0.000000,106,negative_midday,10:00,-30.000000,-30.000000
0.000000,106,negative_midday,11:00,-30.000000,-30.000000
0.000000,106,negative_midday,12:00,-30.000000,-30.000000
0.000000,106,negative_midday,13:00,15.000000,15.000000
0.000000,106,negative_midday,14:00,45.000000,45.000000
0.000000,106,negative_midday,15:00,45.000000,45.000000
0.000000,106,negative_midday,16:00,45.000000,45.000000
0.000000,106,negative_midday,17:00,45.000000,45.000000
0.000000,106,negative_midday,18:00,100.000000,100.000000
0.000000,106,negative_midday,19:00,100.000000,100.000000
0.000000,106,negative_midday,20:00,100.000000,100.000000
0.000000,106,negative_midday,21:00,100.000000,100.000000
0.000000,106,negative_midday,22:00,100.000000,100.000000
0.000000,106,negative_midday,23:00,45.000000,45.000000
0.000000,107,flat_missed_event,00:00,40.000000,40.000000
0.000000,107,flat_missed_event,01:00,40.000000,40.000000
0.000000,107,flat_missed_event,02:00,40.000000,40.000000
0.000000,107,flat_missed_event,03:00,40.000000,40.000000
0.000000,107,flat_missed_event,04:00,40.000000,40.000000
0.000000,107,flat_missed_event,05:00,40.000000,40.000000
0.000000,107,flat_missed_event,06:00,40.000000,40.000000
0.000000,107,flat_missed_event,07:00,40.000000,40.000000
0.000000,107,flat_missed_event,08:00,40.000000,40.000000
0.000000,107,flat_missed_event,09:00,40.000000,40.000000
0.000000,107,flat_missed_event,10:00,40.000000,40.000000
0.000000,107,flat_missed_event,11:00,40.000000,40.000000
0.000000,107,flat_missed_event,12:00,40.000000,40.000000
0.000000,107,flat_missed_event,13:00,40.000000,40.000000
0.000000,107,flat_missed_event,14:00,40.000000,40.000000
0.000000,107,flat_missed_event,15:00,40.000000,40.000000
0.000000,107,flat_missed_event,16:00,40.000000,40.000000
0.000000,107,flat_missed_event,17:00,40.000000,40.000000
0.000000,107,flat_missed_event,18:00,40.000000,40.000000
0.000000,107,flat_missed_event,19:00,40.000000,40.000000
0.000000,107,flat_missed_event,20:00,40.000000,40.000000
0.000000,107,flat_missed_event,21:00,40.000000,40.000000
0.000000,107,flat_missed_event,22:00,40.000000,40.000000
0.000000,107,flat_missed_event,23:00,40.000000,40.000000
0.000000,108,evening_peak,00:00,45.000000,45.000000
0.000000,108,evening_peak,01:00,45.000000,45.000000
0.000000,108,evening_peak,02:00,45.000000,45.000000
0.000000,108,evening_peak,03:00,45.000000,45.000000
0.000000,108,evening_peak,04:00,45.000000,45.000000
0.000000,108,evening_peak,05:00,45.000000,45.000000
0.000000,108,evening_peak,06:00,45.000000,45.000000
0.000000,108,evening_peak,07:00,45.000000,45.000000
0.000000,108,evening_peak,08:00,45.000000,45.000000
0.000000,108,evening_peak,09:00,15.000000,15.000000
0.000000,108,evening_peak,10:00,15.000000,15.000000
0.000000,108,evening_peak,11:00,15.000000,15.000000
0.000000,108,evening_peak,12:00,15.000000,15.000000
0.000000,108,evening_peak,13:00,15.000000,15.000000
0.000000,108,evening_peak,14:00,45.000000,45.000000
0.000000,108,evening_peak,15:00,45.000000,45.000000
0.000000,108,evening_peak,16:00,45.000000,45.000000
0.000000,108,evening_peak,17:00,45.000000,45.000000
0.000000,108,evening_peak,18:00,100.000000,100.000000
0.000000,108,evening_peak,19:00,100.000000,100.000000
0.000000,108,evening_peak,20:00,100.000000,100.000000
0.000000,108,evening_peak,21:00,100.000000,100.000000
0.000000,108,evening_peak,22:00,100.000000,100.000000
0.000000,108,evening_peak,23:00,45.000000,45.000000
0.000000,109,scarcity_peak,00:00,45.000000,45.000000
0.000000,109,scarcity_peak,01:00,45.000000,45.000000
0.000000,109,scarcity_peak,02:00,45.000000,45.000000
0.000000,109,scarcity_peak,03:00,45.000000,45.000000
0.000000,109,scarcity_peak,04:00,45.000000,45.000000
0.000000,109,scarcity_peak,05:00,45.000000,45.000000
0.000000,109,scarcity_peak,06:00,45.000000,45.000000
0.000000,109,scarcity_peak,07:00,45.000000,45.000000
0.000000,109,scarcity_peak,08:00,45.000000,45.000000
0.000000,109,scarcity_peak,09:00,15.000000,15.000000
0.000000,109,scarcity_peak,10:00,15.000000,15.000000
0.000000,109,scarcity_peak,11:00,15.000000,15.000000
0.000000,109,scarcity_peak,12:00,15.000000,15.000000
0.000000,109,scarcity_peak,13:00,15.000000,15.000000
0.000000,109,scarcity_peak,14:00,45.000000,45.000000
0.000000,109,scarcity_peak,15:00,45.000000,45.000000
0.000000,109,scarcity_peak,16:00,45.000000,45.000000
0.000000,109,scarcity_peak,17:00,45.000000,45.000000
0.000000,109,scarcity_peak,18:00,100.000000,100.000000
0.000000,109,scarcity_peak,19:00,100.000000,100.000000
0.000000,109,scarcity_peak,20:00,400.000000,400.000000
0.000000,109,scarcity_peak,21:00,100.000000,100.000000
0.000000,109,scarcity_peak,22:00,100.000000,100.000000
0.000000,109,scarcity_peak,23:00,45.000000,45.000000
0.000000,110,negative_midday,00:00,45.000000,45.000000
0.000000,110,negative_midday,01:00,45.000000,45.000000
0.000000,110,negative_midday,02:00,45.000000,45.000000
0.000000,110,negative_midday,03:00,45.000000,45.000000
0.000000,110,negative_midday,04:00,45.000000,45.000000
0.000000,110,negative_midday,05:00,45.000000,45.000000
0.000000,110,negative_midday,06:00,45.000000,45.000000
0.000000,110,negative_midday,07:00,45.000000,45.000000
0.000000,110,negative_midday,08:00,45.000000,45.000000
0.000000,110,negative_midday,09:00,15.000000,15.000000
0.000000,110,negative_midday,10:00,-30.000000,-30.000000
0.000000,110,negative_midday,11:00,-30.000000,-30.000000
0.000000,110,negative_midday,12:00,-30.000000,-30.000000
0.000000,110,negative_midday,13:00,15.000000,15.000000
0.000000,110,negative_midday,14:00,45.000000,45.000000
0.000000,110,negative_midday,15:00,45.000000,45.000000
0.000000,110,negative_midday,16:00,45.000000,45.000000
0.000000,110,negative_midday,17:00,45.000000,45.000000
0.000000,110,negative_midday,18:00,100.000000,100.000000
0.000000,110,negative_midday,19:00,100.000000,100.000000
0.000000,110,negative_midday,20:00,100.000000,100.000000
0.000000,110,negative_midday,21:00,100.000000,100.000000
0.000000,110,negative_midday,22:00,100.000000,100.000000
0.000000,110,negative_midday,23:00,45.000000,45.000000
0.000000,111,flat_missed_event,00:00,40.000000,40.000000
0.000000,111,flat_missed_event,01:00,40.000000,40.000000
0.000000,111,flat_missed_event,02:00,40.000000,40.000000
0.000000,111,flat_missed_event,03:00,40.000000,40.000000
0.000000,111,flat_missed_event,04:00,40.000000,40.000000
0.000000,111,flat_missed_event,05:00,40.000000,40.000000
0.000000,111,flat_missed_event,06:00,40.000000,40.000000
0.000000,111,flat_missed_event,07:00,40.000000,40.000000
0.000000,111,flat_missed_event,08:00,40.000000,40.000000
0.000000,111,flat_missed_event,09:00,40.000000,40.000000
0.000000,111,flat_missed_event,10:00,40.000000,40.000000
0.000000,111,flat_missed_event,11:00,40.000000,40.000000
0.000000,111,flat_missed_event,12:00,40.000000,40.000000
0.000000,111,flat_missed_event,13:00,40.000000,40.000000
0.000000,111,flat_missed_event,14:00,40.000000,40.000000
0.000000,111,flat_missed_event,15:00,40.000000,40.000000
0.000000,111,flat_missed_event,16:00,40.000000,40.000000
0.000000,111,flat_missed_event,17:00,40.000000,40.000000
0.000000,111,flat_missed_event,18:00,40.000000,40.000000
0.000000,111,flat_missed_event,19:00,40.000000,40.000000
0.000000,111,flat_missed_event,20:00,40.000000,40.000000
0.000000,111,flat_missed_event,21:00,40.000000,40.000000
0.000000,111,flat_missed_event,22:00,40.000000,40.000000
0.000000,111,flat_missed_event,23:00,40.000000,40.000000
0.000000,112,evening_peak,00:00,45.000000,45.000000
0.000000,112,evening_peak,01:00,45.000000,45.000000
0.000000,112,evening_peak,02:00,45.000000,45.000000
0.000000,112,evening_peak,03:00,45.000000,45.000000
0.000000,112,evening_peak,04:00,45.000000,45.000000
0.000000,112,evening_peak,05:00,45.000000,45.000000
0.000000,112,evening_peak,06:00,45.000000,45.000000
0.000000,112,evening_peak,07:00,45.000000,45.000000
0.000000,112,evening_peak,08:00,45.000000,45.000000
0.000000,112,evening_peak,09:00,15.000000,15.000000
0.000000,112,evening_peak,10:00,15.000000,15.000000
0.000000,112,evening_peak,11:00,15.000000,15.000000
0.000000,112,evening_peak,12:00,15.000000,15.000000
0.000000,112,evening_peak,13:00,15.000000,15.000000
0.000000,112,evening_peak,14:00,45.000000,45.000000
0.000000,112,evening_peak,15:00,45.000000,45.000000
0.000000,112,evening_peak,16:00,45.000000,45.000000
0.000000,112,evening_peak,17:00,45.000000,45.000000
0.000000,112,evening_peak,18:00,100.000000,100.000000
0.000000,112,evening_peak,19:00,100.000000,100.000000
0.000000,112,evening_peak,20:00,100.000000,100.000000
0.000000,112,evening_peak,21:00,100.000000,100.000000
0.000000,112,evening_peak,22:00,100.000000,100.000000
0.000000,112,evening_peak,23:00,45.000000,45.000000
0.000000,113,scarcity_peak,00:00,45.000000,45.000000
0.000000,113,scarcity_peak,01:00,45.000000,45.000000
0.000000,113,scarcity_peak,02:00,45.000000,45.000000
0.000000,113,scarcity_peak,03:00,45.000000,45.000000
0.000000,113,scarcity_peak,04:00,45.000000,45.000000
0.000000,113,scarcity_peak,05:00,45.000000,45.000000
0.000000,113,scarcity_peak,06:00,45.000000,45.000000
0.000000,113,scarcity_peak,07:00,45.000000,45.000000
0.000000,113,scarcity_peak,08:00,45.000000,45.000000
0.000000,113,scarcity_peak,09:00,15.000000,15.000000
0.000000,113,scarcity_peak,10:00,15.000000,15.000000
0.000000,113,scarcity_peak,11:00,15.000000,15.000000
0.000000,113,scarcity_peak,12:00,15.000000,15.000000
0.000000,113,scarcity_peak,13:00,15.000000,15.000000
0.000000,113,scarcity_peak,14:00,45.000000,45.000000
0.000000,113,scarcity_peak,15:00,45.000000,45.000000
0.000000,113,scarcity_peak,16:00,45.000000,45.000000
0.000000,113,scarcity_peak,17:00,45.000000,45.000000
0.000000,113,scarcity_peak,18:00,100.000000,100.000000
0.000000,113,scarcity_peak,19:00,100.000000,100.000000
0.000000,113,scarcity_peak,20:00,400.000000,400.000000
0.000000,113,scarcity_peak,21:00,100.000000,100.000000
0.000000,113,scarcity_peak,22:00,100.000000,100.000000
0.000000,113,scarcity_peak,23:00,45.000000,45.000000
0.000000,114,negative_midday,00:00,45.000000,45.000000
0.000000,114,negative_midday,01:00,45.000000,45.000000
0.000000,114,negative_midday,02:00,45.000000,45.000000
0.000000,114,negative_midday,03:00,45.000000,45.000000
0.000000,114,negative_midday,04:00,45.000000,45.000000
0.000000,114,negative_midday,05:00,45.000000,45.000000
0.000000,114,negative_midday,06:00,45.000000,45.000000
0.000000,114,negative_midday,07:00,45.000000,45.000000
0.000000,114,negative_midday,08:00,45.000000,45.000000
0.000000,114,negative_midday,09:00,15.000000,15.000000
0.000000,114,negative_midday,10:00,-30.000000,-30.000000
0.000000,114,negative_midday,11:00,-30.000000,-30.000000
0.000000,114,negative_midday,12:00,-30.000000,-30.000000
0.000000,114,negative_midday,13:00,15.000000,15.000000
0.000000,114,negative_midday,14:00,45.000000,45.000000
0.000000,114,negative_midday,15:00,45.000000,45.000000
0.000000,114,negative_midday,16:00,45.000000,45.000000
0.000000,114,negative_midday,17:00,45.000000,45.000000
0.000000,114,negative_midday,18:00,100.000000,100.000000
0.000000,114,negative_midday,19:00,100.000000,100.000000
0.000000,114,negative_midday,20:00,100.000000,100.000000
0.000000,114,negative_midday,21:00,100.000000,100.000000
0.000000,114,negative_midday,22:00,100.000000,100.000000
0.000000,114,negative_midday,23:00,45.000000,45.000000
0.000000,115,flat_missed_event,00:00,40.000000,40.000000
0.000000,115,flat_missed_event,01:00,40.000000,40.000000
0.000000,115,flat_missed_event,02:00,40.000000,40.000000
0.000000,115,flat_missed_event,03:00,40.000000,40.000000
0.000000,115,flat_missed_event,04:00,40.000000,40.000000
0.000000,115,flat_missed_event,05:00,40.000000,40.000000
0.000000,115,flat_missed_event,06:00,40.000000,40.000000
0.000000,115,flat_missed_event,07:00,40.000000,40.000000
0.000000,115,flat_missed_event,08:00,40.000000,40.000000
0.000000,115,flat_missed_event,09:00,40.000000,40.000000
0.000000,115,flat_missed_event,10:00,40.000000,40.000000
0.000000,115,flat_missed_event,11:00,40.000000,40.000000
0.000000,115,flat_missed_event,12:00,40.000000,40.000000
0.000000,115,flat_missed_event,13:00,40.000000,40.000000
0.000000,115,flat_missed_event,14:00,40.000000,40.000000
0.000000,115,flat_missed_event,15:00,40.000000,40.000000
0.000000,115,flat_missed_event,16:00,40.000000,40.000000
0.000000,115,flat_missed_event,17:00,40.000000,40.000000
0.000000,115,flat_missed_event,18:00,40.000000,40.000000
0.000000,115,flat_missed_event,19:00,40.000000,40.000000
0.000000,115,flat_missed_event,20:00,40.000000,40.000000
0.000000,115,flat_missed_event,21:00,40.000000,40.000000
0.000000,115,flat_missed_event,22:00,40.000000,40.000000
0.000000,115,flat_missed_event,23:00,40.000000,40.000000
0.000000,116,evening_peak,00:00,45.000000,45.000000
0.000000,116,evening_peak,01:00,45.000000,45.000000
0.000000,116,evening_peak,02:00,45.000000,45.000000
0.000000,116,evening_peak,03:00,45.000000,45.000000
0.000000,116,evening_peak,04:00,45.000000,45.000000
0.000000,116,evening_peak,05:00,45.000000,45.000000
0.000000,116,evening_peak,06:00,45.000000,45.000000
0.000000,116,evening_peak,07:00,45.000000,45.000000
0.000000,116,evening_peak,08:00,45.000000,45.000000
0.000000,116,evening_peak,09:00,15.000000,15.000000
0.000000,116,evening_peak,10:00,15.000000,15.000000
0.000000,116,evening_peak,11:00,15.000000,15.000000
0.000000,116,evening_peak,12:00,15.000000,15.000000
0.000000,116,evening_peak,13:00,15.000000,15.000000
0.000000,116,evening_peak,14:00,45.000000,45.000000
0.000000,116,evening_peak,15:00,45.000000,45.000000
0.000000,116,evening_peak,16:00,45.000000,45.000000
0.000000,116,evening_peak,17:00,45.000000,45.000000
0.000000,116,evening_peak,18:00,100.000000,100.000000
0.000000,116,evening_peak,19:00,100.000000,100.000000
0.000000,116,evening_peak,20:00,100.000000,100.000000
0.000000,116,evening_peak,21:00,100.000000,100.000000
0.000000,116,evening_peak,22:00,100.000000,100.000000
0.000000,116,evening_peak,23:00,45.000000,45.000000
0.000000,117,scarcity_peak,00:00,45.000000,45.000000
0.000000,117,scarcity_peak,01:00,45.000000,45.000000
0.000000,117,scarcity_peak,02:00,45.000000,45.000000
0.000000,117,scarcity_peak,03:00,45.000000,45.000000
0.000000,117,scarcity_peak,04:00,45.000000,45.000000
0.000000,117,scarcity_peak,05:00,45.000000,45.000000
0.000000,117,scarcity_peak,06:00,45.000000,45.000000
0.000000,117,scarcity_peak,07:00,45.000000,45.000000
0.000000,117,scarcity_peak,08:00,45.000000,45.000000
0.000000,117,scarcity_peak,09:00,15.000000,15.000000
0.000000,117,scarcity_peak,10:00,15.000000,15.000000
0.000000,117,scarcity_peak,11:00,15.000000,15.000000
0.000000,117,scarcity_peak,12:00,15.000000,15.000000
0.000000,117,scarcity_peak,13:00,15.000000,15.000000
0.000000,117,scarcity_peak,14:00,45.000000,45.000000
0.000000,117,scarcity_peak,15:00,45.000000,45.000000
0.000000,117,scarcity_peak,16:00,45.000000,45.000000
0.000000,117,scarcity_peak,17:00,45.000000,45.000000
0.000000,117,scarcity_peak,18:00,100.000000,100.000000
0.000000,117,scarcity_peak,19:00,100.000000,100.000000
0.000000,117,scarcity_peak,20:00,400.000000,400.000000
0.000000,117,scarcity_peak,21:00,100.000000,100.000000
0.000000,117,scarcity_peak,22:00,100.000000,100.000000
0.000000,117,scarcity_peak,23:00,45.000000,45.000000
0.000000,118,negative_midday,00:00,45.000000,45.000000
0.000000,118,negative_midday,01:00,45.000000,45.000000
0.000000,118,negative_midday,02:00,45.000000,45.000000
0.000000,118,negative_midday,03:00,45.000000,45.000000
0.000000,118,negative_midday,04:00,45.000000,45.000000
0.000000,118,negative_midday,05:00,45.000000,45.000000
0.000000,118,negative_midday,06:00,45.000000,45.000000
0.000000,118,negative_midday,07:00,45.000000,45.000000
0.000000,118,negative_midday,08:00,45.000000,45.000000
0.000000,118,negative_midday,09:00,15.000000,15.000000
0.000000,118,negative_midday,10:00,-30.000000,-30.000000
0.000000,118,negative_midday,11:00,-30.000000,-30.000000
0.000000,118,negative_midday,12:00,-30.000000,-30.000000
0.000000,118,negative_midday,13:00,15.000000,15.000000
0.000000,118,negative_midday,14:00,45.000000,45.000000
0.000000,118,negative_midday,15:00,45.000000,45.000000
0.000000,118,negative_midday,16:00,45.000000,45.000000
0.000000,118,negative_midday,17:00,45.000000,45.000000
0.000000,118,negative_midday,18:00,100.000000,100.000000
0.000000,118,negative_midday,19:00,100.000000,100.000000
0.000000,118,negative_midday,20:00,100.000000,100.000000
0.000000,118,negative_midday,21:00,100.000000,100.000000
0.000000,118,negative_midday,22:00,100.000000,100.000000
0.000000,118,negative_midday,23:00,45.000000,45.000000
0.000000,119,flat_missed_event,00:00,40.000000,40.000000
0.000000,119,flat_missed_event,01:00,40.000000,40.000000
0.000000,119,flat_missed_event,02:00,40.000000,40.000000
0.000000,119,flat_missed_event,03:00,40.000000,40.000000
0.000000,119,flat_missed_event,04:00,40.000000,40.000000
0.000000,119,flat_missed_event,05:00,40.000000,40.000000
0.000000,119,flat_missed_event,06:00,40.000000,40.000000
0.000000,119,flat_missed_event,07:00,40.000000,40.000000
0.000000,119,flat_missed_event,08:00,40.000000,40.000000
0.000000,119,flat_missed_event,09:00,40.000000,40.000000
0.000000,119,flat_missed_event,10:00,40.000000,40.000000
0.000000,119,flat_missed_event,11:00,40.000000,40.000000
0.000000,119,flat_missed_event,12:00,40.000000,40.000000
0.000000,119,flat_missed_event,13:00,40.000000,40.000000
0.000000,119,flat_missed_event,14:00,40.000000,40.000000
0.000000,119,flat_missed_event,15:00,40.000000,40.000000
0.000000,119,flat_missed_event,16:00,40.000000,40.000000
0.000000,119,flat_missed_event,17:00,40.000000,40.000000
0.000000,119,flat_missed_event,18:00,40.000000,40.000000
0.000000,119,flat_missed_event,19:00,40.000000,40.000000
0.000000,119,flat_missed_event,20:00,40.000000,40.000000
0.000000,119,flat_missed_event,21:00,40.000000,40.000000
0.000000,119,flat_missed_event,22:00,40.000000,40.000000
0.000000,119,flat_missed_event,23:00,40.000000,40.000000
30.000000,0,evening_peak,00:00,45.000000,79.470802
30.000000,0,evening_peak,01:00,45.000000,88.754262
30.000000,0,evening_peak,02:00,45.000000,72.104819
30.000000,0,evening_peak,03:00,45.000000,89.903611
30.000000,0,evening_peak,04:00,45.000000,84.987436
30.000000,0,evening_peak,05:00,45.000000,91.157054
30.000000,0,evening_peak,06:00,45.000000,64.910210
30.000000,0,evening_peak,07:00,45.000000,84.235858
30.000000,0,evening_peak,08:00,45.000000,56.041293
30.000000,0,evening_peak,09:00,15.000000,51.501496
30.000000,0,evening_peak,10:00,15.000000,19.868135
30.000000,0,evening_peak,11:00,15.000000,32.368024
30.000000,0,evening_peak,12:00,15.000000,14.345721
30.000000,0,evening_peak,13:00,15.000000,18.839109
30.000000,0,evening_peak,14:00,45.000000,57.300757
30.000000,0,evening_peak,15:00,45.000000,72.353766
30.000000,0,evening_peak,16:00,45.000000,87.061459
30.000000,0,evening_peak,17:00,45.000000,64.224150
30.000000,0,evening_peak,18:00,100.000000,62.509698
30.000000,0,evening_peak,19:00,100.000000,104.197320
30.000000,0,evening_peak,20:00,100.000000,136.376077
30.000000,0,evening_peak,21:00,100.000000,105.437035
30.000000,0,evening_peak,22:00,100.000000,147.513273
30.000000,0,evening_peak,23:00,45.000000,103.012362
30.000000,1,scarcity_peak,00:00,45.000000,27.487407
30.000000,1,scarcity_peak,01:00,45.000000,62.473866
30.000000,1,scarcity_peak,02:00,45.000000,20.021885
30.000000,1,scarcity_peak,03:00,45.000000,7.235279
30.000000,1,scarcity_peak,04:00,45.000000,38.277642
30.000000,1,scarcity_peak,05:00,45.000000,51.703971
30.000000,1,scarcity_peak,06:00,45.000000,41.625002
30.000000,1,scarcity_peak,07:00,45.000000,57.791825
30.000000,1,scarcity_peak,08:00,45.000000,28.685950
30.000000,1,scarcity_peak,09:00,15.000000,10.829583
30.000000,1,scarcity_peak,10:00,15.000000,17.138031
30.000000,1,scarcity_peak,11:00,15.000000,-9.819049
30.000000,1,scarcity_peak,12:00,15.000000,10.561388
30.000000,1,scarcity_peak,13:00,15.000000,26.135677
30.000000,1,scarcity_peak,14:00,45.000000,2.811997
30.000000,1,scarcity_peak,15:00,45.000000,17.876332
30.000000,1,scarcity_peak,16:00,45.000000,50.154981
30.000000,1,scarcity_peak,17:00,45.000000,7.696585
30.000000,1,scarcity_peak,18:00,100.000000,42.218845
30.000000,1,scarcity_peak,19:00,100.000000,104.126094
30.000000,1,scarcity_peak,20:00,400.000000,106.841478
30.000000,1,scarcity_peak,21:00,100.000000,403.781714
30.000000,1,scarcity_peak,22:00,100.000000,106.192888
30.000000,1,scarcity_peak,23:00,45.000000,63.124618
30.000000,2,negative_midday,00:00,45.000000,88.021787
30.000000,2,negative_midday,01:00,45.000000,48.787765
30.000000,2,negative_midday,02:00,45.000000,51.745034
30.000000,2,negative_midday,03:00,45.000000,35.751021
30.000000,2,negative_midday,04:00,45.000000,41.888769
30.000000,2,negative_midday,05:00,45.000000,47.317772
30.000000,2,negative_midday,06:00,45.000000,34.348799
30.000000,2,negative_midday,07:00,45.000000,60.747143
30.000000,2,negative_midday,08:00,45.000000,90.857601
30.000000,2,negative_midday,09:00,15.000000,89.290232
30.000000,2,negative_midday,10:00,-30.000000,60.588526
30.000000,2,negative_midday,11:00,-30.000000,14.956093
30.000000,2,negative_midday,12:00,-30.000000,14.176902
30.000000,2,negative_midday,13:00,15.000000,-18.273284
30.000000,2,negative_midday,14:00,45.000000,49.478662
30.000000,2,negative_midday,15:00,45.000000,50.080445
30.000000,2,negative_midday,16:00,45.000000,35.672661
30.000000,2,negative_midday,17:00,45.000000,63.370275
30.000000,2,negative_midday,18:00,100.000000,86.993065
30.000000,2,negative_midday,19:00,100.000000,110.687091
30.000000,2,negative_midday,20:00,100.000000,140.404536
30.000000,2,negative_midday,21:00,100.000000,102.484299
30.000000,2,negative_midday,22:00,100.000000,90.791266
30.000000,2,negative_midday,23:00,45.000000,135.588194
30.000000,3,flat_missed_event,00:00,40.000000,33.241616
30.000000,3,flat_missed_event,01:00,40.000000,47.209484
30.000000,3,flat_missed_event,02:00,40.000000,-7.602146
30.000000,3,flat_missed_event,03:00,40.000000,28.294572
30.000000,3,flat_missed_event,04:00,40.000000,-8.142460
30.000000,3,flat_missed_event,05:00,40.000000,25.192130
30.000000,3,flat_missed_event,06:00,40.000000,-2.127765
30.000000,3,flat_missed_event,07:00,40.000000,-1.195513
30.000000,3,flat_missed_event,08:00,40.000000,2.815668
30.000000,3,flat_missed_event,09:00,40.000000,39.566127
30.000000,3,flat_missed_event,10:00,40.000000,22.584068
30.000000,3,flat_missed_event,11:00,40.000000,38.773576
30.000000,3,flat_missed_event,12:00,40.000000,34.648406
30.000000,3,flat_missed_event,13:00,40.000000,-0.338138
30.000000,3,flat_missed_event,14:00,40.000000,35.207090
30.000000,3,flat_missed_event,15:00,40.000000,23.119551
30.000000,3,flat_missed_event,16:00,40.000000,25.361936
30.000000,3,flat_missed_event,17:00,40.000000,144.168046
30.000000,3,flat_missed_event,18:00,40.000000,-4.631923
30.000000,3,flat_missed_event,19:00,40.000000,19.049244
30.000000,3,flat_missed_event,20:00,40.000000,-6.145470
30.000000,3,flat_missed_event,21:00,40.000000,49.773476
30.000000,3,flat_missed_event,22:00,40.000000,45.435068
30.000000,3,flat_missed_event,23:00,40.000000,35.190418
30.000000,4,evening_peak,00:00,45.000000,37.491917
30.000000,4,evening_peak,01:00,45.000000,28.641508
30.000000,4,evening_peak,02:00,45.000000,60.867021
30.000000,4,evening_peak,03:00,45.000000,67.974085
30.000000,4,evening_peak,04:00,45.000000,59.490980
30.000000,4,evening_peak,05:00,45.000000,23.007671
30.000000,4,evening_peak,06:00,45.000000,36.901540
30.000000,4,evening_peak,07:00,45.000000,33.759550
30.000000,4,evening_peak,08:00,45.000000,68.733612
30.000000,4,evening_peak,09:00,15.000000,62.073017
30.000000,4,evening_peak,10:00,15.000000,36.930298
30.000000,4,evening_peak,11:00,15.000000,21.418889
30.000000,4,evening_peak,12:00,15.000000,3.651153
30.000000,4,evening_peak,13:00,15.000000,35.994844
30.000000,4,evening_peak,14:00,45.000000,3.186703
30.000000,4,evening_peak,15:00,45.000000,62.359552
30.000000,4,evening_peak,16:00,45.000000,44.712528
30.000000,4,evening_peak,17:00,45.000000,75.936239
30.000000,4,evening_peak,18:00,100.000000,38.462390
30.000000,4,evening_peak,19:00,100.000000,113.777701
30.000000,4,evening_peak,20:00,100.000000,82.581464
30.000000,4,evening_peak,21:00,100.000000,76.399845
30.000000,4,evening_peak,22:00,100.000000,87.899080
30.000000,4,evening_peak,23:00,45.000000,102.685265
30.000000,5,scarcity_peak,00:00,45.000000,45.327172
30.000000,5,scarcity_peak,01:00,45.000000,18.571804
30.000000,5,scarcity_peak,02:00,45.000000,2.496210
30.000000,5,scarcity_peak,03:00,45.000000,29.888354
30.000000,5,scarcity_peak,04:00,45.000000,14.322963
30.000000,5,scarcity_peak,05:00,45.000000,13.942691
30.000000,5,scarcity_peak,06:00,45.000000,18.290664
30.000000,5,scarcity_peak,07:00,45.000000,-8.330453
30.000000,5,scarcity_peak,08:00,45.000000,40.853793
30.000000,5,scarcity_peak,09:00,15.000000,24.713646
30.000000,5,scarcity_peak,10:00,15.000000,-39.689465
30.000000,5,scarcity_peak,11:00,15.000000,-17.458056
30.000000,5,scarcity_peak,12:00,15.000000,14.283878
30.000000,5,scarcity_peak,13:00,15.000000,-23.224610
30.000000,5,scarcity_peak,14:00,45.000000,-2.674904
30.000000,5,scarcity_peak,15:00,45.000000,4.635974
30.000000,5,scarcity_peak,16:00,45.000000,33.978427
30.000000,5,scarcity_peak,17:00,45.000000,41.337590
30.000000,5,scarcity_peak,18:00,100.000000,22.839298
30.000000,5,scarcity_peak,19:00,100.000000,83.771534
30.000000,5,scarcity_peak,20:00,400.000000,53.208148
30.000000,5,scarcity_peak,21:00,100.000000,352.531191
30.000000,5,scarcity_peak,22:00,100.000000,91.017253
30.000000,5,scarcity_peak,23:00,45.000000,62.213620
30.000000,6,negative_midday,00:00,45.000000,46.343223
30.000000,6,negative_midday,01:00,45.000000,63.188144
30.000000,6,negative_midday,02:00,45.000000,38.505219
30.000000,6,negative_midday,03:00,45.000000,66.153055
30.000000,6,negative_midday,04:00,45.000000,18.538167
30.000000,6,negative_midday,05:00,45.000000,38.191666
30.000000,6,negative_midday,06:00,45.000000,47.100776
30.000000,6,negative_midday,07:00,45.000000,69.995057
30.000000,6,negative_midday,08:00,45.000000,43.493301
30.000000,6,negative_midday,09:00,15.000000,51.512649
30.000000,6,negative_midday,10:00,-30.000000,17.604443
30.000000,6,negative_midday,11:00,-30.000000,-55.907744
30.000000,6,negative_midday,12:00,-30.000000,-35.935608
30.000000,6,negative_midday,13:00,15.000000,-60.949925
30.000000,6,negative_midday,14:00,45.000000,40.795207
30.000000,6,negative_midday,15:00,45.000000,39.188583
30.000000,6,negative_midday,16:00,45.000000,57.005756
30.000000,6,negative_midday,17:00,45.000000,44.766889
30.000000,6,negative_midday,18:00,100.000000,60.682960
30.000000,6,negative_midday,19:00,100.000000,90.749277
30.000000,6,negative_midday,20:00,100.000000,87.371116
30.000000,6,negative_midday,21:00,100.000000,112.702449
30.000000,6,negative_midday,22:00,100.000000,109.880354
30.000000,6,negative_midday,23:00,45.000000,82.784875
30.000000,7,flat_missed_event,00:00,40.000000,51.731424
30.000000,7,flat_missed_event,01:00,40.000000,33.078551
30.000000,7,flat_missed_event,02:00,40.000000,35.207563
30.000000,7,flat_missed_event,03:00,40.000000,52.213693
30.000000,7,flat_missed_event,04:00,40.000000,87.980257
30.000000,7,flat_missed_event,05:00,40.000000,75.769962
30.000000,7,flat_missed_event,06:00,40.000000,87.741488
30.000000,7,flat_missed_event,07:00,40.000000,38.093174
30.000000,7,flat_missed_event,08:00,40.000000,82.872239
30.000000,7,flat_missed_event,09:00,40.000000,65.257641
30.000000,7,flat_missed_event,10:00,40.000000,32.151780
30.000000,7,flat_missed_event,11:00,40.000000,86.767034
30.000000,7,flat_missed_event,12:00,40.000000,44.517469
30.000000,7,flat_missed_event,13:00,40.000000,69.786483
30.000000,7,flat_missed_event,14:00,40.000000,67.502609
30.000000,7,flat_missed_event,15:00,40.000000,69.246262
30.000000,7,flat_missed_event,16:00,40.000000,37.627215
30.000000,7,flat_missed_event,17:00,40.000000,155.393217
30.000000,7,flat_missed_event,18:00,40.000000,86.842288
30.000000,7,flat_missed_event,19:00,40.000000,90.285685
30.000000,7,flat_missed_event,20:00,40.000000,56.890734
30.000000,7,flat_missed_event,21:00,40.000000,81.537609
30.000000,7,flat_missed_event,22:00,40.000000,34.810369
30.000000,7,flat_missed_event,23:00,40.000000,91.070326
30.000000,8,evening_peak,00:00,45.000000,63.404363
30.000000,8,evening_peak,01:00,45.000000,51.098278
30.000000,8,evening_peak,02:00,45.000000,51.724269
30.000000,8,evening_peak,03:00,45.000000,61.230742
30.000000,8,evening_peak,04:00,45.000000,42.687219
30.000000,8,evening_peak,05:00,45.000000,18.674687
30.000000,8,evening_peak,06:00,45.000000,14.616758
30.000000,8,evening_peak,07:00,45.000000,52.014051
30.000000,8,evening_peak,08:00,45.000000,36.002737
30.000000,8,evening_peak,09:00,15.000000,31.393631
30.000000,8,evening_peak,10:00,15.000000,-4.891101
30.000000,8,evening_peak,11:00,15.000000,17.667490
30.000000,8,evening_peak,12:00,15.000000,20.850842
30.000000,8,evening_peak,13:00,15.000000,-5.251661
30.000000,8,evening_peak,14:00,45.000000,-17.164279
30.000000,8,evening_peak,15:00,45.000000,54.392346
30.000000,8,evening_peak,16:00,45.000000,41.768598
30.000000,8,evening_peak,17:00,45.000000,64.679853
30.000000,8,evening_peak,18:00,100.000000,26.555100
30.000000,8,evening_peak,19:00,100.000000,71.992691
30.000000,8,evening_peak,20:00,100.000000,96.884193
30.000000,8,evening_peak,21:00,100.000000,92.747090
30.000000,8,evening_peak,22:00,100.000000,111.311460
30.000000,8,evening_peak,23:00,45.000000,120.747751
30.000000,9,scarcity_peak,00:00,45.000000,71.631986
30.000000,9,scarcity_peak,01:00,45.000000,86.402765
30.000000,9,scarcity_peak,02:00,45.000000,53.610173
30.000000,9,scarcity_peak,03:00,45.000000,67.237492
30.000000,9,scarcity_peak,04:00,45.000000,57.439718
30.000000,9,scarcity_peak,05:00,45.000000,73.629571
30.000000,9,scarcity_peak,06:00,45.000000,41.328984
30.000000,9,scarcity_peak,07:00,45.000000,70.188797
30.000000,9,scarcity_peak,08:00,45.000000,68.399370
30.000000,9,scarcity_peak,09:00,15.000000,50.084682
30.000000,9,scarcity_peak,10:00,15.000000,53.278740
30.000000,9,scarcity_peak,11:00,15.000000,23.940333
30.000000,9,scarcity_peak,12:00,15.000000,31.734537
30.000000,9,scarcity_peak,13:00,15.000000,8.534162
30.000000,9,scarcity_peak,14:00,45.000000,26.030190
30.000000,9,scarcity_peak,15:00,45.000000,58.225148
30.000000,9,scarcity_peak,16:00,45.000000,57.059727
30.000000,9,scarcity_peak,17:00,45.000000,60.587265
30.000000,9,scarcity_peak,18:00,100.000000,65.579721
30.000000,9,scarcity_peak,19:00,100.000000,131.233179
30.000000,9,scarcity_peak,20:00,400.000000,127.423455
30.000000,9,scarcity_peak,21:00,100.000000,392.649336
30.000000,9,scarcity_peak,22:00,100.000000,95.927689
30.000000,9,scarcity_peak,23:00,45.000000,129.713979
30.000000,10,negative_midday,00:00,45.000000,12.212639
30.000000,10,negative_midday,01:00,45.000000,10.925636
30.000000,10,negative_midday,02:00,45.000000,30.128965
30.000000,10,negative_midday,03:00,45.000000,29.245910
30.000000,10,negative_midday,04:00,45.000000,1.575239
30.000000,10,negative_midday,05:00,45.000000,11.192618
30.000000,10,negative_midday,06:00,45.000000,24.129324
30.000000,10,negative_midday,07:00,45.000000,28.298700
30.000000,10,negative_midday,08:00,45.000000,6.857235
30.000000,10,negative_midday,09:00,15.000000,8.956553
30.000000,10,negative_midday,10:00,-30.000000,-17.354618
30.000000,10,negative_midday,11:00,-30.000000,-71.193240
30.000000,10,negative_midday,12:00,-30.000000,-17.975317
30.000000,10,negative_midday,13:00,15.000000,-35.582404
30.000000,10,negative_midday,14:00,45.000000,-2.237275
30.000000,10,negative_midday,15:00,45.000000,28.597466
30.000000,10,negative_midday,16:00,45.000000,50.175842
30.000000,10,negative_midday,17:00,45.000000,26.188985
30.000000,10,negative_midday,18:00,100.000000,35.574867
30.000000,10,negative_midday,19:00,100.000000,82.059770
30.000000,10,negative_midday,20:00,100.000000,101.186903
30.000000,10,negative_midday,21:00,100.000000,68.996884
30.000000,10,negative_midday,22:00,100.000000,58.117516
30.000000,10,negative_midday,23:00,45.000000,89.302286
30.000000,11,flat_missed_event,00:00,40.000000,76.008290
30.000000,11,flat_missed_event,01:00,40.000000,56.211266
30.000000,11,flat_missed_event,02:00,40.000000,27.235446
30.000000,11,flat_missed_event,03:00,40.000000,30.594676
30.000000,11,flat_missed_event,04:00,40.000000,72.030682
30.000000,11,flat_missed_event,05:00,40.000000,58.542451
30.000000,11,flat_missed_event,06:00,40.000000,47.874686
30.000000,11,flat_missed_event,07:00,40.000000,26.591073
30.000000,11,flat_missed_event,08:00,40.000000,35.409933
30.000000,11,flat_missed_event,09:00,40.000000,26.860793
30.000000,11,flat_missed_event,10:00,40.000000,57.597448
30.000000,11,flat_missed_event,11:00,40.000000,71.908926
30.000000,11,flat_missed_event,12:00,40.000000,63.603277
30.000000,11,flat_missed_event,13:00,40.000000,37.908276
30.000000,11,flat_missed_event,14:00,40.000000,66.215999
30.000000,11,flat_missed_event,15:00,40.000000,58.235556
30.000000,11,flat_missed_event,16:00,40.000000,64.932725
30.000000,11,flat_missed_event,17:00,40.000000,144.836019
30.000000,11,flat_missed_event,18:00,40.000000,68.288209
30.000000,11,flat_missed_event,19:00,40.000000,44.084518
30.000000,11,flat_missed_event,20:00,40.000000,71.340810
30.000000,11,flat_missed_event,21:00,40.000000,67.192669
30.000000,11,flat_missed_event,22:00,40.000000,57.513894
30.000000,11,flat_missed_event,23:00,40.000000,49.844159
30.000000,12,evening_peak,00:00,45.000000,20.907997
30.000000,12,evening_peak,01:00,45.000000,36.189015
30.000000,12,evening_peak,02:00,45.000000,35.906046
30.000000,12,evening_peak,03:00,45.000000,24.391932
30.000000,12,evening_peak,04:00,45.000000,18.667528
30.000000,12,evening_peak,05:00,45.000000,6.630356
30.000000,12,evening_peak,06:00,45.000000,21.602015
30.000000,12,evening_peak,07:00,45.000000,0.674393
30.000000,12,evening_peak,08:00,45.000000,17.967490
30.000000,12,evening_peak,09:00,15.000000,-11.204829
30.000000,12,evening_peak,10:00,15.000000,-30.985647
30.000000,12,evening_peak,11:00,15.000000,-9.004214
30.000000,12,evening_peak,12:00,15.000000,-28.139723
30.000000,12,evening_peak,13:00,15.000000,-40.875426
30.000000,12,evening_peak,14:00,45.000000,-26.600635
30.000000,12,evening_peak,15:00,45.000000,4.377899
30.000000,12,evening_peak,16:00,45.000000,-7.001072
30.000000,12,evening_peak,17:00,45.000000,23.296005
30.000000,12,evening_peak,18:00,100.000000,-2.426596
30.000000,12,evening_peak,19:00,100.000000,101.045505
30.000000,12,evening_peak,20:00,100.000000,99.299864
30.000000,12,evening_peak,21:00,100.000000,93.946892
30.000000,12,evening_peak,22:00,100.000000,95.941527
30.000000,12,evening_peak,23:00,45.000000,52.357173
30.000000,13,scarcity_peak,00:00,45.000000,29.534535
30.000000,13,scarcity_peak,01:00,45.000000,22.535281
30.000000,13,scarcity_peak,02:00,45.000000,68.061369
30.000000,13,scarcity_peak,03:00,45.000000,22.463535
30.000000,13,scarcity_peak,04:00,45.000000,31.428788
30.000000,13,scarcity_peak,05:00,45.000000,61.492486
30.000000,13,scarcity_peak,06:00,45.000000,65.387123
30.000000,13,scarcity_peak,07:00,45.000000,34.242087
30.000000,13,scarcity_peak,08:00,45.000000,54.362469
30.000000,13,scarcity_peak,09:00,15.000000,68.214413
30.000000,13,scarcity_peak,10:00,15.000000,11.259480
30.000000,13,scarcity_peak,11:00,15.000000,42.638900
30.000000,13,scarcity_peak,12:00,15.000000,-16.992815
30.000000,13,scarcity_peak,13:00,15.000000,19.721041
30.000000,13,scarcity_peak,14:00,45.000000,35.625332
30.000000,13,scarcity_peak,15:00,45.000000,38.942138
30.000000,13,scarcity_peak,16:00,45.000000,46.559964
30.000000,13,scarcity_peak,17:00,45.000000,41.732510
30.000000,13,scarcity_peak,18:00,100.000000,39.204241
30.000000,13,scarcity_peak,19:00,100.000000,107.638296
30.000000,13,scarcity_peak,20:00,400.000000,70.225788
30.000000,13,scarcity_peak,21:00,100.000000,401.665456
30.000000,13,scarcity_peak,22:00,100.000000,114.571625
30.000000,13,scarcity_peak,23:00,45.000000,76.461119
30.000000,14,negative_midday,00:00,45.000000,90.056963
30.000000,14,negative_midday,01:00,45.000000,85.737566
30.000000,14,negative_midday,02:00,45.000000,73.547307
30.000000,14,negative_midday,03:00,45.000000,60.233298
30.000000,14,negative_midday,04:00,45.000000,38.707116
30.000000,14,negative_midday,05:00,45.000000,59.472474
30.000000,14,negative_midday,06:00,45.000000,91.736613
30.000000,14,negative_midday,07:00,45.000000,97.077059
30.000000,14,negative_midday,08:00,45.000000,87.468009
30.000000,14,negative_midday,09:00,15.000000,83.275965
30.000000,14,negative_midday,10:00,-30.000000,8.800227
30.000000,14,negative_midday,11:00,-30.000000,7.460197
30.000000,14,negative_midday,12:00,-30.000000,-6.737291
30.000000,14,negative_midday,13:00,15.000000,-18.962448
30.000000,14,negative_midday,14:00,45.000000,18.564814
30.000000,14,negative_midday,15:00,45.000000,73.493792
30.000000,14,negative_midday,16:00,45.000000,62.131918
30.000000,14,negative_midday,17:00,45.000000,97.305547
30.000000,14,negative_midday,18:00,100.000000,72.315644
30.000000,14,negative_midday,19:00,100.000000,121.635526
30.000000,14,negative_midday,20:00,100.000000,106.954045
30.000000,14,negative_midday,21:00,100.000000,129.302746
30.000000,14,negative_midday,22:00,100.000000,103.431059
30.000000,14,negative_midday,23:00,45.000000,148.469085
30.000000,15,flat_missed_event,00:00,40.000000,33.261862
30.000000,15,flat_missed_event,01:00,40.000000,-0.468736
30.000000,15,flat_missed_event,02:00,40.000000,13.358056
30.000000,15,flat_missed_event,03:00,40.000000,15.310259
30.000000,15,flat_missed_event,04:00,40.000000,45.048783
30.000000,15,flat_missed_event,05:00,40.000000,48.942972
30.000000,15,flat_missed_event,06:00,40.000000,9.831000
30.000000,15,flat_missed_event,07:00,40.000000,5.374346
30.000000,15,flat_missed_event,08:00,40.000000,24.849404
30.000000,15,flat_missed_event,09:00,40.000000,29.684765
30.000000,15,flat_missed_event,10:00,40.000000,25.159259
30.000000,15,flat_missed_event,11:00,40.000000,30.318386
30.000000,15,flat_missed_event,12:00,40.000000,51.389753
30.000000,15,flat_missed_event,13:00,40.000000,55.822600
30.000000,15,flat_missed_event,14:00,40.000000,38.008241
30.000000,15,flat_missed_event,15:00,40.000000,41.840886
30.000000,15,flat_missed_event,16:00,40.000000,51.762371
30.000000,15,flat_missed_event,17:00,40.000000,155.479804
30.000000,15,flat_missed_event,18:00,40.000000,54.302521
30.000000,15,flat_missed_event,19:00,40.000000,54.316797
30.000000,15,flat_missed_event,20:00,40.000000,16.774912
30.000000,15,flat_missed_event,21:00,40.000000,38.265130
30.000000,15,flat_missed_event,22:00,40.000000,58.064590
30.000000,15,flat_missed_event,23:00,40.000000,48.709110
30.000000,16,evening_peak,00:00,45.000000,39.143344
30.000000,16,evening_peak,01:00,45.000000,51.265547
30.000000,16,evening_peak,02:00,45.000000,78.534273
30.000000,16,evening_peak,03:00,45.000000,47.446306
30.000000,16,evening_peak,04:00,45.000000,56.768598
30.000000,16,evening_peak,05:00,45.000000,29.064158
30.000000,16,evening_peak,06:00,45.000000,49.263451
30.000000,16,evening_peak,07:00,45.000000,71.889214
30.000000,16,evening_peak,08:00,45.000000,64.377615
30.000000,16,evening_peak,09:00,15.000000,55.895307
30.000000,16,evening_peak,10:00,15.000000,32.870478
30.000000,16,evening_peak,11:00,15.000000,13.774642
30.000000,16,evening_peak,12:00,15.000000,38.550892
30.000000,16,evening_peak,13:00,15.000000,28.754015
30.000000,16,evening_peak,14:00,45.000000,9.145722
30.000000,16,evening_peak,15:00,45.000000,53.295032
30.000000,16,evening_peak,16:00,45.000000,74.717857
30.000000,16,evening_peak,17:00,45.000000,64.847218
30.000000,16,evening_peak,18:00,100.000000,34.724654
30.000000,16,evening_peak,19:00,100.000000,85.281732
30.000000,16,evening_peak,20:00,100.000000,106.043581
30.000000,16,evening_peak,21:00,100.000000,134.146148
30.000000,16,evening_peak,22:00,100.000000,112.111882
30.000000,16,evening_peak,23:00,45.000000,115.720585
30.000000,17,scarcity_peak,00:00,45.000000,47.126053
30.000000,17,scarcity_peak,01:00,45.000000,37.707549
30.000000,17,scarcity_peak,02:00,45.000000,-5.940613
30.000000,17,scarcity_peak,03:00,45.000000,37.398213
30.000000,17,scarcity_peak,04:00,45.000000,7.745467
30.000000,17,scarcity_peak,05:00,45.000000,27.031067
30.000000,17,scarcity_peak,06:00,45.000000,19.360990
30.000000,17,scarcity_peak,07:00,45.000000,14.710788
30.000000,17,scarcity_peak,08:00,45.000000,6.421178
30.000000,17,scarcity_peak,09:00,15.000000,14.331277
30.000000,17,scarcity_peak,10:00,15.000000,-30.303264
30.000000,17,scarcity_peak,11:00,15.000000,16.050895
30.000000,17,scarcity_peak,12:00,15.000000,3.729675
30.000000,17,scarcity_peak,13:00,15.000000,-23.065866
30.000000,17,scarcity_peak,14:00,45.000000,-34.187298
30.000000,17,scarcity_peak,15:00,45.000000,28.302286
30.000000,17,scarcity_peak,16:00,45.000000,-0.172887
30.000000,17,scarcity_peak,17:00,45.000000,0.293108
30.000000,17,scarcity_peak,18:00,100.000000,4.666818
30.000000,17,scarcity_peak,19:00,100.000000,91.785774
30.000000,17,scarcity_peak,20:00,400.000000,79.752265
30.000000,17,scarcity_peak,21:00,100.000000,402.885303
30.000000,17,scarcity_peak,22:00,100.000000,100.240599
30.000000,17,scarcity_peak,23:00,45.000000,71.938437
30.000000,18,negative_midday,00:00,45.000000,48.609030
30.000000,18,negative_midday,01:00,45.000000,72.184675
30.000000,18,negative_midday,02:00,45.000000,56.185029
30.000000,18,negative_midday,03:00,45.000000,75.507296
30.000000,18,negative_midday,04:00,45.000000,75.355714
30.000000,18,negative_midday,05:00,45.000000,51.619909
30.000000,18,negative_midday,06:00,45.000000,63.607180
30.000000,18,negative_midday,07:00,45.000000,48.246229
30.000000,18,negative_midday,08:00,45.000000,39.973069
30.000000,18,negative_midday,09:00,15.000000,33.605976
30.000000,18,negative_midday,10:00,-30.000000,14.086551
30.000000,18,negative_midday,11:00,-30.000000,-18.669828
30.000000,18,negative_midday,12:00,-30.000000,-0.556774
30.000000,18,negative_midday,13:00,15.000000,-7.482272
30.000000,18,negative_midday,14:00,45.000000,13.014970
30.000000,18,negative_midday,15:00,45.000000,62.950395
30.000000,18,negative_midday,16:00,45.000000,53.299915
30.000000,18,negative_midday,17:00,45.000000,19.051981
30.000000,18,negative_midday,18:00,100.000000,43.900630
30.000000,18,negative_midday,19:00,100.000000,105.366980
30.000000,18,negative_midday,20:00,100.000000,109.700266
30.000000,18,negative_midday,21:00,100.000000,108.569589
30.000000,18,negative_midday,22:00,100.000000,118.657371
30.000000,18,negative_midday,23:00,45.000000,95.990426
30.000000,19,flat_missed_event,00:00,40.000000,51.758383
30.000000,19,flat_missed_event,01:00,40.000000,74.064549
30.000000,19,flat_missed_event,02:00,40.000000,58.639132
30.000000,19,flat_missed_event,03:00,40.000000,39.087574
30.000000,19,flat_missed_event,04:00,40.000000,81.045865
30.000000,19,flat_missed_event,05:00,40.000000,97.169094
30.000000,19,flat_missed_event,06:00,40.000000,92.637996
30.000000,19,flat_missed_event,07:00,40.000000,46.256416
30.000000,19,flat_missed_event,08:00,40.000000,40.932628
30.000000,19,flat_missed_event,09:00,40.000000,43.611572
30.000000,19,flat_missed_event,10:00,40.000000,88.386695
30.000000,19,flat_missed_event,11:00,40.000000,64.034660
30.000000,19,flat_missed_event,12:00,40.000000,64.718230
30.000000,19,flat_missed_event,13:00,40.000000,72.638105
30.000000,19,flat_missed_event,14:00,40.000000,43.497698
30.000000,19,flat_missed_event,15:00,40.000000,90.667867
30.000000,19,flat_missed_event,16:00,40.000000,63.905818
30.000000,19,flat_missed_event,17:00,40.000000,189.797114
30.000000,19,flat_missed_event,18:00,40.000000,87.591780
30.000000,19,flat_missed_event,19:00,40.000000,52.405102
30.000000,19,flat_missed_event,20:00,40.000000,83.664476
30.000000,19,flat_missed_event,21:00,40.000000,78.245231
30.000000,19,flat_missed_event,22:00,40.000000,43.074934
30.000000,19,flat_missed_event,23:00,40.000000,40.535941
30.000000,20,evening_peak,00:00,45.000000,57.685018
30.000000,20,evening_peak,01:00,45.000000,52.592732
30.000000,20,evening_peak,02:00,45.000000,63.067601
30.000000,20,evening_peak,03:00,45.000000,62.626795
30.000000,20,evening_peak,04:00,45.000000,31.864818
30.000000,20,evening_peak,05:00,45.000000,21.211245
30.000000,20,evening_peak,06:00,45.000000,64.420411
30.000000,20,evening_peak,07:00,45.000000,65.790380
30.000000,20,evening_peak,08:00,45.000000,24.165303
30.000000,20,evening_peak,09:00,15.000000,66.004688
30.000000,20,evening_peak,10:00,15.000000,-1.899559
30.000000,20,evening_peak,11:00,15.000000,-12.565771
30.000000,20,evening_peak,12:00,15.000000,-10.109994
30.000000,20,evening_peak,13:00,15.000000,-5.463879
30.000000,20,evening_peak,14:00,45.000000,3.795065
30.000000,20,evening_peak,15:00,45.000000,39.230170
30.000000,20,evening_peak,16:00,45.000000,60.085355
30.000000,20,evening_peak,17:00,45.000000,16.303940
30.000000,20,evening_peak,18:00,100.000000,62.398776
30.000000,20,evening_peak,19:00,100.000000,62.164797
30.000000,20,evening_peak,20:00,100.000000,112.656396
30.000000,20,evening_peak,21:00,100.000000,75.572596
30.000000,20,evening_peak,22:00,100.000000,115.833657
30.000000,20,evening_peak,23:00,45.000000,66.628971
30.000000,21,scarcity_peak,00:00,45.000000,65.923188
30.000000,21,scarcity_peak,01:00,45.000000,36.581295
30.000000,21,scarcity_peak,02:00,45.000000,38.497532
30.000000,21,scarcity_peak,03:00,45.000000,68.295718
30.000000,21,scarcity_peak,04:00,45.000000,43.146146
30.000000,21,scarcity_peak,05:00,45.000000,78.622151
30.000000,21,scarcity_peak,06:00,45.000000,47.131578
30.000000,21,scarcity_peak,07:00,45.000000,53.752134
30.000000,21,scarcity_peak,08:00,45.000000,87.042437
30.000000,21,scarcity_peak,09:00,15.000000,84.815216
30.000000,21,scarcity_peak,10:00,15.000000,41.784709
30.000000,21,scarcity_peak,11:00,15.000000,8.467956
30.000000,21,scarcity_peak,12:00,15.000000,15.021327
30.000000,21,scarcity_peak,13:00,15.000000,53.705662
30.000000,21,scarcity_peak,14:00,45.000000,50.426024
30.000000,21,scarcity_peak,15:00,45.000000,73.214298
30.000000,21,scarcity_peak,16:00,45.000000,75.546713
30.000000,21,scarcity_peak,17:00,45.000000,41.886807
30.000000,21,scarcity_peak,18:00,100.000000,39.542899
30.000000,21,scarcity_peak,19:00,100.000000,136.135548
30.000000,21,scarcity_peak,20:00,400.000000,146.141367
30.000000,21,scarcity_peak,21:00,100.000000,410.691388
30.000000,21,scarcity_peak,22:00,100.000000,100.604130
30.000000,21,scarcity_peak,23:00,45.000000,131.156486
30.000000,22,negative_midday,00:00,45.000000,6.506989
30.000000,22,negative_midday,01:00,45.000000,26.596861
30.000000,22,negative_midday,02:00,45.000000,40.189708
30.000000,22,negative_midday,03:00,45.000000,0.279902
30.000000,22,negative_midday,04:00,45.000000,50.999007
30.000000,22,negative_midday,05:00,45.000000,13.343860
30.000000,22,negative_midday,06:00,45.000000,24.903656
30.000000,22,negative_midday,07:00,45.000000,56.710306
30.000000,22,negative_midday,08:00,45.000000,55.476334
30.000000,22,negative_midday,09:00,15.000000,47.412604
30.000000,22,negative_midday,10:00,-30.000000,-13.837067
30.000000,22,negative_midday,11:00,-30.000000,-27.595951
30.000000,22,negative_midday,12:00,-30.000000,-49.773874
30.000000,22,negative_midday,13:00,15.000000,-43.048358
30.000000,22,negative_midday,14:00,45.000000,-4.120627
30.000000,22,negative_midday,15:00,45.000000,41.685340
30.000000,22,negative_midday,16:00,45.000000,4.819655
30.000000,22,negative_midday,17:00,45.000000,29.770758
30.000000,22,negative_midday,18:00,100.000000,24.473234
30.000000,22,negative_midday,19:00,100.000000,82.237009
30.000000,22,negative_midday,20:00,100.000000,55.874204
30.000000,22,negative_midday,21:00,100.000000,79.518601
30.000000,22,negative_midday,22:00,100.000000,100.259947
30.000000,22,negative_midday,23:00,45.000000,94.902675
30.000000,23,flat_missed_event,00:00,40.000000,69.947801
30.000000,23,flat_missed_event,01:00,40.000000,58.875996
30.000000,23,flat_missed_event,02:00,40.000000,41.174900
30.000000,23,flat_missed_event,03:00,40.000000,62.119651
30.000000,23,flat_missed_event,04:00,40.000000,57.211554
30.000000,23,flat_missed_event,05:00,40.000000,28.951255
30.000000,23,flat_missed_event,06:00,40.000000,56.626676
30.000000,23,flat_missed_event,07:00,40.000000,24.999482
30.000000,23,flat_missed_event,08:00,40.000000,53.100326
30.000000,23,flat_missed_event,09:00,40.000000,61.564838
30.000000,23,flat_missed_event,10:00,40.000000,60.625529
30.000000,23,flat_missed_event,11:00,40.000000,67.671610
30.000000,23,flat_missed_event,12:00,40.000000,75.924358
30.000000,23,flat_missed_event,13:00,40.000000,31.238632
30.000000,23,flat_missed_event,14:00,40.000000,60.592778
30.000000,23,flat_missed_event,15:00,40.000000,42.614729
30.000000,23,flat_missed_event,16:00,40.000000,52.896743
30.000000,23,flat_missed_event,17:00,40.000000,170.676091
30.000000,23,flat_missed_event,18:00,40.000000,58.717164
30.000000,23,flat_missed_event,19:00,40.000000,50.742800
30.000000,23,flat_missed_event,20:00,40.000000,26.270400
30.000000,23,flat_missed_event,21:00,40.000000,49.660357
30.000000,23,flat_missed_event,22:00,40.000000,58.862631
30.000000,23,flat_missed_event,23:00,40.000000,54.744338
30.000000,24,evening_peak,00:00,45.000000,18.818658
30.000000,24,evening_peak,01:00,45.000000,9.002072
30.000000,24,evening_peak,02:00,45.000000,47.719909
30.000000,24,evening_peak,03:00,45.000000,35.382692
30.000000,24,evening_peak,04:00,45.000000,9.615986
30.000000,24,evening_peak,05:00,45.000000,13.259994
30.000000,24,evening_peak,06:00,45.000000,42.962544
30.000000,24,evening_peak,07:00,45.000000,33.059031
30.000000,24,evening_peak,08:00,45.000000,30.258849
30.000000,24,evening_peak,09:00,15.000000,2.870128
30.000000,24,evening_peak,10:00,15.000000,-40.672063
30.000000,24,evening_peak,11:00,15.000000,-7.545623
30.000000,24,evening_peak,12:00,15.000000,1.824643
30.000000,24,evening_peak,13:00,15.000000,5.073072
30.000000,24,evening_peak,14:00,45.000000,11.011151
30.000000,24,evening_peak,15:00,45.000000,21.687755
30.000000,24,evening_peak,16:00,45.000000,13.444707
30.000000,24,evening_peak,17:00,45.000000,-8.645978
30.000000,24,evening_peak,18:00,100.000000,33.639832
30.000000,24,evening_peak,19:00,100.000000,102.309818
30.000000,24,evening_peak,20:00,100.000000,56.700738
30.000000,24,evening_peak,21:00,100.000000,84.765614
30.000000,24,evening_peak,22:00,100.000000,46.772235
30.000000,24,evening_peak,23:00,45.000000,59.706033
30.000000,25,scarcity_peak,00:00,45.000000,27.351120
30.000000,25,scarcity_peak,01:00,45.000000,59.610224
30.000000,25,scarcity_peak,02:00,45.000000,28.453180
30.000000,25,scarcity_peak,03:00,45.000000,61.620822
30.000000,25,scarcity_peak,04:00,45.000000,24.752453
30.000000,25,scarcity_peak,05:00,45.000000,78.349390
30.000000,25,scarcity_peak,06:00,45.000000,77.488832
30.000000,25,scarcity_peak,07:00,45.000000,42.066780
30.000000,25,scarcity_peak,08:00,45.000000,20.634999
30.000000,25,scarcity_peak,09:00,15.000000,23.740597
30.000000,25,scarcity_peak,10:00,15.000000,21.164135
30.000000,25,scarcity_peak,11:00,15.000000,4.683639
30.000000,25,scarcity_peak,12:00,15.000000,32.280610
30.000000,25,scarcity_peak,13:00,15.000000,20.113173
30.000000,25,scarcity_peak,14:00,45.000000,3.882406
30.000000,25,scarcity_peak,15:00,45.000000,61.078367
30.000000,25,scarcity_peak,16:00,45.000000,72.632401
30.000000,25,scarcity_peak,17:00,45.000000,60.569639
30.000000,25,scarcity_peak,18:00,100.000000,27.955923
30.000000,25,scarcity_peak,19:00,100.000000,123.859122
30.000000,25,scarcity_peak,20:00,400.000000,99.600989
30.000000,25,scarcity_peak,21:00,100.000000,389.741379
30.000000,25,scarcity_peak,22:00,100.000000,123.124658
30.000000,25,scarcity_peak,23:00,45.000000,89.226769
30.000000,26,negative_midday,00:00,45.000000,95.209805
30.000000,26,negative_midday,01:00,45.000000,94.430935
30.000000,26,negative_midday,02:00,45.000000,93.921644
30.000000,26,negative_midday,03:00,45.000000,97.502681
30.000000,26,negative_midday,04:00,45.000000,95.739984
30.000000,26,negative_midday,05:00,45.000000,68.804920
30.000000,26,negative_midday,06:00,45.000000,60.284161
30.000000,26,negative_midday,07:00,45.000000,74.984572
30.000000,26,negative_midday,08:00,45.000000,82.773008
30.000000,26,negative_midday,09:00,15.000000,102.528656
30.000000,26,negative_midday,10:00,-30.000000,70.413594
30.000000,26,negative_midday,11:00,-30.000000,28.551789
30.000000,26,negative_midday,12:00,-30.000000,27.450841
30.000000,26,negative_midday,13:00,15.000000,-25.952050
30.000000,26,negative_midday,14:00,45.000000,50.607193
30.000000,26,negative_midday,15:00,45.000000,95.139644
30.000000,26,negative_midday,16:00,45.000000,89.569271
30.000000,26,negative_midday,17:00,45.000000,86.245439
30.000000,26,negative_midday,18:00,100.000000,67.074569
30.000000,26,negative_midday,19:00,100.000000,130.364900
30.000000,26,negative_midday,20:00,100.000000,129.040096
30.000000,26,negative_midday,21:00,100.000000,126.892522
30.000000,26,negative_midday,22:00,100.000000,107.739315
30.000000,26,negative_midday,23:00,45.000000,157.981430
30.000000,27,flat_missed_event,00:00,40.000000,30.966821
30.000000,27,flat_missed_event,01:00,40.000000,21.624139
30.000000,27,flat_missed_event,02:00,40.000000,30.816482
30.000000,27,flat_missed_event,03:00,40.000000,24.456710
30.000000,27,flat_missed_event,04:00,40.000000,38.356669
30.000000,27,flat_missed_event,05:00,40.000000,58.280824
30.000000,27,flat_missed_event,06:00,40.000000,33.131223
30.000000,27,flat_missed_event,07:00,40.000000,13.299211
30.000000,27,flat_missed_event,08:00,40.000000,50.159056
30.000000,27,flat_missed_event,09:00,40.000000,56.463737
30.000000,27,flat_missed_event,10:00,40.000000,19.107688
30.000000,27,flat_missed_event,11:00,40.000000,52.350950
30.000000,27,flat_missed_event,12:00,40.000000,32.947751
30.000000,27,flat_missed_event,13:00,40.000000,48.712891
30.000000,27,flat_missed_event,14:00,40.000000,21.270797
30.000000,27,flat_missed_event,15:00,40.000000,34.449895
30.000000,27,flat_missed_event,16:00,40.000000,17.883780
30.000000,27,flat_missed_event,17:00,40.000000,129.652453
30.000000,27,flat_missed_event,18:00,40.000000,31.677604
30.000000,27,flat_missed_event,19:00,40.000000,9.660419
30.000000,27,flat_missed_event,20:00,40.000000,39.226049
30.000000,27,flat_missed_event,21:00,40.000000,5.791455
30.000000,27,flat_missed_event,22:00,40.000000,51.116617
30.000000,27,flat_missed_event,23:00,40.000000,61.947872
30.000000,28,evening_peak,00:00,45.000000,44.487357
30.000000,28,evening_peak,01:00,45.000000,61.744990
30.000000,28,evening_peak,02:00,45.000000,41.983232
30.000000,28,evening_peak,03:00,45.000000,65.982866
30.000000,28,evening_peak,04:00,45.000000,55.208619
30.000000,28,evening_peak,05:00,45.000000,46.716091
30.000000,28,evening_peak,06:00,45.000000,66.934637
30.000000,28,evening_peak,07:00,45.000000,49.749431
30.000000,28,evening_peak,08:00,45.000000,57.833304
30.000000,28,evening_peak,09:00,15.000000,84.542709
30.000000,28,evening_peak,10:00,15.000000,43.884373
30.000000,28,evening_peak,11:00,15.000000,34.018701
30.000000,28,evening_peak,12:00,15.000000,26.609096
30.000000,28,evening_peak,13:00,15.000000,31.847878
30.000000,28,evening_peak,14:00,45.000000,43.502697
30.000000,28,evening_peak,15:00,45.000000,73.560807
30.000000,28,evening_peak,16:00,45.000000,72.184941
30.000000,28,evening_peak,17:00,45.000000,40.632733
30.000000,28,evening_peak,18:00,100.000000,78.326569
30.000000,28,evening_peak,19:00,100.000000,150.279848
30.000000,28,evening_peak,20:00,100.000000,134.259518
30.000000,28,evening_peak,21:00,100.000000,124.175741
30.000000,28,evening_peak,22:00,100.000000,130.025758
30.000000,28,evening_peak,23:00,45.000000,126.817074
30.000000,29,scarcity_peak,00:00,45.000000,44.964015
30.000000,29,scarcity_peak,01:00,45.000000,-0.907471
30.000000,29,scarcity_peak,02:00,45.000000,13.531314
30.000000,29,scarcity_peak,03:00,45.000000,39.751014
30.000000,29,scarcity_peak,04:00,45.000000,0.491638
30.000000,29,scarcity_peak,05:00,45.000000,6.154707
30.000000,29,scarcity_peak,06:00,45.000000,46.879013
30.000000,29,scarcity_peak,07:00,45.000000,20.710872
30.000000,29,scarcity_peak,08:00,45.000000,2.696487
30.000000,29,scarcity_peak,09:00,15.000000,41.475508
30.000000,29,scarcity_peak,10:00,15.000000,23.957974
30.000000,29,scarcity_peak,11:00,15.000000,23.094126
30.000000,29,scarcity_peak,12:00,15.000000,-24.217762
30.000000,29,scarcity_peak,13:00,15.000000,-23.815764
30.000000,29,scarcity_peak,14:00,45.000000,28.206908
30.000000,29,scarcity_peak,15:00,45.000000,49.380815
30.000000,29,scarcity_peak,16:00,45.000000,25.754442
30.000000,29,scarcity_peak,17:00,45.000000,41.738473
30.000000,29,scarcity_peak,18:00,100.000000,2.608444
30.000000,29,scarcity_peak,19:00,100.000000,102.346796
30.000000,29,scarcity_peak,20:00,400.000000,101.763085
30.000000,29,scarcity_peak,21:00,100.000000,399.252903
30.000000,29,scarcity_peak,22:00,100.000000,108.655655
30.000000,29,scarcity_peak,23:00,45.000000,84.805602
30.000000,30,negative_midday,00:00,45.000000,53.883528
30.000000,30,negative_midday,01:00,45.000000,49.508664
30.000000,30,negative_midday,02:00,45.000000,78.583877
30.000000,30,negative_midday,03:00,45.000000,30.184505
30.000000,30,negative_midday,04:00,45.000000,72.303888
30.000000,30,negative_midday,05:00,45.000000,57.114122
30.000000,30,negative_midday,06:00,45.000000,83.073833
30.000000,30,negative_midday,07:00,45.000000,84.234325
30.000000,30,negative_midday,08:00,45.000000,65.193134
30.000000,30,negative_midday,09:00,15.000000,56.991374
30.000000,30,negative_midday,10:00,-30.000000,14.781536
30.000000,30,negative_midday,11:00,-30.000000,-12.537584
30.000000,30,negative_midday,12:00,-30.000000,-43.561157
30.000000,30,negative_midday,13:00,15.000000,0.301026
30.000000,30,negative_midday,14:00,45.000000,26.628376
30.000000,30,negative_midday,15:00,45.000000,83.909213
30.000000,30,negative_midday,16:00,45.000000,79.279737
30.000000,30,negative_midday,17:00,45.000000,37.893323
30.000000,30,negative_midday,18:00,100.000000,36.766348
30.000000,30,negative_midday,19:00,100.000000,109.326920
30.000000,30,negative_midday,20:00,100.000000,135.889854
30.000000,30,negative_midday,21:00,100.000000,98.387901
30.000000,30,negative_midday,22:00,100.000000,123.542549
30.000000,30,negative_midday,23:00,45.000000,104.908629
30.000000,31,flat_missed_event,00:00,40.000000,-10.548998
30.000000,31,flat_missed_event,01:00,40.000000,21.381332
30.000000,31,flat_missed_event,02:00,40.000000,15.296041
30.000000,31,flat_missed_event,03:00,40.000000,3.117258
30.000000,31,flat_missed_event,04:00,40.000000,14.127588
30.000000,31,flat_missed_event,05:00,40.000000,-13.596193
30.000000,31,flat_missed_event,06:00,40.000000,40.791270
30.000000,31,flat_missed_event,07:00,40.000000,-7.895671
30.000000,31,flat_missed_event,08:00,40.000000,32.442088
30.000000,31,flat_missed_event,09:00,40.000000,10.847456
30.000000,31,flat_missed_event,10:00,40.000000,36.656797
30.000000,31,flat_missed_event,11:00,40.000000,11.067757
30.000000,31,flat_missed_event,12:00,40.000000,36.716752
30.000000,31,flat_missed_event,13:00,40.000000,13.031395
30.000000,31,flat_missed_event,14:00,40.000000,15.430855
30.000000,31,flat_missed_event,15:00,40.000000,23.976100
30.000000,31,flat_missed_event,16:00,40.000000,29.377142
30.000000,31,flat_missed_event,17:00,40.000000,118.152576
30.000000,31,flat_missed_event,18:00,40.000000,9.998851
30.000000,31,flat_missed_event,19:00,40.000000,16.012482
30.000000,31,flat_missed_event,20:00,40.000000,-13.406679
30.000000,31,flat_missed_event,21:00,40.000000,6.299985
30.000000,31,flat_missed_event,22:00,40.000000,-4.743472
30.000000,31,flat_missed_event,23:00,40.000000,-6.299555
30.000000,32,evening_peak,00:00,45.000000,63.257742
30.000000,32,evening_peak,01:00,45.000000,17.026146
30.000000,32,evening_peak,02:00,45.000000,26.179458
30.000000,32,evening_peak,03:00,45.000000,28.405410
30.000000,32,evening_peak,04:00,45.000000,30.472042
30.000000,32,evening_peak,05:00,45.000000,49.884020
30.000000,32,evening_peak,06:00,45.000000,29.123481
30.000000,32,evening_peak,07:00,45.000000,60.639369
30.000000,32,evening_peak,08:00,45.000000,44.729103
30.000000,32,evening_peak,09:00,15.000000,35.121661
30.000000,32,evening_peak,10:00,15.000000,-5.892690
30.000000,32,evening_peak,11:00,15.000000,-3.702130
30.000000,32,evening_peak,12:00,15.000000,38.069119
30.000000,32,evening_peak,13:00,15.000000,-10.809548
30.000000,32,evening_peak,14:00,45.000000,33.812398
30.000000,32,evening_peak,15:00,45.000000,61.751701
30.000000,32,evening_peak,16:00,45.000000,27.889066
30.000000,32,evening_peak,17:00,45.000000,51.787759
30.000000,32,evening_peak,18:00,100.000000,60.814585
30.000000,32,evening_peak,19:00,100.000000,75.541280
30.000000,32,evening_peak,20:00,100.000000,80.739729
30.000000,32,evening_peak,21:00,100.000000,72.977822
30.000000,32,evening_peak,22:00,100.000000,130.121607
30.000000,32,evening_peak,23:00,45.000000,81.166579
30.000000,33,scarcity_peak,00:00,45.000000,62.106492
30.000000,33,scarcity_peak,01:00,45.000000,60.639877
30.000000,33,scarcity_peak,02:00,45.000000,56.200293
30.000000,33,scarcity_peak,03:00,45.000000,62.667019
30.000000,33,scarcity_peak,04:00,45.000000,96.206186
30.000000,33,scarcity_peak,05:00,45.000000,85.268772
30.000000,33,scarcity_peak,06:00,45.000000,55.776355
30.000000,33,scarcity_peak,07:00,45.000000,61.930153
30.000000,33,scarcity_peak,08:00,45.000000,82.758604
30.000000,33,scarcity_peak,09:00,15.000000,48.185383
30.000000,33,scarcity_peak,10:00,15.000000,56.790520
30.000000,33,scarcity_peak,11:00,15.000000,56.983146
30.000000,33,scarcity_peak,12:00,15.000000,46.652696
30.000000,33,scarcity_peak,13:00,15.000000,55.157139
30.000000,33,scarcity_peak,14:00,45.000000,33.907306
30.000000,33,scarcity_peak,15:00,45.000000,95.590228
30.000000,33,scarcity_peak,16:00,45.000000,75.588766
30.000000,33,scarcity_peak,17:00,45.000000,75.709926
30.000000,33,scarcity_peak,18:00,100.000000,96.546207
30.000000,33,scarcity_peak,19:00,100.000000,138.951597
30.000000,33,scarcity_peak,20:00,400.000000,108.582594
30.000000,33,scarcity_peak,21:00,100.000000,400.958400
30.000000,33,scarcity_peak,22:00,100.000000,123.879551
30.000000,33,scarcity_peak,23:00,45.000000,144.365202
30.000000,34,negative_midday,00:00,45.000000,12.121095
30.000000,34,negative_midday,01:00,45.000000,48.768192
30.000000,34,negative_midday,02:00,45.000000,61.750804
30.000000,34,negative_midday,03:00,45.000000,60.278803
30.000000,34,negative_midday,04:00,45.000000,47.694832
30.000000,34,negative_midday,05:00,45.000000,49.054616
30.000000,34,negative_midday,06:00,45.000000,30.151754
30.000000,34,negative_midday,07:00,45.000000,34.803607
30.000000,34,negative_midday,08:00,45.000000,24.841336
30.000000,34,negative_midday,09:00,15.000000,7.034161
30.000000,34,negative_midday,10:00,-30.000000,-12.221976
30.000000,34,negative_midday,11:00,-30.000000,-39.084740
30.000000,34,negative_midday,12:00,-30.000000,-67.762656
30.000000,34,negative_midday,13:00,15.000000,-50.995387
30.000000,34,negative_midday,14:00,45.000000,28.112721
30.000000,34,negative_midday,15:00,45.000000,9.698382
30.000000,34,negative_midday,16:00,45.000000,30.658654
30.000000,34,negative_midday,17:00,45.000000,18.698188
30.000000,34,negative_midday,18:00,100.000000,7.828125
30.000000,34,negative_midday,19:00,100.000000,108.061503
30.000000,34,negative_midday,20:00,100.000000,78.681082
30.000000,34,negative_midday,21:00,100.000000,106.230064
30.000000,34,negative_midday,22:00,100.000000,108.312554
30.000000,34,negative_midday,23:00,45.000000,107.656549
30.000000,35,flat_missed_event,00:00,40.000000,68.104153
30.000000,35,flat_missed_event,01:00,40.000000,37.921843
30.000000,35,flat_missed_event,02:00,40.000000,58.839291
30.000000,35,flat_missed_event,03:00,40.000000,48.370666
30.000000,35,flat_missed_event,04:00,40.000000,50.757049
30.000000,35,flat_missed_event,05:00,40.000000,42.046569
30.000000,35,flat_missed_event,06:00,40.000000,68.929221
30.000000,35,flat_missed_event,07:00,40.000000,48.306612
30.000000,35,flat_missed_event,08:00,40.000000,48.679361
30.000000,35,flat_missed_event,09:00,40.000000,81.165546
30.000000,35,flat_missed_event,10:00,40.000000,55.521185
30.000000,35,flat_missed_event,11:00,40.000000,44.917078
30.000000,35,flat_missed_event,12:00,40.000000,42.873565
30.000000,35,flat_missed_event,13:00,40.000000,84.355975
30.000000,35,flat_missed_event,14:00,40.000000,36.529106
30.000000,35,flat_missed_event,15:00,40.000000,63.593932
30.000000,35,flat_missed_event,16:00,40.000000,79.174211
30.000000,35,flat_missed_event,17:00,40.000000,190.039804
30.000000,35,flat_missed_event,18:00,40.000000,50.951764
30.000000,35,flat_missed_event,19:00,40.000000,25.048964
30.000000,35,flat_missed_event,20:00,40.000000,49.541787
30.000000,35,flat_missed_event,21:00,40.000000,45.433076
30.000000,35,flat_missed_event,22:00,40.000000,67.630023
30.000000,35,flat_missed_event,23:00,40.000000,64.434100
30.000000,36,evening_peak,00:00,45.000000,20.628302
30.000000,36,evening_peak,01:00,45.000000,15.780535
30.000000,36,evening_peak,02:00,45.000000,8.431146
30.000000,36,evening_peak,03:00,45.000000,-0.717077
30.000000,36,evening_peak,04:00,45.000000,6.895313
30.000000,36,evening_peak,05:00,45.000000,41.574740
30.000000,36,evening_peak,06:00,45.000000,44.111137
30.000000,36,evening_peak,07:00,45.000000,9.392244
30.000000,36,evening_peak,08:00,45.000000,-3.199895
30.000000,36,evening_peak,09:00,15.000000,41.231736
30.000000,36,evening_peak,10:00,15.000000,-32.484394
30.000000,36,evening_peak,11:00,15.000000,-30.179720
30.000000,36,evening_peak,12:00,15.000000,-16.415279
30.000000,36,evening_peak,13:00,15.000000,5.805709
30.000000,36,evening_peak,14:00,45.000000,13.287340
30.000000,36,evening_peak,15:00,45.000000,43.586305
30.000000,36,evening_peak,16:00,45.000000,39.757674
30.000000,36,evening_peak,17:00,45.000000,33.007108
30.000000,36,evening_peak,18:00,100.000000,33.682993
30.000000,36,evening_peak,19:00,100.000000,55.439170
30.000000,36,evening_peak,20:00,100.000000,86.982482
30.000000,36,evening_peak,21:00,100.000000,75.033455
30.000000,36,evening_peak,22:00,100.000000,55.779364
30.000000,36,evening_peak,23:00,45.000000,73.218601
30.000000,37,scarcity_peak,00:00,45.000000,19.629128
30.000000,37,scarcity_peak,01:00,45.000000,60.626773
30.000000,37,scarcity_peak,02:00,45.000000,42.595737
30.000000,37,scarcity_peak,03:00,45.000000,78.001568
30.000000,37,scarcity_peak,04:00,45.000000,70.181668
30.000000,37,scarcity_peak,05:00,45.000000,75.688756
30.000000,37,scarcity_peak,06:00,45.000000,25.515155
30.000000,37,scarcity_peak,07:00,45.000000,40.852926
30.000000,37,scarcity_peak,08:00,45.000000,35.097473
30.000000,37,scarcity_peak,09:00,15.000000,58.801471
30.000000,37,scarcity_peak,10:00,15.000000,9.856155
30.000000,37,scarcity_peak,11:00,15.000000,-11.367003
30.000000,37,scarcity_peak,12:00,15.000000,-7.594968
30.000000,37,scarcity_peak,13:00,15.000000,5.134908
30.000000,37,scarcity_peak,14:00,45.000000,-5.148820
30.000000,37,scarcity_peak,15:00,45.000000,76.769527
30.000000,37,scarcity_peak,16:00,45.000000,32.847103
30.000000,37,scarcity_peak,17:00,45.000000,27.222150
30.000000,37,scarcity_peak,18:00,100.000000,64.133104
30.000000,37,scarcity_peak,19:00,100.000000,120.678604
30.000000,37,scarcity_peak,20:00,400.000000,114.394963
30.000000,37,scarcity_peak,21:00,100.000000,379.971320
30.000000,37,scarcity_peak,22:00,100.000000,128.572610
30.000000,37,scarcity_peak,23:00,45.000000,91.341867
30.000000,38,negative_midday,00:00,45.000000,89.608818
30.000000,38,negative_midday,01:00,45.000000,48.821761
30.000000,38,negative_midday,02:00,45.000000,46.318702
30.000000,38,negative_midday,03:00,45.000000,84.362410
30.000000,38,negative_midday,04:00,45.000000,85.180064
30.000000,38,negative_midday,05:00,45.000000,70.858271
30.000000,38,negative_midday,06:00,45.000000,61.453016
30.000000,38,negative_midday,07:00,45.000000,44.034419
30.000000,38,negative_midday,08:00,45.000000,71.092238
30.000000,38,negative_midday,09:00,15.000000,77.736276
30.000000,38,negative_midday,10:00,-30.000000,58.917542
30.000000,38,negative_midday,11:00,-30.000000,13.589522
30.000000,38,negative_midday,12:00,-30.000000,3.699243
30.000000,38,negative_midday,13:00,15.000000,27.864719
30.000000,38,negative_midday,14:00,45.000000,19.194243
30.000000,38,negative_midday,15:00,45.000000,79.080357
30.000000,38,negative_midday,16:00,45.000000,78.457777
30.000000,38,negative_midday,17:00,45.000000,53.026401
30.000000,38,negative_midday,18:00,100.000000,101.171521
30.000000,38,negative_midday,19:00,100.000000,118.864330
30.000000,38,negative_midday,20:00,100.000000,144.446618
30.000000,38,negative_midday,21:00,100.000000,107.879086
30.000000,38,negative_midday,22:00,100.000000,112.622848
30.000000,38,negative_midday,23:00,45.000000,103.808961
30.000000,39,flat_missed_event,00:00,40.000000,25.383211
30.000000,39,flat_missed_event,01:00,40.000000,22.767682
30.000000,39,flat_missed_event,02:00,40.000000,47.085858
30.000000,39,flat_missed_event,03:00,40.000000,17.064596
30.000000,39,flat_missed_event,04:00,40.000000,24.044601
30.000000,39,flat_missed_event,05:00,40.000000,64.103274
30.000000,39,flat_missed_event,06:00,40.000000,23.127935
30.000000,39,flat_missed_event,07:00,40.000000,42.230741
30.000000,39,flat_missed_event,08:00,40.000000,9.321105
30.000000,39,flat_missed_event,09:00,40.000000,35.414031
30.000000,39,flat_missed_event,10:00,40.000000,13.726905
30.000000,39,flat_missed_event,11:00,40.000000,33.605328
30.000000,39,flat_missed_event,12:00,40.000000,54.135180
30.000000,39,flat_missed_event,13:00,40.000000,48.154655
30.000000,39,flat_missed_event,14:00,40.000000,38.607940
30.000000,39,flat_missed_event,15:00,40.000000,49.440091
30.000000,39,flat_missed_event,16:00,40.000000,33.027862
30.000000,39,flat_missed_event,17:00,40.000000,170.980932
30.000000,39,flat_missed_event,18:00,40.000000,21.288747
30.000000,39,flat_missed_event,19:00,40.000000,38.877381
30.000000,39,flat_missed_event,20:00,40.000000,58.849239
30.000000,39,flat_missed_event,21:00,40.000000,55.135981
30.000000,39,flat_missed_event,22:00,40.000000,52.477947
30.000000,39,flat_missed_event,23:00,40.000000,63.559873
30.000000,40,evening_peak,00:00,45.000000,39.005415
30.000000,40,evening_peak,01:00,45.000000,91.499263
30.000000,40,evening_peak,02:00,45.000000,54.280980
30.000000,40,evening_peak,03:00,45.000000,75.466094
30.000000,40,evening_peak,04:00,45.000000,44.995495
30.000000,40,evening_peak,05:00,45.000000,93.910220
30.000000,40,evening_peak,06:00,45.000000,72.366350
30.000000,40,evening_peak,07:00,45.000000,80.578330
30.000000,40,evening_peak,08:00,45.000000,47.001089
30.000000,40,evening_peak,09:00,15.000000,59.757529
30.000000,40,evening_peak,10:00,15.000000,32.884384
30.000000,40,evening_peak,11:00,15.000000,18.948147
30.000000,40,evening_peak,12:00,15.000000,47.863061
30.000000,40,evening_peak,13:00,15.000000,24.871224
30.000000,40,evening_peak,14:00,45.000000,64.604395
30.000000,40,evening_peak,15:00,45.000000,89.045243
30.000000,40,evening_peak,16:00,45.000000,91.151577
30.000000,40,evening_peak,17:00,45.000000,52.064880
30.000000,40,evening_peak,18:00,100.000000,65.892329
30.000000,40,evening_peak,19:00,100.000000,143.486925
30.000000,40,evening_peak,20:00,100.000000,149.200916
30.000000,40,evening_peak,21:00,100.000000,144.460088
30.000000,40,evening_peak,22:00,100.000000,131.157113
30.000000,40,evening_peak,23:00,45.000000,132.927765
30.000000,41,scarcity_peak,00:00,45.000000,45.565506
30.000000,41,scarcity_peak,01:00,45.000000,23.427888
30.000000,41,scarcity_peak,02:00,45.000000,34.343444
30.000000,41,scarcity_peak,03:00,45.000000,56.843069
30.000000,41,scarcity_peak,04:00,45.000000,54.239823
30.000000,41,scarcity_peak,05:00,45.000000,15.015972
30.000000,41,scarcity_peak,06:00,45.000000,63.126521
30.000000,41,scarcity_peak,07:00,45.000000,29.242714
30.000000,41,scarcity_peak,08:00,45.000000,50.998093
30.000000,41,scarcity_peak,09:00,15.000000,23.809640
30.000000,41,scarcity_peak,10:00,15.000000,34.587639
30.000000,41,scarcity_peak,11:00,15.000000,29.690185
30.000000,41,scarcity_peak,12:00,15.000000,-11.127605
30.000000,41,scarcity_peak,13:00,15.000000,-23.354625
30.000000,41,scarcity_peak,14:00,45.000000,4.443879
30.000000,41,scarcity_peak,15:00,45.000000,9.641474
30.000000,41,scarcity_peak,16:00,45.000000,52.255697
30.000000,41,scarcity_peak,17:00,45.000000,15.844325
30.000000,41,scarcity_peak,18:00,100.000000,44.624963
30.000000,41,scarcity_peak,19:00,100.000000,100.271240
30.000000,41,scarcity_peak,20:00,400.000000,68.497303
30.000000,41,scarcity_peak,21:00,100.000000,387.843424
30.000000,41,scarcity_peak,22:00,100.000000,60.936214
30.000000,41,scarcity_peak,23:00,45.000000,101.821150
30.000000,42,negative_midday,00:00,45.000000,54.402266
30.000000,42,negative_midday,01:00,45.000000,56.884281
30.000000,42,negative_midday,02:00,45.000000,36.492990
30.000000,42,negative_midday,03:00,45.000000,77.292989
30.000000,42,negative_midday,04:00,45.000000,69.359282
30.000000,42,negative_midday,05:00,45.000000,74.416197
30.000000,42,negative_midday,06:00,45.000000,31.951823
30.000000,42,negative_midday,07:00,45.000000,62.553775
30.000000,42,negative_midday,08:00,45.000000,91.148923
30.000000,42,negative_midday,09:00,15.000000,39.353114
30.000000,42,negative_midday,10:00,-30.000000,24.397721
30.000000,42,negative_midday,11:00,-30.000000,-5.006329
30.000000,42,negative_midday,12:00,-30.000000,14.614842
30.000000,42,negative_midday,13:00,15.000000,-7.152799
30.000000,42,negative_midday,14:00,45.000000,59.098718
30.000000,42,negative_midday,15:00,45.000000,76.549050
30.000000,42,negative_midday,16:00,45.000000,45.330432
30.000000,42,negative_midday,17:00,45.000000,71.816046
30.000000,42,negative_midday,18:00,100.000000,34.686885
30.000000,42,negative_midday,19:00,100.000000,137.733490
30.000000,42,negative_midday,20:00,100.000000,99.408010
30.000000,42,negative_midday,21:00,100.000000,94.518297
30.000000,42,negative_midday,22:00,100.000000,136.295528
30.000000,42,negative_midday,23:00,45.000000,118.530291
30.000000,43,flat_missed_event,00:00,40.000000,-8.148373
30.000000,43,flat_missed_event,01:00,40.000000,45.432745
30.000000,43,flat_missed_event,02:00,40.000000,37.058929
30.000000,43,flat_missed_event,03:00,40.000000,40.845568
30.000000,43,flat_missed_event,04:00,40.000000,7.430754
30.000000,43,flat_missed_event,05:00,40.000000,3.820191
30.000000,43,flat_missed_event,06:00,40.000000,9.754686
30.000000,43,flat_missed_event,07:00,40.000000,30.555894
30.000000,43,flat_missed_event,08:00,40.000000,29.173845
30.000000,43,flat_missed_event,09:00,40.000000,0.595761
30.000000,43,flat_missed_event,10:00,40.000000,33.382646
30.000000,43,flat_missed_event,11:00,40.000000,18.690769
30.000000,43,flat_missed_event,12:00,40.000000,18.898957
30.000000,43,flat_missed_event,13:00,40.000000,6.861823
30.000000,43,flat_missed_event,14:00,40.000000,14.615248
30.000000,43,flat_missed_event,15:00,40.000000,45.655830
30.000000,43,flat_missed_event,16:00,40.000000,25.944526
30.000000,43,flat_missed_event,17:00,40.000000,130.059515
30.000000,43,flat_missed_event,18:00,40.000000,7.663249
30.000000,43,flat_missed_event,19:00,40.000000,0.921114
30.000000,43,flat_missed_event,20:00,40.000000,13.382345
30.000000,43,flat_missed_event,21:00,40.000000,4.290271
30.000000,43,flat_missed_event,22:00,40.000000,0.969320
30.000000,43,flat_missed_event,23:00,40.000000,6.694657
30.000000,44,evening_peak,00:00,45.000000,65.280840
30.000000,44,evening_peak,01:00,45.000000,35.206855
30.000000,44,evening_peak,02:00,45.000000,44.188344
30.000000,44,evening_peak,03:00,45.000000,38.016309
30.000000,44,evening_peak,04:00,45.000000,27.992921
30.000000,44,evening_peak,05:00,45.000000,59.335411
30.000000,44,evening_peak,06:00,45.000000,41.615053
30.000000,44,evening_peak,07:00,45.000000,37.190200
30.000000,44,evening_peak,08:00,45.000000,70.529133
30.000000,44,evening_peak,09:00,15.000000,28.609477
30.000000,44,evening_peak,10:00,15.000000,5.580206
30.000000,44,evening_peak,11:00,15.000000,15.209866
30.000000,44,evening_peak,12:00,15.000000,5.039785
30.000000,44,evening_peak,13:00,15.000000,48.513533
30.000000,44,evening_peak,14:00,45.000000,36.750069
30.000000,44,evening_peak,15:00,45.000000,26.096990
30.000000,44,evening_peak,16:00,45.000000,50.667304
30.000000,44,evening_peak,17:00,45.000000,41.307725
30.000000,44,evening_peak,18:00,100.000000,42.981924
30.000000,44,evening_peak,19:00,100.000000,97.806679
30.000000,44,evening_peak,20:00,100.000000,103.291283
30.000000,44,evening_peak,21:00,100.000000,122.417748
30.000000,44,evening_peak,22:00,100.000000,124.558782
30.000000,44,evening_peak,23:00,45.000000,87.117045
30.000000,45,scarcity_peak,00:00,45.000000,4.250830
30.000000,45,scarcity_peak,01:00,45.000000,23.528166
30.000000,45,scarcity_peak,02:00,45.000000,18.197452
30.000000,45,scarcity_peak,03:00,45.000000,34.782499
30.000000,45,scarcity_peak,04:00,45.000000,29.969118
30.000000,45,scarcity_peak,05:00,45.000000,7.418124
30.000000,45,scarcity_peak,06:00,45.000000,16.313481
30.000000,45,scarcity_peak,07:00,45.000000,8.369321
30.000000,45,scarcity_peak,08:00,45.000000,11.055280
30.000000,45,scarcity_peak,09:00,15.000000,-14.109284
30.000000,45,scarcity_peak,10:00,15.000000,-6.958707
30.000000,45,scarcity_peak,11:00,15.000000,3.718780
30.000000,45,scarcity_peak,12:00,15.000000,-1.392840
30.000000,45,scarcity_peak,13:00,15.000000,-11.956244
30.000000,45,scarcity_peak,14:00,45.000000,10.593765
30.000000,45,scarcity_peak,15:00,45.000000,-3.328351
30.000000,45,scarcity_peak,16:00,45.000000,41.611824
30.000000,45,scarcity_peak,17:00,45.000000,35.128621
30.000000,45,scarcity_peak,18:00,100.000000,20.013495
30.000000,45,scarcity_peak,19:00,100.000000,49.766097
30.000000,45,scarcity_peak,20:00,400.000000,71.836278
30.000000,45,scarcity_peak,21:00,100.000000,396.964487
30.000000,45,scarcity_peak,22:00,100.000000,80.368255
30.000000,45,scarcity_peak,23:00,45.000000,98.056306
30.000000,46,negative_midday,00:00,45.000000,12.190853
30.000000,46,negative_midday,01:00,45.000000,15.327291
30.000000,46,negative_midday,02:00,45.000000,22.617024
30.000000,46,negative_midday,03:00,45.000000,39.786816
30.000000,46,negative_midday,04:00,45.000000,45.146797
30.000000,46,negative_midday,05:00,45.000000,64.871693
30.000000,46,negative_midday,06:00,45.000000,61.420551
30.000000,46,negative_midday,07:00,45.000000,56.249216
30.000000,46,negative_midday,08:00,45.000000,20.655843
30.000000,46,negative_midday,09:00,15.000000,64.639871
30.000000,46,negative_midday,10:00,-30.000000,-17.288669
30.000000,46,negative_midday,11:00,-30.000000,-31.535159
30.000000,46,negative_midday,12:00,-30.000000,-36.221114
30.000000,46,negative_midday,13:00,15.000000,-50.594774
30.000000,46,negative_midday,14:00,45.000000,-10.713395
30.000000,46,negative_midday,15:00,45.000000,60.788640
30.000000,46,negative_midday,16:00,45.000000,57.124041
30.000000,46,negative_midday,17:00,45.000000,53.247627
30.000000,46,negative_midday,18:00,100.000000,67.642267
30.000000,46,negative_midday,19:00,100.000000,87.200743
30.000000,46,negative_midday,20:00,100.000000,102.094783
30.000000,46,negative_midday,21:00,100.000000,96.580527
30.000000,46,negative_midday,22:00,100.000000,120.982946
30.000000,46,negative_midday,23:00,45.000000,117.513157
30.000000,47,flat_missed_event,00:00,40.000000,69.573350
30.000000,47,flat_missed_event,01:00,40.000000,45.950643
30.000000,47,flat_missed_event,02:00,40.000000,81.708195
30.000000,47,flat_missed_event,03:00,40.000000,56.021227
30.000000,47,flat_missed_event,04:00,40.000000,43.961573
30.000000,47,flat_missed_event,05:00,40.000000,52.221621
30.000000,47,flat_missed_event,06:00,40.000000,85.083811
30.000000,47,flat_missed_event,07:00,40.000000,69.776782
30.000000,47,flat_missed_event,08:00,40.000000,75.320388
30.000000,47,flat_missed_event,09:00,40.000000,75.041451
30.000000,47,flat_missed_event,10:00,40.000000,65.141446
30.000000,47,flat_missed_event,11:00,40.000000,52.448898
30.000000,47,flat_missed_event,12:00,40.000000,90.876072
30.000000,47,flat_missed_event,13:00,40.000000,84.305626
30.000000,47,flat_missed_event,14:00,40.000000,68.922182
30.000000,47,flat_missed_event,15:00,40.000000,31.720600
30.000000,47,flat_missed_event,16:00,40.000000,45.583353
30.000000,47,flat_missed_event,17:00,40.000000,164.137649
30.000000,47,flat_missed_event,18:00,40.000000,33.374915
30.000000,47,flat_missed_event,19:00,40.000000,71.613870
30.000000,47,flat_missed_event,20:00,40.000000,79.971279
30.000000,47,flat_missed_event,21:00,40.000000,73.318627
30.000000,47,flat_missed_event,22:00,40.000000,76.039942
30.000000,47,flat_missed_event,23:00,40.000000,66.730599
30.000000,48,evening_peak,00:00,45.000000,22.459668
30.000000,48,evening_peak,01:00,45.000000,36.243195
30.000000,48,evening_peak,02:00,45.000000,2.129899
30.000000,48,evening_peak,03:00,45.000000,8.804162
30.000000,48,evening_peak,04:00,45.000000,61.395239
30.000000,48,evening_peak,05:00,45.000000,47.188394
30.000000,48,evening_peak,06:00,45.000000,12.981838
30.000000,48,evening_peak,07:00,45.000000,47.630714
30.000000,48,evening_peak,08:00,45.000000,52.498551
30.000000,48,evening_peak,09:00,15.000000,38.859596
30.000000,48,evening_peak,10:00,15.000000,21.700763
30.000000,48,evening_peak,11:00,15.000000,-22.726623
30.000000,48,evening_peak,12:00,15.000000,16.073199
30.000000,48,evening_peak,13:00,15.000000,-0.465581
30.000000,48,evening_peak,14:00,45.000000,-10.582167
30.000000,48,evening_peak,15:00,45.000000,5.173698
30.000000,48,evening_peak,16:00,45.000000,37.579898
30.000000,48,evening_peak,17:00,45.000000,51.965358
30.000000,48,evening_peak,18:00,100.000000,17.654543
30.000000,48,evening_peak,19:00,100.000000,107.773045
30.000000,48,evening_peak,20:00,100.000000,108.757618
30.000000,48,evening_peak,21:00,100.000000,71.076042
30.000000,48,evening_peak,22:00,100.000000,64.214679
30.000000,48,evening_peak,23:00,45.000000,82.374981
30.000000,49,scarcity_peak,00:00,45.000000,81.568413
30.000000,49,scarcity_peak,01:00,45.000000,82.937980
30.000000,49,scarcity_peak,02:00,45.000000,62.365088
30.000000,49,scarcity_peak,03:00,45.000000,57.510360
30.000000,49,scarcity_peak,04:00,45.000000,67.618909
30.000000,49,scarcity_peak,05:00,45.000000,40.525691
30.000000,49,scarcity_peak,06:00,45.000000,45.512378
30.000000,49,scarcity_peak,07:00,45.000000,49.308589
30.000000,49,scarcity_peak,08:00,45.000000,53.266938
30.000000,49,scarcity_peak,09:00,15.000000,56.054514
30.000000,49,scarcity_peak,10:00,15.000000,11.497909
30.000000,49,scarcity_peak,11:00,15.000000,41.039491
30.000000,49,scarcity_peak,12:00,15.000000,9.931053
30.000000,49,scarcity_peak,13:00,15.000000,11.859873
30.000000,49,scarcity_peak,14:00,45.000000,27.217065
30.000000,49,scarcity_peak,15:00,45.000000,68.794356
30.000000,49,scarcity_peak,16:00,45.000000,59.267985
30.000000,49,scarcity_peak,17:00,45.000000,76.281208
30.000000,49,scarcity_peak,18:00,100.000000,60.676232
30.000000,49,scarcity_peak,19:00,100.000000,120.395597
30.000000,49,scarcity_peak,20:00,400.000000,137.308293
30.000000,49,scarcity_peak,21:00,100.000000,429.269078
30.000000,49,scarcity_peak,22:00,100.000000,81.207934
30.000000,49,scarcity_peak,23:00,45.000000,104.697793
30.000000,50,negative_midday,00:00,45.000000,29.661986
30.000000,50,negative_midday,01:00,45.000000,16.648642
30.000000,50,negative_midday,02:00,45.000000,7.904011
30.000000,50,negative_midday,03:00,45.000000,-4.219486
30.000000,50,negative_midday,04:00,45.000000,18.733521
30.000000,50,negative_midday,05:00,45.000000,24.903810
30.000000,50,negative_midday,06:00,45.000000,13.764017
30.000000,50,negative_midday,07:00,45.000000,37.267188
30.000000,50,negative_midday,08:00,45.000000,37.611340
30.000000,50,negative_midday,09:00,15.000000,18.614731
30.000000,50,negative_midday,10:00,-30.000000,8.512026
30.000000,50,negative_midday,11:00,-30.000000,-57.885926
30.000000,50,negative_midday,12:00,-30.000000,-24.644282
30.000000,50,negative_midday,13:00,15.000000,-31.965065
30.000000,50,negative_midday,14:00,45.000000,-27.310329
30.000000,50,negative_midday,15:00,45.000000,42.869281
30.000000,50,negative_midday,16:00,45.000000,48.568960
30.000000,50,negative_midday,17:00,45.000000,4.224663
30.000000,50,negative_midday,18:00,100.000000,38.003988
30.000000,50,negative_midday,19:00,100.000000,96.840412
30.000000,50,negative_midday,20:00,100.000000,51.495187
30.000000,50,negative_midday,21:00,100.000000,105.536019
30.000000,50,negative_midday,22:00,100.000000,80.613211
30.000000,50,negative_midday,23:00,45.000000,53.068498
30.000000,51,flat_missed_event,00:00,40.000000,27.252384
30.000000,51,flat_missed_event,01:00,40.000000,59.705069
30.000000,51,flat_missed_event,02:00,40.000000,63.841874
30.000000,51,flat_missed_event,03:00,40.000000,26.063832
30.000000,51,flat_missed_event,04:00,40.000000,21.656575
30.000000,51,flat_missed_event,05:00,40.000000,40.151197
30.000000,51,flat_missed_event,06:00,40.000000,47.104118
30.000000,51,flat_missed_event,07:00,40.000000,50.280074
30.000000,51,flat_missed_event,08:00,40.000000,64.989689
30.000000,51,flat_missed_event,09:00,40.000000,32.510512
30.000000,51,flat_missed_event,10:00,40.000000,67.612699
30.000000,51,flat_missed_event,11:00,40.000000,25.979478
30.000000,51,flat_missed_event,12:00,40.000000,41.274794
30.000000,51,flat_missed_event,13:00,40.000000,40.917932
30.000000,51,flat_missed_event,14:00,40.000000,44.640092
30.000000,51,flat_missed_event,15:00,40.000000,70.737976
30.000000,51,flat_missed_event,16:00,40.000000,58.830387
30.000000,51,flat_missed_event,17:00,40.000000,145.013994
30.000000,51,flat_missed_event,18:00,40.000000,64.960599
30.000000,51,flat_missed_event,19:00,40.000000,17.893421
30.000000,51,flat_missed_event,20:00,40.000000,21.882973
30.000000,51,flat_missed_event,21:00,40.000000,43.507069
30.000000,51,flat_missed_event,22:00,40.000000,61.700270
30.000000,51,flat_missed_event,23:00,40.000000,17.000936
30.000000,52,evening_peak,00:00,45.000000,100.803986
30.000000,52,evening_peak,01:00,45.000000,51.430655
30.000000,52,evening_peak,02:00,45.000000,44.890355
30.000000,52,evening_peak,03:00,45.000000,54.383840
30.000000,52,evening_peak,04:00,45.000000,98.080499
30.000000,52,evening_peak,05:00,45.000000,99.708757
30.000000,52,evening_peak,06:00,45.000000,80.971900
30.000000,52,evening_peak,07:00,45.000000,57.001106
30.000000,52,evening_peak,08:00,45.000000,72.536544
30.000000,52,evening_peak,09:00,15.000000,49.341202
30.000000,52,evening_peak,10:00,15.000000,41.552859
30.000000,52,evening_peak,11:00,15.000000,70.380611
30.000000,52,evening_peak,12:00,15.000000,29.797101
30.000000,52,evening_peak,13:00,15.000000,24.649204
30.000000,52,evening_peak,14:00,45.000000,36.834165
30.000000,52,evening_peak,15:00,45.000000,51.273674
30.000000,52,evening_peak,16:00,45.000000,57.440795
30.000000,52,evening_peak,17:00,45.000000,86.460101
30.000000,52,evening_peak,18:00,100.000000,58.661721
30.000000,52,evening_peak,19:00,100.000000,107.354046
30.000000,52,evening_peak,20:00,100.000000,115.631076
30.000000,52,evening_peak,21:00,100.000000,132.774063
30.000000,52,evening_peak,22:00,100.000000,136.170625
30.000000,52,evening_peak,23:00,45.000000,145.823094
30.000000,53,scarcity_peak,00:00,45.000000,40.229896
30.000000,53,scarcity_peak,01:00,45.000000,22.534386
30.000000,53,scarcity_peak,02:00,45.000000,44.799641
30.000000,53,scarcity_peak,03:00,45.000000,28.755009
30.000000,53,scarcity_peak,04:00,45.000000,43.572021
30.000000,53,scarcity_peak,05:00,45.000000,35.485496
30.000000,53,scarcity_peak,06:00,45.000000,52.940035
30.000000,53,scarcity_peak,07:00,45.000000,28.065152
30.000000,53,scarcity_peak,08:00,45.000000,42.818879
30.000000,53,scarcity_peak,09:00,15.000000,62.650410
30.000000,53,scarcity_peak,10:00,15.000000,28.985867
30.000000,53,scarcity_peak,11:00,15.000000,29.581963
30.000000,53,scarcity_peak,12:00,15.000000,15.653799
30.000000,53,scarcity_peak,13:00,15.000000,23.000258
30.000000,53,scarcity_peak,14:00,45.000000,32.933987
30.000000,53,scarcity_peak,15:00,45.000000,53.584729
30.000000,53,scarcity_peak,16:00,45.000000,40.651335
30.000000,53,scarcity_peak,17:00,45.000000,27.534629
30.000000,53,scarcity_peak,18:00,100.000000,35.025060
30.000000,53,scarcity_peak,19:00,100.000000,66.109856
30.000000,53,scarcity_peak,20:00,400.000000,84.276168
30.000000,53,scarcity_peak,21:00,100.000000,408.115948
30.000000,53,scarcity_peak,22:00,100.000000,65.960684
30.000000,53,scarcity_peak,23:00,45.000000,103.809600
30.000000,54,negative_midday,00:00,45.000000,48.669275
30.000000,54,negative_midday,01:00,45.000000,76.801772
30.000000,54,negative_midday,02:00,45.000000,50.779579
30.000000,54,negative_midday,03:00,45.000000,79.259789
30.000000,54,negative_midday,04:00,45.000000,54.772414
30.000000,54,negative_midday,05:00,45.000000,75.640412
30.000000,54,negative_midday,06:00,45.000000,36.215975
30.000000,54,negative_midday,07:00,45.000000,31.370568
30.000000,54,negative_midday,08:00,45.000000,50.127704
30.000000,54,negative_midday,09:00,15.000000,81.898641
30.000000,54,negative_midday,10:00,-30.000000,11.433040
30.000000,54,negative_midday,11:00,-30.000000,-5.149102
30.000000,54,negative_midday,12:00,-30.000000,-3.695414
30.000000,54,negative_midday,13:00,15.000000,-15.329430
30.000000,54,negative_midday,14:00,45.000000,27.561300
30.000000,54,negative_midday,15:00,45.000000,31.863915
30.000000,54,negative_midday,16:00,45.000000,64.093742
30.000000,54,negative_midday,17:00,45.000000,53.719206
30.000000,54,negative_midday,18:00,100.000000,65.827107
30.000000,54,negative_midday,19:00,100.000000,111.105685
30.000000,54,negative_midday,20:00,100.000000,118.671677
30.000000,54,negative_midday,21:00,100.000000,136.314801
30.000000,54,negative_midday,22:00,100.000000,140.812941
30.000000,54,negative_midday,23:00,45.000000,124.219810
30.000000,55,flat_missed_event,00:00,40.000000,43.987994
30.000000,55,flat_missed_event,01:00,40.000000,-0.304169
30.000000,55,flat_missed_event,02:00,40.000000,47.158652
30.000000,55,flat_missed_event,03:00,40.000000,12.386246
30.000000,55,flat_missed_event,04:00,40.000000,-3.133712
30.000000,55,flat_missed_event,05:00,40.000000,0.370485
30.000000,55,flat_missed_event,06:00,40.000000,-0.709890
30.000000,55,flat_missed_event,07:00,40.000000,29.129076
30.000000,55,flat_missed_event,08:00,40.000000,16.979689
30.000000,55,flat_missed_event,09:00,40.000000,39.047055
30.000000,55,flat_missed_event,10:00,40.000000,34.519716
30.000000,55,flat_missed_event,11:00,40.000000,14.338063
30.000000,55,flat_missed_event,12:00,40.000000,46.717930
30.000000,55,flat_missed_event,13:00,40.000000,-0.731895
30.000000,55,flat_missed_event,14:00,40.000000,38.993149
30.000000,55,flat_missed_event,15:00,40.000000,-0.312291
30.000000,55,flat_missed_event,16:00,40.000000,44.383547
30.000000,55,flat_missed_event,17:00,40.000000,156.479451
30.000000,55,flat_missed_event,18:00,40.000000,37.799637
30.000000,55,flat_missed_event,19:00,40.000000,27.255212
30.000000,55,flat_missed_event,20:00,40.000000,27.850392
30.000000,55,flat_missed_event,21:00,40.000000,-7.853801
30.000000,55,flat_missed_event,22:00,40.000000,16.400390
30.000000,55,flat_missed_event,23:00,40.000000,8.534245
30.000000,56,evening_peak,00:00,45.000000,59.329860
30.000000,56,evening_peak,01:00,45.000000,51.465237
30.000000,56,evening_peak,02:00,45.000000,29.067948
30.000000,56,evening_peak,03:00,45.000000,22.662738
30.000000,56,evening_peak,04:00,45.000000,73.199250
30.000000,56,evening_peak,05:00,45.000000,31.517901
30.000000,56,evening_peak,06:00,45.000000,42.863590
30.000000,56,evening_peak,07:00,45.000000,67.414347
30.000000,56,evening_peak,08:00,45.000000,24.479338
30.000000,56,evening_peak,09:00,15.000000,63.312714
30.000000,56,evening_peak,10:00,15.000000,-7.741814
30.000000,56,evening_peak,11:00,15.000000,-1.307080
30.000000,56,evening_peak,12:00,15.000000,18.281020
30.000000,56,evening_peak,13:00,15.000000,33.664879
30.000000,56,evening_peak,14:00,45.000000,12.423459
30.000000,56,evening_peak,15:00,45.000000,39.672181
30.000000,56,evening_peak,16:00,45.000000,68.674643
30.000000,56,evening_peak,17:00,45.000000,67.381245
30.000000,56,evening_peak,18:00,100.000000,29.531224
30.000000,56,evening_peak,19:00,100.000000,87.754700
30.000000,56,evening_peak,20:00,100.000000,118.235000
30.000000,56,evening_peak,21:00,100.000000,112.330169
30.000000,56,evening_peak,22:00,100.000000,125.468299
30.000000,56,evening_peak,23:00,45.000000,92.714864
30.000000,57,scarcity_peak,00:00,45.000000,0.074536
30.000000,57,scarcity_peak,01:00,45.000000,39.671563
30.000000,57,scarcity_peak,02:00,45.000000,34.601583
30.000000,57,scarcity_peak,03:00,45.000000,23.293978
30.000000,57,scarcity_peak,04:00,45.000000,21.163359
30.000000,57,scarcity_peak,05:00,45.000000,29.282737
30.000000,57,scarcity_peak,06:00,45.000000,26.334440
30.000000,57,scarcity_peak,07:00,45.000000,25.583949
30.000000,57,scarcity_peak,08:00,45.000000,1.571810
30.000000,57,scarcity_peak,09:00,15.000000,22.028444
30.000000,57,scarcity_peak,10:00,15.000000,-10.497959
30.000000,57,scarcity_peak,11:00,15.000000,4.996891
30.000000,57,scarcity_peak,12:00,15.000000,-31.217768
30.000000,57,scarcity_peak,13:00,15.000000,-17.687569
30.000000,57,scarcity_peak,14:00,45.000000,6.839376
30.000000,57,scarcity_peak,15:00,45.000000,44.934556
30.000000,57,scarcity_peak,16:00,45.000000,1.934616
30.000000,57,scarcity_peak,17:00,45.000000,10.576170
30.000000,57,scarcity_peak,18:00,100.000000,6.276104
30.000000,57,scarcity_peak,19:00,100.000000,79.047915
30.000000,57,scarcity_peak,20:00,400.000000,89.119417
30.000000,57,scarcity_peak,21:00,100.000000,381.248618
30.000000,57,scarcity_peak,22:00,100.000000,83.627981
30.000000,57,scarcity_peak,23:00,45.000000,101.263635
30.000000,58,negative_midday,00:00,45.000000,73.617372
30.000000,58,negative_midday,01:00,45.000000,24.195055
30.000000,58,negative_midday,02:00,45.000000,42.050460
30.000000,58,negative_midday,03:00,45.000000,63.912979
30.000000,58,negative_midday,04:00,45.000000,37.951491
30.000000,58,negative_midday,05:00,45.000000,74.542323
30.000000,58,negative_midday,06:00,45.000000,58.471336
30.000000,58,negative_midday,07:00,45.000000,49.328087
30.000000,58,negative_midday,08:00,45.000000,69.384307
30.000000,58,negative_midday,09:00,15.000000,42.744792
30.000000,58,negative_midday,10:00,-30.000000,-8.016812
30.000000,58,negative_midday,11:00,-30.000000,-24.451421
30.000000,58,negative_midday,12:00,-30.000000,-45.143137
30.000000,58,negative_midday,13:00,15.000000,-56.783636
30.000000,58,negative_midday,14:00,45.000000,-4.520577
30.000000,58,negative_midday,15:00,45.000000,22.784970
30.000000,58,negative_midday,16:00,45.000000,53.137270
30.000000,58,negative_midday,17:00,45.000000,71.687032
30.000000,58,negative_midday,18:00,100.000000,49.807593
30.000000,58,negative_midday,19:00,100.000000,127.715306
30.000000,58,negative_midday,20:00,100.000000,132.240543
30.000000,58,negative_midday,21:00,100.000000,92.233050
30.000000,58,negative_midday,22:00,100.000000,73.699802
30.000000,58,negative_midday,23:00,45.000000,130.527248
30.000000,59,flat_missed_event,00:00,40.000000,69.085175
30.000000,59,flat_missed_event,01:00,40.000000,67.368167
30.000000,59,flat_missed_event,02:00,40.000000,42.912372
30.000000,59,flat_missed_event,03:00,40.000000,80.164523
30.000000,59,flat_missed_event,04:00,40.000000,41.013338
30.000000,59,flat_missed_event,05:00,40.000000,61.901288
30.000000,59,flat_missed_event,06:00,40.000000,96.751838
30.000000,59,flat_missed_event,07:00,40.000000,77.626237
30.000000,59,flat_missed_event,08:00,40.000000,44.502027
30.000000,59,flat_missed_event,09:00,40.000000,56.897160
30.000000,59,flat_missed_event,10:00,40.000000,60.854346
30.000000,59,flat_missed_event,11:00,40.000000,59.579675
30.000000,59,flat_missed_event,12:00,40.000000,66.013226
30.000000,59,flat_missed_event,13:00,40.000000,83.613044
30.000000,59,flat_missed_event,14:00,40.000000,52.622875
30.000000,59,flat_missed_event,15:00,40.000000,52.307740
30.000000,59,flat_missed_event,16:00,40.000000,73.084058
30.000000,59,flat_missed_event,17:00,40.000000,212.717926
30.000000,59,flat_missed_event,18:00,40.000000,92.004736
30.000000,59,flat_missed_event,19:00,40.000000,44.799669
30.000000,59,flat_missed_event,20:00,40.000000,42.071017
30.000000,59,flat_missed_event,21:00,40.000000,62.397545
30.000000,59,flat_missed_event,22:00,40.000000,84.563707
30.000000,59,flat_missed_event,23:00,40.000000,79.238513
30.000000,60,evening_peak,00:00,45.000000,24.001156
30.000000,60,evening_peak,01:00,45.000000,58.694985
30.000000,60,evening_peak,02:00,45.000000,19.686649
30.000000,60,evening_peak,03:00,45.000000,53.680203
30.000000,60,evening_peak,04:00,45.000000,58.418042
30.000000,60,evening_peak,05:00,45.000000,64.480391
30.000000,60,evening_peak,06:00,45.000000,17.487237
30.000000,60,evening_peak,07:00,45.000000,23.684285
30.000000,60,evening_peak,08:00,45.000000,47.906484
30.000000,60,evening_peak,09:00,15.000000,20.713577
30.000000,60,evening_peak,10:00,15.000000,32.736273
30.000000,60,evening_peak,11:00,15.000000,-16.514278
30.000000,60,evening_peak,12:00,15.000000,36.203234
30.000000,60,evening_peak,13:00,15.000000,7.304121
30.000000,60,evening_peak,14:00,45.000000,14.347101
30.000000,60,evening_peak,15:00,45.000000,32.425172
30.000000,60,evening_peak,16:00,45.000000,63.600703
30.000000,60,evening_peak,17:00,45.000000,25.907007
30.000000,60,evening_peak,18:00,100.000000,13.274327
30.000000,60,evening_peak,19:00,100.000000,74.289190
30.000000,60,evening_peak,20:00,100.000000,71.302851
30.000000,60,evening_peak,21:00,100.000000,98.478345
30.000000,60,evening_peak,22:00,100.000000,72.725341
30.000000,60,evening_peak,23:00,45.000000,95.567051
30.000000,61,scarcity_peak,00:00,45.000000,85.132219
30.000000,61,scarcity_peak,01:00,45.000000,47.236168
30.000000,61,scarcity_peak,02:00,45.000000,84.874900
30.000000,61,scarcity_peak,03:00,45.000000,61.034235
30.000000,61,scarcity_peak,04:00,45.000000,62.331251
30.000000,61,scarcity_peak,05:00,45.000000,58.780073
30.000000,61,scarcity_peak,06:00,45.000000,55.746880
30.000000,61,scarcity_peak,07:00,45.000000,42.289584
30.000000,61,scarcity_peak,08:00,45.000000,81.406792
30.000000,61,scarcity_peak,09:00,15.000000,81.412501
30.000000,61,scarcity_peak,10:00,15.000000,22.762164
30.000000,61,scarcity_peak,11:00,15.000000,31.319873
30.000000,61,scarcity_peak,12:00,15.000000,46.032582
30.000000,61,scarcity_peak,13:00,15.000000,6.625701
30.000000,61,scarcity_peak,14:00,45.000000,4.882635
30.000000,61,scarcity_peak,15:00,45.000000,91.891162
30.000000,61,scarcity_peak,16:00,45.000000,83.450480
30.000000,61,scarcity_peak,17:00,45.000000,52.106376
30.000000,61,scarcity_peak,18:00,100.000000,45.084219
30.000000,61,scarcity_peak,19:00,100.000000,100.944266
30.000000,61,scarcity_peak,20:00,400.000000,105.983181
30.000000,61,scarcity_peak,21:00,100.000000,426.811021
30.000000,61,scarcity_peak,22:00,100.000000,136.149735
30.000000,61,scarcity_peak,23:00,45.000000,119.351431
30.000000,62,negative_midday,00:00,45.000000,31.194856
30.000000,62,negative_midday,01:00,45.000000,39.260573
30.000000,62,negative_midday,02:00,45.000000,24.636866
30.000000,62,negative_midday,03:00,45.000000,49.902575
30.000000,62,negative_midday,04:00,45.000000,15.281606
30.000000,62,negative_midday,05:00,45.000000,2.802404
30.000000,62,negative_midday,06:00,45.000000,37.587930
30.000000,62,negative_midday,07:00,45.000000,-1.800935
30.000000,62,negative_midday,08:00,45.000000,21.658552
30.000000,62,negative_midday,09:00,15.000000,38.318729
30.000000,62,negative_midday,10:00,-30.000000,4.064409
30.000000,62,negative_midday,11:00,-30.000000,-65.807406
30.000000,62,negative_midday,12:00,-30.000000,-35.650080
30.000000,62,negative_midday,13:00,15.000000,-31.957805
30.000000,62,negative_midday,14:00,45.000000,4.663081
30.000000,62,negative_midday,15:00,45.000000,4.042634
30.000000,62,negative_midday,16:00,45.000000,14.134946
30.000000,62,negative_midday,17:00,45.000000,53.366877
30.000000,62,negative_midday,18:00,100.000000,21.495978
30.000000,62,negative_midday,19:00,100.000000,75.662775
30.000000,62,negative_midday,20:00,100.000000,74.028582
30.000000,62,negative_midday,21:00,100.000000,93.692854
30.000000,62,negative_midday,22:00,100.000000,88.641948
30.000000,62,negative_midday,23:00,45.000000,62.444701
30.000000,63,flat_missed_event,00:00,40.000000,27.178084
30.000000,63,flat_missed_event,01:00,40.000000,68.420769
30.000000,63,flat_missed_event,02:00,40.000000,25.295406
30.000000,63,flat_missed_event,03:00,40.000000,50.119141
30.000000,63,flat_missed_event,04:00,40.000000,74.401194
30.000000,63,flat_missed_event,05:00,40.000000,51.832239
30.000000,63,flat_missed_event,06:00,40.000000,59.076898
30.000000,63,flat_missed_event,07:00,40.000000,56.274379
30.000000,63,flat_missed_event,08:00,40.000000,30.205896
30.000000,63,flat_missed_event,09:00,40.000000,52.117016
30.000000,63,flat_missed_event,10:00,40.000000,18.232384
30.000000,63,flat_missed_event,11:00,40.000000,17.894436
30.000000,63,flat_missed_event,12:00,40.000000,75.138165
30.000000,63,flat_missed_event,13:00,40.000000,42.147345
30.000000,63,flat_missed_event,14:00,40.000000,72.783205
30.000000,63,flat_missed_event,15:00,40.000000,34.170295
30.000000,63,flat_missed_event,16:00,40.000000,54.777907
30.000000,63,flat_missed_event,17:00,40.000000,164.063130
30.000000,63,flat_missed_event,18:00,40.000000,64.862408
30.000000,63,flat_missed_event,19:00,40.000000,47.064785
30.000000,63,flat_missed_event,20:00,40.000000,47.610040
30.000000,63,flat_missed_event,21:00,40.000000,40.931227
30.000000,63,flat_missed_event,22:00,40.000000,17.628618
30.000000,63,flat_missed_event,23:00,40.000000,29.937828
30.000000,64,evening_peak,00:00,45.000000,40.729007
30.000000,64,evening_peak,01:00,45.000000,-1.853867
30.000000,64,evening_peak,02:00,45.000000,2.463714
30.000000,64,evening_peak,03:00,45.000000,16.525900
30.000000,64,evening_peak,04:00,45.000000,31.259797
30.000000,64,evening_peak,05:00,45.000000,-4.605707
30.000000,64,evening_peak,06:00,45.000000,40.393954
30.000000,64,evening_peak,07:00,45.000000,34.843981
30.000000,64,evening_peak,08:00,45.000000,7.863211
30.000000,64,evening_peak,09:00,15.000000,12.698905
30.000000,64,evening_peak,10:00,15.000000,-24.271190
30.000000,64,evening_peak,11:00,15.000000,2.310899
30.000000,64,evening_peak,12:00,15.000000,-14.117455
30.000000,64,evening_peak,13:00,15.000000,16.368765
30.000000,64,evening_peak,14:00,45.000000,-17.543443
30.000000,64,evening_peak,15:00,45.000000,43.768054
30.000000,64,evening_peak,16:00,45.000000,23.342709
30.000000,64,evening_peak,17:00,45.000000,7.529259
30.000000,64,evening_peak,18:00,100.000000,41.058119
30.000000,64,evening_peak,19:00,100.000000,54.095567
30.000000,64,evening_peak,20:00,100.000000,78.061218
30.000000,64,evening_peak,21:00,100.000000,69.236105
30.000000,64,evening_peak,22:00,100.000000,88.779439
30.000000,64,evening_peak,23:00,45.000000,94.950580
30.000000,65,scarcity_peak,00:00,45.000000,43.550190
30.000000,65,scarcity_peak,01:00,45.000000,48.226227
30.000000,65,scarcity_peak,02:00,45.000000,69.741493
30.000000,65,scarcity_peak,03:00,45.000000,24.173320
30.000000,65,scarcity_peak,04:00,45.000000,42.365890
30.000000,65,scarcity_peak,05:00,45.000000,46.814013
30.000000,65,scarcity_peak,06:00,45.000000,23.255830
30.000000,65,scarcity_peak,07:00,45.000000,52.677366
30.000000,65,scarcity_peak,08:00,45.000000,70.837001
30.000000,65,scarcity_peak,09:00,15.000000,31.158663
30.000000,65,scarcity_peak,10:00,15.000000,26.869575
30.000000,65,scarcity_peak,11:00,15.000000,8.359988
30.000000,65,scarcity_peak,12:00,15.000000,-2.992601
30.000000,65,scarcity_peak,13:00,15.000000,25.019451
30.000000,65,scarcity_peak,14:00,45.000000,36.694227
30.000000,65,scarcity_peak,15:00,45.000000,17.352287
30.000000,65,scarcity_peak,16:00,45.000000,68.455479
30.000000,65,scarcity_peak,17:00,45.000000,62.975895
30.000000,65,scarcity_peak,18:00,100.000000,18.900052
30.000000,65,scarcity_peak,19:00,100.000000,128.200117
30.000000,65,scarcity_peak,20:00,400.000000,112.349304
30.000000,65,scarcity_peak,21:00,100.000000,427.905409
30.000000,65,scarcity_peak,22:00,100.000000,72.955205
30.000000,65,scarcity_peak,23:00,45.000000,118.778894
30.000000,66,negative_midday,00:00,45.000000,50.238819
30.000000,66,negative_midday,01:00,45.000000,38.291508
30.000000,66,negative_midday,02:00,45.000000,69.983908
30.000000,66,negative_midday,03:00,45.000000,80.331632
30.000000,66,negative_midday,04:00,45.000000,47.518152
30.000000,66,negative_midday,05:00,45.000000,95.891629
30.000000,66,negative_midday,06:00,45.000000,51.938464
30.000000,66,negative_midday,07:00,45.000000,69.320818
30.000000,66,negative_midday,08:00,45.000000,37.836869
30.000000,66,negative_midday,09:00,15.000000,48.558850
30.000000,66,negative_midday,10:00,-30.000000,22.023244
30.000000,66,negative_midday,11:00,-30.000000,-16.910790
30.000000,66,negative_midday,12:00,-30.000000,-31.679701
30.000000,66,negative_midday,13:00,15.000000,-22.576014
30.000000,66,negative_midday,14:00,45.000000,55.758067
30.000000,66,negative_midday,15:00,45.000000,50.015656
30.000000,66,negative_midday,16:00,45.000000,60.091732
30.000000,66,negative_midday,17:00,45.000000,87.140088
30.000000,66,negative_midday,18:00,100.000000,62.313356
30.000000,66,negative_midday,19:00,100.000000,149.650072
30.000000,66,negative_midday,20:00,100.000000,140.652179
30.000000,66,negative_midday,21:00,100.000000,103.614661
30.000000,66,negative_midday,22:00,100.000000,134.242897
30.000000,66,negative_midday,23:00,45.000000,133.118149
30.000000,67,flat_missed_event,00:00,40.000000,45.776169
30.000000,67,flat_missed_event,01:00,40.000000,23.398740
30.000000,67,flat_missed_event,02:00,40.000000,9.638459
30.000000,67,flat_missed_event,03:00,40.000000,6.739564
30.000000,67,flat_missed_event,04:00,40.000000,53.670181
30.000000,67,flat_missed_event,05:00,40.000000,15.785537
30.000000,67,flat_missed_event,06:00,40.000000,23.264073
30.000000,67,flat_missed_event,07:00,40.000000,37.319898
30.000000,67,flat_missed_event,08:00,40.000000,42.540293
30.000000,67,flat_missed_event,09:00,40.000000,6.039938
30.000000,67,flat_missed_event,10:00,40.000000,27.448591
30.000000,67,flat_missed_event,11:00,40.000000,5.772668
30.000000,67,flat_missed_event,12:00,40.000000,4.263790
30.000000,67,flat_missed_event,13:00,40.000000,52.038342
30.000000,67,flat_missed_event,14:00,40.000000,7.467861
30.000000,67,flat_missed_event,15:00,40.000000,22.997215
30.000000,67,flat_missed_event,16:00,40.000000,13.934167
30.000000,67,flat_missed_event,17:00,40.000000,145.178738
30.000000,67,flat_missed_event,18:00,40.000000,36.146011
30.000000,67,flat_missed_event,19:00,40.000000,28.807985
30.000000,67,flat_missed_event,20:00,40.000000,50.637939
30.000000,67,flat_missed_event,21:00,40.000000,42.397659
30.000000,67,flat_missed_event,22:00,40.000000,32.651224
30.000000,67,flat_missed_event,23:00,40.000000,21.769437
30.000000,68,evening_peak,00:00,45.000000,59.259888
30.000000,68,evening_peak,01:00,45.000000,73.080791
30.000000,68,evening_peak,02:00,45.000000,50.503770
30.000000,68,evening_peak,03:00,45.000000,47.043131
30.000000,68,evening_peak,04:00,45.000000,66.618491
30.000000,68,evening_peak,05:00,45.000000,45.177583
30.000000,68,evening_peak,06:00,45.000000,70.189456
30.000000,68,evening_peak,07:00,45.000000,43.739203
30.000000,68,evening_peak,08:00,45.000000,81.092996
30.000000,68,evening_peak,09:00,15.000000,30.426800
30.000000,68,evening_peak,10:00,15.000000,54.374281
30.000000,68,evening_peak,11:00,15.000000,51.060486
30.000000,68,evening_peak,12:00,15.000000,49.958449
30.000000,68,evening_peak,13:00,15.000000,35.203639
30.000000,68,evening_peak,14:00,45.000000,44.658846
30.000000,68,evening_peak,15:00,45.000000,31.580132
30.000000,68,evening_peak,16:00,45.000000,64.953165
30.000000,68,evening_peak,17:00,45.000000,86.329593
30.000000,68,evening_peak,18:00,100.000000,74.306283
30.000000,68,evening_peak,19:00,100.000000,94.848576
30.000000,68,evening_peak,20:00,100.000000,141.511000
30.000000,68,evening_peak,21:00,100.000000,108.216403
30.000000,68,evening_peak,22:00,100.000000,133.771858
30.000000,68,evening_peak,23:00,45.000000,105.515262
30.000000,69,scarcity_peak,00:00,45.000000,1.742326
30.000000,69,scarcity_peak,01:00,45.000000,48.376188
30.000000,69,scarcity_peak,02:00,45.000000,52.638307
30.000000,69,scarcity_peak,03:00,45.000000,8.291585
30.000000,69,scarcity_peak,04:00,45.000000,18.447171
30.000000,69,scarcity_peak,05:00,45.000000,35.443245
30.000000,69,scarcity_peak,06:00,45.000000,38.725461
30.000000,69,scarcity_peak,07:00,45.000000,47.031485
30.000000,69,scarcity_peak,08:00,45.000000,27.126364
30.000000,69,scarcity_peak,09:00,15.000000,45.838968
30.000000,69,scarcity_peak,10:00,15.000000,-1.121156
30.000000,69,scarcity_peak,11:00,15.000000,12.357051
30.000000,69,scarcity_peak,12:00,15.000000,15.383955
30.000000,69,scarcity_peak,13:00,15.000000,-18.355134
30.000000,69,scarcity_peak,14:00,45.000000,-24.685115
30.000000,69,scarcity_peak,15:00,45.000000,5.892752
30.000000,69,scarcity_peak,16:00,45.000000,28.270224
30.000000,69,scarcity_peak,17:00,45.000000,44.503026
30.000000,69,scarcity_peak,18:00,100.000000,0.224683
30.000000,69,scarcity_peak,19:00,100.000000,48.548404
30.000000,69,scarcity_peak,20:00,400.000000,59.412313
30.000000,69,scarcity_peak,21:00,100.000000,378.056744
30.000000,69,scarcity_peak,22:00,100.000000,88.163505
30.000000,69,scarcity_peak,23:00,45.000000,54.478728
30.000000,70,negative_midday,00:00,45.000000,63.670099
30.000000,70,negative_midday,01:00,45.000000,38.510943
30.000000,70,negative_midday,02:00,45.000000,56.207608
30.000000,70,negative_midday,03:00,45.000000,43.292174
30.000000,70,negative_midday,04:00,45.000000,23.969620
30.000000,70,negative_midday,05:00,45.000000,27.383577
30.000000,70,negative_midday,06:00,45.000000,19.647512
30.000000,70,negative_midday,07:00,45.000000,18.149041
30.000000,70,negative_midday,08:00,45.000000,57.422388
30.000000,70,negative_midday,09:00,15.000000,55.308407
30.000000,70,negative_midday,10:00,-30.000000,38.619235
30.000000,70,negative_midday,11:00,-30.000000,-24.686287
30.000000,70,negative_midday,12:00,-30.000000,-25.887745
30.000000,70,negative_midday,13:00,15.000000,-56.522268
30.000000,70,negative_midday,14:00,45.000000,20.218965
30.000000,70,negative_midday,15:00,45.000000,38.596350
30.000000,70,negative_midday,16:00,45.000000,73.364055
30.000000,70,negative_midday,17:00,45.000000,38.465877
30.000000,70,negative_midday,18:00,100.000000,37.228326
30.000000,70,negative_midday,19:00,100.000000,98.338060
30.000000,70,negative_midday,20:00,100.000000,87.069829
30.000000,70,negative_midday,21:00,100.000000,74.853277
30.000000,70,negative_midday,22:00,100.000000,78.697187
30.000000,70,negative_midday,23:00,45.000000,75.998366
30.000000,71,flat_missed_event,00:00,40.000000,67.388824
30.000000,71,flat_missed_event,01:00,40.000000,84.163960
30.000000,71,flat_missed_event,02:00,40.000000,53.584465
30.000000,71,flat_missed_event,03:00,40.000000,89.663338
30.000000,71,flat_missed_event,04:00,40.000000,90.338230
30.000000,71,flat_missed_event,05:00,40.000000,66.437315
30.000000,71,flat_missed_event,06:00,40.000000,45.454737
30.000000,71,flat_missed_event,07:00,40.000000,76.563975
30.000000,71,flat_missed_event,08:00,40.000000,55.170278
30.000000,71,flat_missed_event,09:00,40.000000,69.603904
30.000000,71,flat_missed_event,10:00,40.000000,62.852728
30.000000,71,flat_missed_event,11:00,40.000000,58.537597
30.000000,71,flat_missed_event,12:00,40.000000,40.351630
30.000000,71,flat_missed_event,13:00,40.000000,76.642089
30.000000,71,flat_missed_event,14:00,40.000000,51.284256
30.000000,71,flat_missed_event,15:00,40.000000,67.308264
30.000000,71,flat_missed_event,16:00,40.000000,62.009326
30.000000,71,flat_missed_event,17:00,40.000000,217.252352
30.000000,71,flat_missed_event,18:00,40.000000,65.519330
30.000000,71,flat_missed_event,19:00,40.000000,65.556693
30.000000,71,flat_missed_event,20:00,40.000000,57.592049
30.000000,71,flat_missed_event,21:00,40.000000,50.810751
30.000000,71,flat_missed_event,22:00,40.000000,93.926564
30.000000,71,flat_missed_event,23:00,40.000000,81.566150
30.000000,72,evening_peak,00:00,45.000000,12.894009
30.000000,72,evening_peak,01:00,45.000000,13.369821
30.000000,72,evening_peak,02:00,45.000000,33.055765
30.000000,72,evening_peak,03:00,45.000000,25.659470
30.000000,72,evening_peak,04:00,45.000000,40.350080
30.000000,72,evening_peak,05:00,45.000000,65.248299
30.000000,72,evening_peak,06:00,45.000000,18.745518
30.000000,72,evening_peak,07:00,45.000000,9.626430
30.000000,72,evening_peak,08:00,45.000000,36.986985
30.000000,72,evening_peak,09:00,15.000000,37.139159
30.000000,72,evening_peak,10:00,15.000000,26.864216
30.000000,72,evening_peak,11:00,15.000000,-20.395878
30.000000,72,evening_peak,12:00,15.000000,-4.413355
30.000000,72,evening_peak,13:00,15.000000,-7.546271
30.000000,72,evening_peak,14:00,45.000000,5.446185
30.000000,72,evening_peak,15:00,45.000000,16.376480
30.000000,72,evening_peak,16:00,45.000000,22.556692
30.000000,72,evening_peak,17:00,45.000000,7.689311
30.000000,72,evening_peak,18:00,100.000000,49.289098
30.000000,72,evening_peak,19:00,100.000000,79.554848
30.000000,72,evening_peak,20:00,100.000000,90.928501
30.000000,72,evening_peak,21:00,100.000000,79.548599
30.000000,72,evening_peak,22:00,100.000000,89.552132
30.000000,72,evening_peak,23:00,45.000000,101.397338
30.000000,73,scarcity_peak,00:00,45.000000,83.272755
30.000000,73,scarcity_peak,01:00,45.000000,63.957691
30.000000,73,scarcity_peak,02:00,45.000000,35.178459
30.000000,73,scarcity_peak,03:00,45.000000,91.000991
30.000000,73,scarcity_peak,04:00,45.000000,55.964882
30.000000,73,scarcity_peak,05:00,45.000000,86.355663
30.000000,73,scarcity_peak,06:00,45.000000,61.080075
30.000000,73,scarcity_peak,07:00,45.000000,87.960508
30.000000,73,scarcity_peak,08:00,45.000000,39.657209
30.000000,73,scarcity_peak,09:00,15.000000,56.102696
30.000000,73,scarcity_peak,10:00,15.000000,8.906605
30.000000,73,scarcity_peak,11:00,15.000000,46.189120
30.000000,73,scarcity_peak,12:00,15.000000,21.263015
30.000000,73,scarcity_peak,13:00,15.000000,60.430223
30.000000,73,scarcity_peak,14:00,45.000000,30.186818
30.000000,73,scarcity_peak,15:00,45.000000,51.903436
30.000000,73,scarcity_peak,16:00,45.000000,71.856377
30.000000,73,scarcity_peak,17:00,45.000000,56.358655
30.000000,73,scarcity_peak,18:00,100.000000,35.548737
30.000000,73,scarcity_peak,19:00,100.000000,145.733214
30.000000,73,scarcity_peak,20:00,400.000000,121.390028
30.000000,73,scarcity_peak,21:00,100.000000,409.645252
30.000000,73,scarcity_peak,22:00,100.000000,133.759747
30.000000,73,scarcity_peak,23:00,45.000000,121.467591
30.000000,74,negative_midday,00:00,45.000000,29.716961
30.000000,74,negative_midday,01:00,45.000000,46.058948
30.000000,74,negative_midday,02:00,45.000000,48.199913
30.000000,74,negative_midday,03:00,45.000000,59.407869
30.000000,74,negative_midday,04:00,45.000000,5.079883
30.000000,74,negative_midday,05:00,45.000000,27.145800
30.000000,74,negative_midday,06:00,45.000000,34.991404
30.000000,74,negative_midday,07:00,45.000000,36.511735
30.000000,74,negative_midday,08:00,45.000000,17.332710
30.000000,74,negative_midday,09:00,15.000000,20.540794
30.000000,74,negative_midday,10:00,-30.000000,13.225697
30.000000,74,negative_midday,11:00,-30.000000,-43.298939
30.000000,74,negative_midday,12:00,-30.000000,-66.468531
30.000000,74,negative_midday,13:00,15.000000,-36.470384
30.000000,74,negative_midday,14:00,45.000000,33.747299
30.000000,74,negative_midday,15:00,45.000000,27.949442
30.000000,74,negative_midday,16:00,45.000000,40.551610
30.000000,74,negative_midday,17:00,45.000000,27.315868
30.000000,74,negative_midday,18:00,100.000000,14.219781
30.000000,74,negative_midday,19:00,100.000000,104.837323
30.000000,74,negative_midday,20:00,100.000000,100.232933
30.000000,74,negative_midday,21:00,100.000000,90.629258
30.000000,74,negative_midday,22:00,100.000000,101.276997
30.000000,74,negative_midday,23:00,45.000000,75.808497
30.000000,75,flat_missed_event,00:00,40.000000,32.951556
30.000000,75,flat_missed_event,01:00,40.000000,27.607061
30.000000,75,flat_missed_event,02:00,40.000000,45.082347
30.000000,75,flat_missed_event,03:00,40.000000,59.720918
30.000000,75,flat_missed_event,04:00,40.000000,75.407195
30.000000,75,flat_missed_event,05:00,40.000000,65.395286
30.000000,75,flat_missed_event,06:00,40.000000,67.925037
30.000000,75,flat_missed_event,07:00,40.000000,64.798957
30.000000,75,flat_missed_event,08:00,40.000000,49.394633
30.000000,75,flat_missed_event,09:00,40.000000,30.721969
30.000000,75,flat_missed_event,10:00,40.000000,72.937896
30.000000,75,flat_missed_event,11:00,40.000000,39.575319
30.000000,75,flat_missed_event,12:00,40.000000,59.182065
30.000000,75,flat_missed_event,13:00,40.000000,34.899643
30.000000,75,flat_missed_event,14:00,40.000000,45.243637
30.000000,75,flat_missed_event,15:00,40.000000,25.822597
30.000000,75,flat_missed_event,16:00,40.000000,81.335426
30.000000,75,flat_missed_event,17:00,40.000000,197.999701
30.000000,75,flat_missed_event,18:00,40.000000,47.769152
30.000000,75,flat_missed_event,19:00,40.000000,51.629472
30.000000,75,flat_missed_event,20:00,40.000000,70.642895
30.000000,75,flat_missed_event,21:00,40.000000,29.492323
30.000000,75,flat_missed_event,22:00,40.000000,26.135668
30.000000,75,flat_missed_event,23:00,40.000000,39.406199
30.000000,76,evening_peak,00:00,45.000000,39.560971
30.000000,76,evening_peak,01:00,45.000000,36.109517
30.000000,76,evening_peak,02:00,45.000000,26.140423
30.000000,76,evening_peak,03:00,45.000000,3.516483
30.000000,76,evening_peak,04:00,45.000000,24.569690
30.000000,76,evening_peak,05:00,45.000000,3.337176
30.000000,76,evening_peak,06:00,45.000000,-3.769430
30.000000,76,evening_peak,07:00,45.000000,-3.701633
30.000000,76,evening_peak,08:00,45.000000,4.590020
30.000000,76,evening_peak,09:00,15.000000,-4.943338
30.000000,76,evening_peak,10:00,15.000000,-22.192240
30.000000,76,evening_peak,11:00,15.000000,24.919323
30.000000,76,evening_peak,12:00,15.000000,14.946536
30.000000,76,evening_peak,13:00,15.000000,16.761669
30.000000,76,evening_peak,14:00,45.000000,-33.760116
30.000000,76,evening_peak,15:00,45.000000,6.378608
30.000000,76,evening_peak,16:00,45.000000,19.412277
30.000000,76,evening_peak,17:00,45.000000,26.704518
30.000000,76,evening_peak,18:00,100.000000,38.709401
30.000000,76,evening_peak,19:00,100.000000,67.163534
30.000000,76,evening_peak,20:00,100.000000,105.335010
30.000000,76,evening_peak,21:00,100.000000,67.130036
30.000000,76,evening_peak,22:00,100.000000,97.345648
30.000000,76,evening_peak,23:00,45.000000,108.643230
30.000000,77,scarcity_peak,00:00,45.000000,47.550080
30.000000,77,scarcity_peak,01:00,45.000000,73.857925
30.000000,77,scarcity_peak,02:00,45.000000,30.693471
30.000000,77,scarcity_peak,03:00,45.000000,54.402112
30.000000,77,scarcity_peak,04:00,45.000000,39.283386
30.000000,77,scarcity_peak,05:00,45.000000,57.534343
30.000000,77,scarcity_peak,06:00,45.000000,24.498304
30.000000,77,scarcity_peak,07:00,45.000000,74.224645
30.000000,77,scarcity_peak,08:00,45.000000,36.724764
30.000000,77,scarcity_peak,09:00,15.000000,73.954635
30.000000,77,scarcity_peak,10:00,15.000000,36.213239
30.000000,77,scarcity_peak,11:00,15.000000,12.177242
30.000000,77,scarcity_peak,12:00,15.000000,40.163936
30.000000,77,scarcity_peak,13:00,15.000000,17.532935
30.000000,77,scarcity_peak,14:00,45.000000,12.889802
30.000000,77,scarcity_peak,15:00,45.000000,40.410940
30.000000,77,scarcity_peak,16:00,45.000000,34.942843
30.000000,77,scarcity_peak,17:00,45.000000,52.116854
30.000000,77,scarcity_peak,18:00,100.000000,76.041969
30.000000,77,scarcity_peak,19:00,100.000000,134.038266
30.000000,77,scarcity_peak,20:00,400.000000,75.477311
30.000000,77,scarcity_peak,21:00,100.000000,425.882392
30.000000,77,scarcity_peak,22:00,100.000000,97.169292
30.000000,77,scarcity_peak,23:00,45.000000,131.750730
30.000000,78,negative_midday,00:00,45.000000,48.529996
30.000000,78,negative_midday,01:00,45.000000,62.660094
30.000000,78,negative_midday,02:00,45.000000,91.089154
30.000000,78,negative_midday,03:00,45.000000,89.963972
30.000000,78,negative_midday,04:00,45.000000,101.290343
30.000000,78,negative_midday,05:00,45.000000,53.072178
30.000000,78,negative_midday,06:00,45.000000,57.553701
30.000000,78,negative_midday,07:00,45.000000,45.898935
30.000000,78,negative_midday,08:00,45.000000,97.367935
30.000000,78,negative_midday,09:00,15.000000,95.128400
30.000000,78,negative_midday,10:00,-30.000000,17.132507
30.000000,78,negative_midday,11:00,-30.000000,-24.405680
30.000000,78,negative_midday,12:00,-30.000000,-18.067344
30.000000,78,negative_midday,13:00,15.000000,-24.872325
30.000000,78,negative_midday,14:00,45.000000,58.241212
30.000000,78,negative_midday,15:00,45.000000,71.220389
30.000000,78,negative_midday,16:00,45.000000,82.416370
30.000000,78,negative_midday,17:00,45.000000,99.036316
30.000000,78,negative_midday,18:00,100.000000,45.953026
30.000000,78,negative_midday,19:00,100.000000,145.837951
30.000000,78,negative_midday,20:00,100.000000,103.700303
30.000000,78,negative_midday,21:00,100.000000,152.312577
30.000000,78,negative_midday,22:00,100.000000,143.686420
30.000000,78,negative_midday,23:00,45.000000,146.637417
30.000000,79,flat_missed_event,00:00,40.000000,51.437605
30.000000,79,flat_missed_event,01:00,40.000000,41.943123
30.000000,79,flat_missed_event,02:00,40.000000,31.544200
30.000000,79,flat_missed_event,03:00,40.000000,45.756889
30.000000,79,flat_missed_event,04:00,40.000000,51.190831
30.000000,79,flat_missed_event,05:00,40.000000,57.352385
30.000000,79,flat_missed_event,06:00,40.000000,35.879692
30.000000,79,flat_missed_event,07:00,40.000000,43.763859
30.000000,79,flat_missed_event,08:00,40.000000,61.742839
30.000000,79,flat_missed_event,09:00,40.000000,56.345074
30.000000,79,flat_missed_event,10:00,40.000000,39.144659
30.000000,79,flat_missed_event,11:00,40.000000,58.269006
30.000000,79,flat_missed_event,12:00,40.000000,61.260936
30.000000,79,flat_missed_event,13:00,40.000000,58.957403
30.000000,79,flat_missed_event,14:00,40.000000,21.177652
30.000000,79,flat_missed_event,15:00,40.000000,11.716397
30.000000,79,flat_missed_event,16:00,40.000000,40.452276
30.000000,79,flat_missed_event,17:00,40.000000,179.763080
30.000000,79,flat_missed_event,18:00,40.000000,28.556386
30.000000,79,flat_missed_event,19:00,40.000000,32.395763
30.000000,79,flat_missed_event,20:00,40.000000,14.148886
30.000000,79,flat_missed_event,21:00,40.000000,9.463084
30.000000,79,flat_missed_event,22:00,40.000000,41.878986
30.000000,79,flat_missed_event,23:00,40.000000,34.902606
30.000000,80,evening_peak,00:00,45.000000,57.270900
30.000000,80,evening_peak,01:00,45.000000,82.360053
30.000000,80,evening_peak,02:00,45.000000,68.669748
30.000000,80,evening_peak,03:00,45.000000,86.046937
30.000000,80,evening_peak,04:00,45.000000,59.790308
30.000000,80,evening_peak,05:00,45.000000,53.228162
30.000000,80,evening_peak,06:00,45.000000,78.802726
30.000000,80,evening_peak,07:00,45.000000,37.029560
30.000000,80,evening_peak,08:00,45.000000,46.749105
30.000000,80,evening_peak,09:00,15.000000,76.757803
30.000000,80,evening_peak,10:00,15.000000,11.308419
30.000000,80,evening_peak,11:00,15.000000,43.431547
30.000000,80,evening_peak,12:00,15.000000,31.780988
30.000000,80,evening_peak,13:00,15.000000,35.354327
30.000000,80,evening_peak,14:00,45.000000,20.757473
30.000000,80,evening_peak,15:00,45.000000,54.998761
30.000000,80,evening_peak,16:00,45.000000,91.347429
30.000000,80,evening_peak,17:00,45.000000,68.089872
30.000000,80,evening_peak,18:00,100.000000,72.160307
30.000000,80,evening_peak,19:00,100.000000,106.198447
30.000000,80,evening_peak,20:00,100.000000,112.153404
30.000000,80,evening_peak,21:00,100.000000,98.490409
30.000000,80,evening_peak,22:00,100.000000,146.388738
30.000000,80,evening_peak,23:00,45.000000,115.351103
30.000000,81,scarcity_peak,00:00,45.000000,5.548715
30.000000,81,scarcity_peak,01:00,45.000000,29.066564
30.000000,81,scarcity_peak,02:00,45.000000,14.207256
30.000000,81,scarcity_peak,03:00,45.000000,24.823054
30.000000,81,scarcity_peak,04:00,45.000000,15.370983
30.000000,81,scarcity_peak,05:00,45.000000,47.739432
30.000000,81,scarcity_peak,06:00,45.000000,1.931214
30.000000,81,scarcity_peak,07:00,45.000000,55.344738
30.000000,81,scarcity_peak,08:00,45.000000,19.127655
30.000000,81,scarcity_peak,09:00,15.000000,35.447093
30.000000,81,scarcity_peak,10:00,15.000000,-5.106576
30.000000,81,scarcity_peak,11:00,15.000000,-10.177148
30.000000,81,scarcity_peak,12:00,15.000000,-17.735390
30.000000,81,scarcity_peak,13:00,15.000000,-18.072350
30.000000,81,scarcity_peak,14:00,45.000000,0.228131
30.000000,81,scarcity_peak,15:00,45.000000,28.380938
30.000000,81,scarcity_peak,16:00,45.000000,11.074275
30.000000,81,scarcity_peak,17:00,45.000000,3.911404
30.000000,81,scarcity_peak,18:00,100.000000,43.696826
30.000000,81,scarcity_peak,19:00,100.000000,72.753429
30.000000,81,scarcity_peak,20:00,400.000000,81.856741
30.000000,81,scarcity_peak,21:00,100.000000,366.541007
30.000000,81,scarcity_peak,22:00,100.000000,101.024933
30.000000,81,scarcity_peak,23:00,45.000000,64.289498
30.000000,82,negative_midday,00:00,45.000000,65.722641
30.000000,82,negative_midday,01:00,45.000000,62.351934
30.000000,82,negative_midday,02:00,45.000000,73.221245
30.000000,82,negative_midday,03:00,45.000000,74.247380
30.000000,82,negative_midday,04:00,45.000000,77.174735
30.000000,82,negative_midday,05:00,45.000000,41.064170
30.000000,82,negative_midday,06:00,45.000000,35.896495
30.000000,82,negative_midday,07:00,45.000000,56.344126
30.000000,82,negative_midday,08:00,45.000000,83.213149
30.000000,82,negative_midday,09:00,15.000000,52.438883
30.000000,82,negative_midday,10:00,-30.000000,50.121512
30.000000,82,negative_midday,11:00,-30.000000,-48.114769
30.000000,82,negative_midday,12:00,-30.000000,-8.892280
30.000000,82,negative_midday,13:00,15.000000,-0.330154
30.000000,82,negative_midday,14:00,45.000000,3.818904
30.000000,82,negative_midday,15:00,45.000000,60.618824
30.000000,82,negative_midday,16:00,45.000000,24.814099
30.000000,82,negative_midday,17:00,45.000000,27.768053
30.000000,82,negative_midday,18:00,100.000000,78.293470
30.000000,82,negative_midday,19:00,100.000000,122.381695
30.000000,82,negative_midday,20:00,100.000000,109.995848
30.000000,82,negative_midday,21:00,100.000000,130.877229
30.000000,82,negative_midday,22:00,100.000000,83.372206
30.000000,82,negative_midday,23:00,45.000000,85.624136
30.000000,83,flat_missed_event,00:00,40.000000,9.172536
30.000000,83,flat_missed_event,01:00,40.000000,42.001109
30.000000,83,flat_missed_event,02:00,40.000000,-14.041833
30.000000,83,flat_missed_event,03:00,40.000000,16.520062
30.000000,83,flat_missed_event,04:00,40.000000,27.628864
30.000000,83,flat_missed_event,05:00,40.000000,30.875462
30.000000,83,flat_missed_event,06:00,40.000000,-2.275152
30.000000,83,flat_missed_event,07:00,40.000000,9.880401
30.000000,83,flat_missed_event,08:00,40.000000,-8.343624
30.000000,83,flat_missed_event,09:00,40.000000,10.335333
30.000000,83,flat_missed_event,10:00,40.000000,-3.129402
30.000000,83,flat_missed_event,11:00,40.000000,32.171320
30.000000,83,flat_missed_event,12:00,40.000000,12.720274
30.000000,83,flat_missed_event,13:00,40.000000,10.351513
30.000000,83,flat_missed_event,14:00,40.000000,23.507143
30.000000,83,flat_missed_event,15:00,40.000000,0.140298
30.000000,83,flat_missed_event,16:00,40.000000,13.266094
30.000000,83,flat_missed_event,17:00,40.000000,130.950689
30.000000,83,flat_missed_event,18:00,40.000000,0.106626
30.000000,83,flat_missed_event,19:00,40.000000,16.372557
30.000000,83,flat_missed_event,20:00,40.000000,23.909356
30.000000,83,flat_missed_event,21:00,40.000000,41.066440
30.000000,83,flat_missed_event,22:00,40.000000,26.966793
30.000000,83,flat_missed_event,23:00,40.000000,34.825090
30.000000,84,evening_peak,00:00,45.000000,15.013259
30.000000,84,evening_peak,01:00,45.000000,37.093888
30.000000,84,evening_peak,02:00,45.000000,52.729987
30.000000,84,evening_peak,03:00,45.000000,20.048477
30.000000,84,evening_peak,04:00,45.000000,37.643401
30.000000,84,evening_peak,05:00,45.000000,41.198508
30.000000,84,evening_peak,06:00,45.000000,46.529502
30.000000,84,evening_peak,07:00,45.000000,30.952070
30.000000,84,evening_peak,08:00,45.000000,66.316358
30.000000,84,evening_peak,09:00,15.000000,34.164186
30.000000,84,evening_peak,10:00,15.000000,22.832842
30.000000,84,evening_peak,11:00,15.000000,16.989057
30.000000,84,evening_peak,12:00,15.000000,43.146838
30.000000,84,evening_peak,13:00,15.000000,-8.331221
30.000000,84,evening_peak,14:00,45.000000,41.429494
30.000000,84,evening_peak,15:00,45.000000,38.751093
30.000000,84,evening_peak,16:00,45.000000,37.130449
30.000000,84,evening_peak,17:00,45.000000,41.623820
30.000000,84,evening_peak,18:00,100.000000,43.310175
30.000000,84,evening_peak,19:00,100.000000,82.991050
30.000000,84,evening_peak,20:00,100.000000,113.744963
30.000000,84,evening_peak,21:00,100.000000,76.378845
30.000000,84,evening_peak,22:00,100.000000,102.062915
30.000000,84,evening_peak,23:00,45.000000,114.347005
30.000000,85,scarcity_peak,00:00,45.000000,83.559409
30.000000,85,scarcity_peak,01:00,45.000000,74.548037
30.000000,85,scarcity_peak,02:00,45.000000,58.709363
30.000000,85,scarcity_peak,03:00,45.000000,55.404576
30.000000,85,scarcity_peak,04:00,45.000000,49.031063
30.000000,85,scarcity_peak,05:00,45.000000,41.560187
30.000000,85,scarcity_peak,06:00,45.000000,77.203753
30.000000,85,scarcity_peak,07:00,45.000000,94.290135
30.000000,85,scarcity_peak,08:00,45.000000,95.224717
30.000000,85,scarcity_peak,09:00,15.000000,53.588126
30.000000,85,scarcity_peak,10:00,15.000000,20.203040
30.000000,85,scarcity_peak,11:00,15.000000,38.528829
30.000000,85,scarcity_peak,12:00,15.000000,53.897697
30.000000,85,scarcity_peak,13:00,15.000000,53.232131
30.000000,85,scarcity_peak,14:00,45.000000,43.677938
30.000000,85,scarcity_peak,15:00,45.000000,73.336448
30.000000,85,scarcity_peak,16:00,45.000000,83.203418
30.000000,85,scarcity_peak,17:00,45.000000,45.208748
30.000000,85,scarcity_peak,18:00,100.000000,76.974034
30.000000,85,scarcity_peak,19:00,100.000000,142.447593
30.000000,85,scarcity_peak,20:00,400.000000,147.459429
30.000000,85,scarcity_peak,21:00,100.000000,435.445891
30.000000,85,scarcity_peak,22:00,100.000000,146.978670
30.000000,85,scarcity_peak,23:00,45.000000,134.936491
30.000000,86,negative_midday,00:00,45.000000,22.163379
30.000000,86,negative_midday,01:00,45.000000,62.746679
30.000000,86,negative_midday,02:00,45.000000,58.602869
30.000000,86,negative_midday,03:00,45.000000,21.910661
30.000000,86,negative_midday,04:00,45.000000,54.425475
30.000000,86,negative_midday,05:00,45.000000,33.915277
30.000000,86,negative_midday,06:00,45.000000,51.056945
30.000000,86,negative_midday,07:00,45.000000,5.472350
30.000000,86,negative_midday,08:00,45.000000,36.446579
30.000000,86,negative_midday,09:00,15.000000,6.890272
30.000000,86,negative_midday,10:00,-30.000000,-7.180500
30.000000,86,negative_midday,11:00,-30.000000,-59.474286
30.000000,86,negative_midday,12:00,-30.000000,-57.326065
30.000000,86,negative_midday,13:00,15.000000,-51.096177
30.000000,86,negative_midday,14:00,45.000000,28.523548
30.000000,86,negative_midday,15:00,45.000000,11.757398
30.000000,86,negative_midday,16:00,45.000000,14.351456
30.000000,86,negative_midday,17:00,45.000000,38.761603
30.000000,86,negative_midday,18:00,100.000000,4.607363
30.000000,86,negative_midday,19:00,100.000000,61.362283
30.000000,86,negative_midday,20:00,100.000000,115.781380
30.000000,86,negative_midday,21:00,100.000000,73.291343
30.000000,86,negative_midday,22:00,100.000000,99.274913
30.000000,86,negative_midday,23:00,45.000000,81.299085
30.000000,87,flat_missed_event,00:00,40.000000,27.373679
30.000000,87,flat_missed_event,01:00,40.000000,57.181053
30.000000,87,flat_missed_event,02:00,40.000000,28.422043
30.000000,87,flat_missed_event,03:00,40.000000,39.086837
30.000000,87,flat_missed_event,04:00,40.000000,61.447691
30.000000,87,flat_missed_event,05:00,40.000000,78.709983
30.000000,87,flat_missed_event,06:00,40.000000,29.106823
30.000000,87,flat_missed_event,07:00,40.000000,78.641744
30.000000,87,flat_missed_event,08:00,40.000000,63.706833
30.000000,87,flat_missed_event,09:00,40.000000,80.820953
30.000000,87,flat_missed_event,10:00,40.000000,76.741397
30.000000,87,flat_missed_event,11:00,40.000000,24.332324
30.000000,87,flat_missed_event,12:00,40.000000,83.153547
30.000000,87,flat_missed_event,13:00,40.000000,27.458300
30.000000,87,flat_missed_event,14:00,40.000000,74.189098
30.000000,87,flat_missed_event,15:00,40.000000,42.105674
30.000000,87,flat_missed_event,16:00,40.000000,24.646324
30.000000,87,flat_missed_event,17:00,40.000000,172.399077
30.000000,87,flat_missed_event,18:00,40.000000,36.754385
30.000000,87,flat_missed_event,19:00,40.000000,60.663557
30.000000,87,flat_missed_event,20:00,40.000000,30.163567
30.000000,87,flat_missed_event,21:00,40.000000,79.758539
30.000000,87,flat_missed_event,22:00,40.000000,27.165030
30.000000,87,flat_missed_event,23:00,40.000000,41.378028
30.000000,88,evening_peak,00:00,45.000000,33.491960
30.000000,88,evening_peak,01:00,45.000000,37.297217
30.000000,88,evening_peak,02:00,45.000000,39.000880
30.000000,88,evening_peak,03:00,45.000000,50.050677
30.000000,88,evening_peak,04:00,45.000000,13.877334
30.000000,88,evening_peak,05:00,45.000000,3.042755
30.000000,88,evening_peak,06:00,45.000000,0.750857
30.000000,88,evening_peak,07:00,45.000000,41.654792
30.000000,88,evening_peak,08:00,45.000000,44.787727
30.000000,88,evening_peak,09:00,15.000000,37.289495
30.000000,88,evening_peak,10:00,15.000000,-20.460603
30.000000,88,evening_peak,11:00,15.000000,20.567002
30.000000,88,evening_peak,12:00,15.000000,-3.693409
30.000000,88,evening_peak,13:00,15.000000,2.826103
30.000000,88,evening_peak,14:00,45.000000,-8.920008
30.000000,88,evening_peak,15:00,45.000000,19.481662
30.000000,88,evening_peak,16:00,45.000000,22.896830
30.000000,88,evening_peak,17:00,45.000000,53.029636
30.000000,88,evening_peak,18:00,100.000000,12.722286
30.000000,88,evening_peak,19:00,100.000000,66.324878
30.000000,88,evening_peak,20:00,100.000000,60.266182
30.000000,88,evening_peak,21:00,100.000000,107.664001
30.000000,88,evening_peak,22:00,100.000000,105.741339
30.000000,88,evening_peak,23:00,45.000000,53.554136
30.000000,89,scarcity_peak,00:00,45.000000,41.519406
30.000000,89,scarcity_peak,01:00,45.000000,28.901561
30.000000,89,scarcity_peak,02:00,45.000000,40.765972
30.000000,89,scarcity_peak,03:00,45.000000,40.932555
30.000000,89,scarcity_peak,04:00,45.000000,24.990269
30.000000,89,scarcity_peak,05:00,45.000000,61.028836
30.000000,89,scarcity_peak,06:00,45.000000,44.438836
30.000000,89,scarcity_peak,07:00,45.000000,74.690251
30.000000,89,scarcity_peak,08:00,45.000000,54.447049
30.000000,89,scarcity_peak,09:00,15.000000,59.495186
30.000000,89,scarcity_peak,10:00,15.000000,21.352492
30.000000,89,scarcity_peak,11:00,15.000000,26.706898
30.000000,89,scarcity_peak,12:00,15.000000,6.534968
30.000000,89,scarcity_peak,13:00,15.000000,16.655959
30.000000,89,scarcity_peak,14:00,45.000000,37.755763
30.000000,89,scarcity_peak,15:00,45.000000,54.947063
30.000000,89,scarcity_peak,16:00,45.000000,38.388732
30.000000,89,scarcity_peak,17:00,45.000000,78.575411
30.000000,89,scarcity_peak,18:00,100.000000,50.919797
30.000000,89,scarcity_peak,19:00,100.000000,95.862664
30.000000,89,scarcity_peak,20:00,400.000000,89.972680
30.000000,89,scarcity_peak,21:00,100.000000,414.894242
30.000000,89,scarcity_peak,22:00,100.000000,101.366350
30.000000,89,scarcity_peak,23:00,45.000000,133.550157
30.000000,90,negative_midday,00:00,45.000000,102.344102
30.000000,90,negative_midday,01:00,45.000000,64.308050
30.000000,90,negative_midday,02:00,45.000000,46.515874
30.000000,90,negative_midday,03:00,45.000000,46.457076
30.000000,90,negative_midday,04:00,45.000000,92.125484
30.000000,90,negative_midday,05:00,45.000000,85.718983
30.000000,90,negative_midday,06:00,45.000000,75.066218
30.000000,90,negative_midday,07:00,45.000000,77.979334
30.000000,90,negative_midday,08:00,45.000000,87.985498
30.000000,90,negative_midday,09:00,15.000000,78.762731
30.000000,90,negative_midday,10:00,-30.000000,20.599501
30.000000,90,negative_midday,11:00,-30.000000,-8.945814
30.000000,90,negative_midday,12:00,-30.000000,17.689169
30.000000,90,negative_midday,13:00,15.000000,-22.868236
30.000000,90,negative_midday,14:00,45.000000,28.214990
30.000000,90,negative_midday,15:00,45.000000,59.470949
30.000000,90,negative_midday,16:00,45.000000,87.693905
30.000000,90,negative_midday,17:00,45.000000,82.214034
30.000000,90,negative_midday,18:00,100.000000,99.575939
30.000000,90,negative_midday,19:00,100.000000,132.805740
30.000000,90,negative_midday,20:00,100.000000,120.966315
30.000000,90,negative_midday,21:00,100.000000,143.964071
30.000000,90,negative_midday,22:00,100.000000,145.989400
30.000000,90,negative_midday,23:00,45.000000,142.838000
30.000000,91,flat_missed_event,00:00,40.000000,52.859317
30.000000,91,flat_missed_event,01:00,40.000000,49.301152
30.000000,91,flat_missed_event,02:00,40.000000,18.989708
30.000000,91,flat_missed_event,03:00,40.000000,69.799878
30.000000,91,flat_missed_event,04:00,40.000000,43.786695
30.000000,91,flat_missed_event,05:00,40.000000,17.822936
30.000000,91,flat_missed_event,06:00,40.000000,44.096360
30.000000,91,flat_missed_event,07:00,40.000000,36.600804
30.000000,91,flat_missed_event,08:00,40.000000,26.956176
30.000000,91,flat_missed_event,09:00,40.000000,38.122472
30.000000,91,flat_missed_event,10:00,40.000000,40.375686
30.000000,91,flat_missed_event,11:00,40.000000,20.306083
30.000000,91,flat_missed_event,12:00,40.000000,51.056013
30.000000,91,flat_missed_event,13:00,40.000000,51.649360
30.000000,91,flat_missed_event,14:00,40.000000,53.117856
30.000000,91,flat_missed_event,15:00,40.000000,32.326115
30.000000,91,flat_missed_event,16:00,40.000000,21.432967
30.000000,91,flat_missed_event,17:00,40.000000,138.102340
30.000000,91,flat_missed_event,18:00,40.000000,11.094344
30.000000,91,flat_missed_event,19:00,40.000000,44.682368
30.000000,91,flat_missed_event,20:00,40.000000,44.089152
30.000000,91,flat_missed_event,21:00,40.000000,57.372367
30.000000,91,flat_missed_event,22:00,40.000000,46.541309
30.000000,91,flat_missed_event,23:00,40.000000,44.274137
30.000000,92,evening_peak,00:00,45.000000,58.937222
30.000000,92,evening_peak,01:00,45.000000,58.776624
30.000000,92,evening_peak,02:00,45.000000,91.729248
30.000000,92,evening_peak,03:00,45.000000,42.692608
30.000000,92,evening_peak,04:00,45.000000,56.844118
30.000000,92,evening_peak,05:00,45.000000,62.553155
30.000000,92,evening_peak,06:00,45.000000,92.372636
30.000000,92,evening_peak,07:00,45.000000,58.241885
30.000000,92,evening_peak,08:00,45.000000,64.557882
30.000000,92,evening_peak,09:00,15.000000,58.632760
30.000000,92,evening_peak,10:00,15.000000,65.077897
30.000000,92,evening_peak,11:00,15.000000,65.527100
30.000000,92,evening_peak,12:00,15.000000,67.678446
30.000000,92,evening_peak,13:00,15.000000,35.404064
30.000000,92,evening_peak,14:00,45.000000,18.996837
30.000000,92,evening_peak,15:00,45.000000,72.811642
30.000000,92,evening_peak,16:00,45.000000,43.811186
30.000000,92,evening_peak,17:00,45.000000,41.778482
30.000000,92,evening_peak,18:00,100.000000,55.319497
30.000000,92,evening_peak,19:00,100.000000,133.771475
30.000000,92,evening_peak,20:00,100.000000,134.245692
30.000000,92,evening_peak,21:00,100.000000,124.114555
30.000000,92,evening_peak,22:00,100.000000,99.107408
30.000000,92,evening_peak,23:00,45.000000,128.333803
30.000000,93,scarcity_peak,00:00,45.000000,7.207359
30.000000,93,scarcity_peak,01:00,45.000000,37.945877
30.000000,93,scarcity_peak,02:00,45.000000,32.809669
30.000000,93,scarcity_peak,03:00,45.000000,18.948823
30.000000,93,scarcity_peak,04:00,45.000000,8.683561
30.000000,93,scarcity_peak,05:00,45.000000,62.330123
30.000000,93,scarcity_peak,06:00,45.000000,66.457234
30.000000,93,scarcity_peak,07:00,45.000000,61.302986
30.000000,93,scarcity_peak,08:00,45.000000,15.377945
30.000000,93,scarcity_peak,09:00,15.000000,17.804830
30.000000,93,scarcity_peak,10:00,15.000000,3.787765
30.000000,93,scarcity_peak,11:00,15.000000,-6.906392
30.000000,93,scarcity_peak,12:00,15.000000,3.344894
30.000000,93,scarcity_peak,13:00,15.000000,35.865842
30.000000,93,scarcity_peak,14:00,45.000000,5.961069
30.000000,93,scarcity_peak,15:00,45.000000,51.339024
30.000000,93,scarcity_peak,16:00,45.000000,37.103613
30.000000,93,scarcity_peak,17:00,45.000000,37.593825
30.000000,93,scarcity_peak,18:00,100.000000,39.341629
30.000000,93,scarcity_peak,19:00,100.000000,109.544388
30.000000,93,scarcity_peak,20:00,400.000000,104.413080
30.000000,93,scarcity_peak,21:00,100.000000,364.041050
30.000000,93,scarcity_peak,22:00,100.000000,113.770832
30.000000,93,scarcity_peak,23:00,45.000000,73.059521
30.000000,94,negative_midday,00:00,45.000000,67.280889
30.000000,94,negative_midday,01:00,45.000000,86.110410
30.000000,94,negative_midday,02:00,45.000000,38.375421
30.000000,94,negative_midday,03:00,45.000000,69.770312
30.000000,94,negative_midday,04:00,45.000000,75.962833
30.000000,94,negative_midday,05:00,45.000000,53.320064
30.000000,94,negative_midday,06:00,45.000000,34.856373
30.000000,94,negative_midday,07:00,45.000000,49.304129
30.000000,94,negative_midday,08:00,45.000000,51.339027
30.000000,94,negative_midday,09:00,15.000000,40.406405
30.000000,94,negative_midday,10:00,-30.000000,45.627754
30.000000,94,negative_midday,11:00,-30.000000,-42.962590
30.000000,94,negative_midday,12:00,-30.000000,-30.896157
30.000000,94,negative_midday,13:00,15.000000,-6.517186
30.000000,94,negative_midday,14:00,45.000000,37.676935
30.000000,94,negative_midday,15:00,45.000000,53.684971
30.000000,94,negative_midday,16:00,45.000000,52.725470
30.000000,94,negative_midday,17:00,45.000000,40.587371
30.000000,94,negative_midday,18:00,100.000000,78.155020
30.000000,94,negative_midday,19:00,100.000000,93.630753
30.000000,94,negative_midday,20:00,100.000000,134.883497
30.000000,94,negative_midday,21:00,100.000000,121.827825
30.000000,94,negative_midday,22:00,100.000000,108.729158
30.000000,94,negative_midday,23:00,45.000000,100.631925
30.000000,95,flat_missed_event,00:00,40.000000,9.187207
30.000000,95,flat_missed_event,01:00,40.000000,5.877958
30.000000,95,flat_missed_event,02:00,40.000000,3.730139
30.000000,95,flat_missed_event,03:00,40.000000,40.296689
30.000000,95,flat_missed_event,04:00,40.000000,20.432707
30.000000,95,flat_missed_event,05:00,40.000000,10.677152
30.000000,95,flat_missed_event,06:00,40.000000,14.075365
30.000000,95,flat_missed_event,07:00,40.000000,45.941975
30.000000,95,flat_missed_event,08:00,40.000000,47.089658
30.000000,95,flat_missed_event,09:00,40.000000,-7.321366
30.000000,95,flat_missed_event,10:00,40.000000,-1.674473
30.000000,95,flat_missed_event,11:00,40.000000,39.179752
30.000000,95,flat_missed_event,12:00,40.000000,2.851720
30.000000,95,flat_missed_event,13:00,40.000000,10.610763
30.000000,95,flat_missed_event,14:00,40.000000,-8.253944
30.000000,95,flat_missed_event,15:00,40.000000,22.276087
30.000000,95,flat_missed_event,16:00,40.000000,35.144390
30.000000,95,flat_missed_event,17:00,40.000000,119.848413
30.000000,95,flat_missed_event,18:00,40.000000,42.563098
30.000000,95,flat_missed_event,19:00,40.000000,24.255553
30.000000,95,flat_missed_event,20:00,40.000000,46.457839
30.000000,95,flat_missed_event,21:00,40.000000,36.590990
30.000000,95,flat_missed_event,22:00,40.000000,35.472540
30.000000,95,flat_missed_event,23:00,40.000000,47.578609
30.000000,96,evening_peak,00:00,45.000000,76.576988
30.000000,96,evening_peak,01:00,45.000000,43.972172
30.000000,96,evening_peak,02:00,45.000000,74.231875
30.000000,96,evening_peak,03:00,45.000000,66.204523
30.000000,96,evening_peak,04:00,45.000000,30.474072
30.000000,96,evening_peak,05:00,45.000000,58.263619
30.000000,96,evening_peak,06:00,45.000000,47.311300
30.000000,96,evening_peak,07:00,45.000000,68.787098
30.000000,96,evening_peak,08:00,45.000000,24.129508
30.000000,96,evening_peak,09:00,15.000000,76.507451
30.000000,96,evening_peak,10:00,15.000000,31.950686
30.000000,96,evening_peak,11:00,15.000000,24.091409
30.000000,96,evening_peak,12:00,15.000000,18.098454
30.000000,96,evening_peak,13:00,15.000000,44.427943
30.000000,96,evening_peak,14:00,45.000000,13.491513
30.000000,96,evening_peak,15:00,45.000000,61.347876
30.000000,96,evening_peak,16:00,45.000000,33.173541
30.000000,96,evening_peak,17:00,45.000000,60.682409
30.000000,96,evening_peak,18:00,100.000000,35.792047
30.000000,96,evening_peak,19:00,100.000000,84.146945
30.000000,96,evening_peak,20:00,100.000000,79.681149
30.000000,96,evening_peak,21:00,100.000000,126.258517
30.000000,96,evening_peak,22:00,100.000000,113.887163
30.000000,96,evening_peak,23:00,45.000000,127.548703
30.000000,97,scarcity_peak,00:00,45.000000,25.011175
30.000000,97,scarcity_peak,01:00,45.000000,-7.095351
30.000000,97,scarcity_peak,02:00,45.000000,16.301247
30.000000,97,scarcity_peak,03:00,45.000000,34.431057
30.000000,97,scarcity_peak,04:00,45.000000,45.850054
30.000000,97,scarcity_peak,05:00,45.000000,-7.574274
30.000000,97,scarcity_peak,06:00,45.000000,21.647975
30.000000,97,scarcity_peak,07:00,45.000000,42.269188
30.000000,97,scarcity_peak,08:00,45.000000,1.383088
30.000000,97,scarcity_peak,09:00,15.000000,9.125981
30.000000,97,scarcity_peak,10:00,15.000000,14.408023
30.000000,97,scarcity_peak,11:00,15.000000,-30.366047
30.000000,97,scarcity_peak,12:00,15.000000,12.770888
30.000000,97,scarcity_peak,13:00,15.000000,-6.836671
30.000000,97,scarcity_peak,14:00,45.000000,-40.690726
30.000000,97,scarcity_peak,15:00,45.000000,36.769265
30.000000,97,scarcity_peak,16:00,45.000000,-10.847479
30.000000,97,scarcity_peak,17:00,45.000000,19.037281
30.000000,97,scarcity_peak,18:00,100.000000,14.514913
30.000000,97,scarcity_peak,19:00,100.000000,61.130940
30.000000,97,scarcity_peak,20:00,400.000000,49.930623
30.000000,97,scarcity_peak,21:00,100.000000,372.857610
30.000000,97,scarcity_peak,22:00,100.000000,98.680759
30.000000,97,scarcity_peak,23:00,45.000000,87.341938
30.000000,98,negative_midday,00:00,45.000000,25.590434
30.000000,98,negative_midday,01:00,45.000000,25.841535
30.000000,98,negative_midday,02:00,45.000000,20.745904
30.000000,98,negative_midday,03:00,45.000000,32.914231
30.000000,98,negative_midday,04:00,45.000000,49.475388
30.000000,98,negative_midday,05:00,45.000000,43.247458
30.000000,98,negative_midday,06:00,45.000000,64.480164
30.000000,98,negative_midday,07:00,45.000000,30.179940
30.000000,98,negative_midday,08:00,45.000000,33.527248
30.000000,98,negative_midday,09:00,15.000000,27.902545
30.000000,98,negative_midday,10:00,-30.000000,3.359488
30.000000,98,negative_midday,11:00,-30.000000,-5.566370
30.000000,98,negative_midday,12:00,-30.000000,-21.548979
30.000000,98,negative_midday,13:00,15.000000,-47.896681
30.000000,98,negative_midday,14:00,45.000000,-1.474734
30.000000,98,negative_midday,15:00,45.000000,39.396349
30.000000,98,negative_midday,16:00,45.000000,41.712906
30.000000,98,negative_midday,17:00,45.000000,14.688959
30.000000,98,negative_midday,18:00,100.000000,44.250032
30.000000,98,negative_midday,19:00,100.000000,103.765009
30.000000,98,negative_midday,20:00,100.000000,84.320669
30.000000,98,negative_midday,21:00,100.000000,100.639306
30.000000,98,negative_midday,22:00,100.000000,109.534067
30.000000,98,negative_midday,23:00,45.000000,92.284320
30.000000,99,flat_missed_event,00:00,40.000000,87.415497
30.000000,99,flat_missed_event,01:00,40.000000,65.542520
30.000000,99,flat_missed_event,02:00,40.000000,49.531913
30.000000,99,flat_missed_event,03:00,40.000000,76.261247
30.000000,99,flat_missed_event,04:00,40.000000,57.935362
30.000000,99,flat_missed_event,05:00,40.000000,30.409353
30.000000,99,flat_missed_event,06:00,40.000000,86.109862
30.000000,99,flat_missed_event,07:00,40.000000,56.393131
30.000000,99,flat_missed_event,08:00,40.000000,89.042805
30.000000,99,flat_missed_event,09:00,40.000000,40.027482
30.000000,99,flat_missed_event,10:00,40.000000,78.392171
30.000000,99,flat_missed_event,11:00,40.000000,72.617800
30.000000,99,flat_missed_event,12:00,40.000000,72.012620
30.000000,99,flat_missed_event,13:00,40.000000,86.809468
30.000000,99,flat_missed_event,14:00,40.000000,76.072118
30.000000,99,flat_missed_event,15:00,40.000000,63.096303
30.000000,99,flat_missed_event,16:00,40.000000,50.609542
30.000000,99,flat_missed_event,17:00,40.000000,190.998460
30.000000,99,flat_missed_event,18:00,40.000000,75.439879
30.000000,99,flat_missed_event,19:00,40.000000,63.569988
30.000000,99,flat_missed_event,20:00,40.000000,52.620090
30.000000,99,flat_missed_event,21:00,40.000000,68.746335
30.000000,99,flat_missed_event,22:00,40.000000,36.077931
30.000000,99,flat_missed_event,23:00,40.000000,54.414045
30.000000,100,evening_peak,00:00,45.000000,35.174634
30.000000,100,evening_peak,01:00,45.000000,59.250131
30.000000,100,evening_peak,02:00,45.000000,56.812249
30.000000,100,evening_peak,03:00,45.000000,29.417806
30.000000,100,evening_peak,04:00,45.000000,6.963462
30.000000,100,evening_peak,05:00,45.000000,31.365146
30.000000,100,evening_peak,06:00,45.000000,24.744957
30.000000,100,evening_peak,07:00,45.000000,18.077041
30.000000,100,evening_peak,08:00,45.000000,11.285661
30.000000,100,evening_peak,09:00,15.000000,8.195444
30.000000,100,evening_peak,10:00,15.000000,-24.105260
30.000000,100,evening_peak,11:00,15.000000,-2.092950
30.000000,100,evening_peak,12:00,15.000000,27.773684
30.000000,100,evening_peak,13:00,15.000000,10.837517
30.000000,100,evening_peak,14:00,45.000000,-10.422247
30.000000,100,evening_peak,15:00,45.000000,43.608941
30.000000,100,evening_peak,16:00,45.000000,49.179797
30.000000,100,evening_peak,17:00,45.000000,41.848003
30.000000,100,evening_peak,18:00,100.000000,10.483039
30.000000,100,evening_peak,19:00,100.000000,93.157070
30.000000,100,evening_peak,20:00,100.000000,82.592551
30.000000,100,evening_peak,21:00,100.000000,105.414610
30.000000,100,evening_peak,22:00,100.000000,99.963131
30.000000,100,evening_peak,23:00,45.000000,63.302685
30.000000,101,scarcity_peak,00:00,45.000000,43.153889
30.000000,101,scarcity_peak,01:00,45.000000,37.959637
30.000000,101,scarcity_peak,02:00,45.000000,64.098071
30.000000,101,scarcity_peak,03:00,45.000000,50.429781
30.000000,101,scarcity_peak,04:00,45.000000,81.828507
30.000000,101,scarcity_peak,05:00,45.000000,40.600227
30.000000,101,scarcity_peak,06:00,45.000000,60.592028
30.000000,101,scarcity_peak,07:00,45.000000,81.029716
30.000000,101,scarcity_peak,08:00,45.000000,50.948579
30.000000,101,scarcity_peak,09:00,15.000000,27.005958
30.000000,101,scarcity_peak,10:00,15.000000,32.716290
30.000000,101,scarcity_peak,11:00,15.000000,18.035315
30.000000,101,scarcity_peak,12:00,15.000000,23.178255
30.000000,101,scarcity_peak,13:00,15.000000,9.671509
30.000000,101,scarcity_peak,14:00,45.000000,6.297684
30.000000,101,scarcity_peak,15:00,45.000000,45.914642
30.000000,101,scarcity_peak,16:00,45.000000,38.024376
30.000000,101,scarcity_peak,17:00,45.000000,30.029150
30.000000,101,scarcity_peak,18:00,100.000000,43.639914
30.000000,101,scarcity_peak,19:00,100.000000,134.809156
30.000000,101,scarcity_peak,20:00,400.000000,116.526855
30.000000,101,scarcity_peak,21:00,100.000000,403.116107
30.000000,101,scarcity_peak,22:00,100.000000,113.888926
30.000000,101,scarcity_peak,23:00,45.000000,87.035630
30.000000,102,negative_midday,00:00,45.000000,44.163209
30.000000,102,negative_midday,01:00,45.000000,41.510103
30.000000,102,negative_midday,02:00,45.000000,6.469096
30.000000,102,negative_midday,03:00,45.000000,18.348888
30.000000,102,negative_midday,04:00,45.000000,29.396285
30.000000,102,negative_midday,05:00,45.000000,33.087601
30.000000,102,negative_midday,06:00,45.000000,27.471281
30.000000,102,negative_midday,07:00,45.000000,9.326574
30.000000,102,negative_midday,08:00,45.000000,-6.438518
30.000000,102,negative_midday,09:00,15.000000,46.169797
30.000000,102,negative_midday,10:00,-30.000000,16.646498
30.000000,102,negative_midday,11:00,-30.000000,-76.650862
30.000000,102,negative_midday,12:00,-30.000000,-69.714271
30.000000,102,negative_midday,13:00,15.000000,-30.887907
30.000000,102,negative_midday,14:00,45.000000,0.931476
30.000000,102,negative_midday,15:00,45.000000,20.449023
30.000000,102,negative_midday,16:00,45.000000,-5.994844
30.000000,102,negative_midday,17:00,45.000000,-4.067913
30.000000,102,negative_midday,18:00,100.000000,23.356766
30.000000,102,negative_midday,19:00,100.000000,51.777739
30.000000,102,negative_midday,20:00,100.000000,91.170562
30.000000,102,negative_midday,21:00,100.000000,72.378493
30.000000,102,negative_midday,22:00,100.000000,98.517971
30.000000,102,negative_midday,23:00,45.000000,91.860027
30.000000,103,flat_missed_event,00:00,40.000000,45.436338
30.000000,103,flat_missed_event,01:00,40.000000,20.875450
30.000000,103,flat_missed_event,02:00,40.000000,34.115577
30.000000,103,flat_missed_event,03:00,40.000000,47.310588
30.000000,103,flat_missed_event,04:00,40.000000,29.851087
30.000000,103,flat_missed_event,05:00,40.000000,24.699970
30.000000,103,flat_missed_event,06:00,40.000000,63.392790
30.000000,103,flat_missed_event,07:00,40.000000,20.567721
30.000000,103,flat_missed_event,08:00,40.000000,18.887788
30.000000,103,flat_missed_event,09:00,40.000000,54.396912
30.000000,103,flat_missed_event,10:00,40.000000,29.135614
30.000000,103,flat_missed_event,11:00,40.000000,65.077944
30.000000,103,flat_missed_event,12:00,40.000000,23.651271
30.000000,103,flat_missed_event,13:00,40.000000,45.601035
30.000000,103,flat_missed_event,14:00,40.000000,22.097940
30.000000,103,flat_missed_event,15:00,40.000000,49.089919
30.000000,103,flat_missed_event,16:00,40.000000,40.228315
30.000000,103,flat_missed_event,17:00,40.000000,164.792529
30.000000,103,flat_missed_event,18:00,40.000000,61.814475
30.000000,103,flat_missed_event,19:00,40.000000,64.026984
30.000000,103,flat_missed_event,20:00,40.000000,58.922015
30.000000,103,flat_missed_event,21:00,40.000000,47.664892
30.000000,103,flat_missed_event,22:00,40.000000,51.094064
30.000000,103,flat_missed_event,23:00,40.000000,50.004630
30.000000,104,evening_peak,00:00,45.000000,53.265050
30.000000,104,evening_peak,01:00,45.000000,62.936795
30.000000,104,evening_peak,02:00,45.000000,41.339393
30.000000,104,evening_peak,03:00,45.000000,44.700334
30.000000,104,evening_peak,04:00,45.000000,46.189853
30.000000,104,evening_peak,05:00,45.000000,83.983193
30.000000,104,evening_peak,06:00,45.000000,44.708083
30.000000,104,evening_peak,07:00,45.000000,88.940951
30.000000,104,evening_peak,08:00,45.000000,83.687113
30.000000,104,evening_peak,09:00,15.000000,78.425142
30.000000,104,evening_peak,10:00,15.000000,68.625816
30.000000,104,evening_peak,11:00,15.000000,46.675167
30.000000,104,evening_peak,12:00,15.000000,16.837052
30.000000,104,evening_peak,13:00,15.000000,19.861249
30.000000,104,evening_peak,14:00,45.000000,44.225444
30.000000,104,evening_peak,15:00,45.000000,86.760583
30.000000,104,evening_peak,16:00,45.000000,62.668304
30.000000,104,evening_peak,17:00,45.000000,53.537125
30.000000,104,evening_peak,18:00,100.000000,43.740705
30.000000,104,evening_peak,19:00,100.000000,99.576296
30.000000,104,evening_peak,20:00,100.000000,149.543307
30.000000,104,evening_peak,21:00,100.000000,105.933188
30.000000,104,evening_peak,22:00,100.000000,99.910306
30.000000,104,evening_peak,23:00,45.000000,133.755290
30.000000,105,scarcity_peak,00:00,45.000000,61.492824
30.000000,105,scarcity_peak,01:00,45.000000,53.246464
30.000000,105,scarcity_peak,02:00,45.000000,47.125693
30.000000,105,scarcity_peak,03:00,45.000000,20.960916
30.000000,105,scarcity_peak,04:00,45.000000,54.273320
30.000000,105,scarcity_peak,05:00,45.000000,59.392804
30.000000,105,scarcity_peak,06:00,45.000000,15.241182
30.000000,105,scarcity_peak,07:00,45.000000,47.149620
30.000000,105,scarcity_peak,08:00,45.000000,56.079983
30.000000,105,scarcity_peak,09:00,15.000000,37.611513
30.000000,105,scarcity_peak,10:00,15.000000,-9.207283
30.000000,105,scarcity_peak,11:00,15.000000,-7.821531
30.000000,105,scarcity_peak,12:00,15.000000,27.901422
30.000000,105,scarcity_peak,13:00,15.000000,28.791968
30.000000,105,scarcity_peak,14:00,45.000000,-17.909864
30.000000,105,scarcity_peak,15:00,45.000000,32.124299
30.000000,105,scarcity_peak,16:00,45.000000,56.037695
30.000000,105,scarcity_peak,17:00,45.000000,19.407324
30.000000,105,scarcity_peak,18:00,100.000000,15.371682
30.000000,105,scarcity_peak,19:00,100.000000,84.004300
30.000000,105,scarcity_peak,20:00,400.000000,120.341053
30.000000,105,scarcity_peak,21:00,100.000000,382.577712
30.000000,105,scarcity_peak,22:00,100.000000,100.152246
30.000000,105,scarcity_peak,23:00,45.000000,79.214108
30.000000,106,negative_midday,00:00,45.000000,62.053236
30.000000,106,negative_midday,01:00,45.000000,37.626986
30.000000,106,negative_midday,02:00,45.000000,48.805943
30.000000,106,negative_midday,03:00,45.000000,41.763897
30.000000,106,negative_midday,04:00,45.000000,65.656453
30.000000,106,negative_midday,05:00,45.000000,83.176745
30.000000,106,negative_midday,06:00,45.000000,58.987417
30.000000,106,negative_midday,07:00,45.000000,50.248048
30.000000,106,negative_midday,08:00,45.000000,65.762833
30.000000,106,negative_midday,09:00,15.000000,52.583493
30.000000,106,negative_midday,10:00,-30.000000,49.243070
30.000000,106,negative_midday,11:00,-30.000000,-42.959587
30.000000,106,negative_midday,12:00,-30.000000,3.441769
30.000000,106,negative_midday,13:00,15.000000,-13.852092
30.000000,106,negative_midday,14:00,45.000000,36.331447
30.000000,106,negative_midday,15:00,45.000000,69.960745
30.000000,106,negative_midday,16:00,45.000000,41.158582
30.000000,106,negative_midday,17:00,45.000000,67.615515
30.000000,106,negative_midday,18:00,100.000000,53.653473
30.000000,106,negative_midday,19:00,100.000000,121.528847
30.000000,106,negative_midday,20:00,100.000000,94.072505
30.000000,106,negative_midday,21:00,100.000000,112.100492
30.000000,106,negative_midday,22:00,100.000000,118.097914
30.000000,106,negative_midday,23:00,45.000000,106.240361
30.000000,107,flat_missed_event,00:00,40.000000,11.116387
30.000000,107,flat_missed_event,01:00,40.000000,27.714686
30.000000,107,flat_missed_event,02:00,40.000000,25.302150
30.000000,107,flat_missed_event,03:00,40.000000,10.432492
30.000000,107,flat_missed_event,04:00,40.000000,14.107120
30.000000,107,flat_missed_event,05:00,40.000000,22.599553
30.000000,107,flat_missed_event,06:00,40.000000,26.476894
30.000000,107,flat_missed_event,07:00,40.000000,9.167387
30.000000,107,flat_missed_event,08:00,40.000000,42.769840
30.000000,107,flat_missed_event,09:00,40.000000,12.472533
30.000000,107,flat_missed_event,10:00,40.000000,9.802978
30.000000,107,flat_missed_event,11:00,40.000000,46.678907
30.000000,107,flat_missed_event,12:00,40.000000,29.759766
30.000000,107,flat_missed_event,13:00,40.000000,2.448314
30.000000,107,flat_missed_event,14:00,40.000000,46.608366
30.000000,107,flat_missed_event,15:00,40.000000,43.719749
30.000000,107,flat_missed_event,16:00,40.000000,1.557141
30.000000,107,flat_missed_event,17:00,40.000000,154.154545
30.000000,107,flat_missed_event,18:00,40.000000,42.894199
30.000000,107,flat_missed_event,19:00,40.000000,22.040810
30.000000,107,flat_missed_event,20:00,40.000000,12.670366
30.000000,107,flat_missed_event,21:00,40.000000,26.932250
30.000000,107,flat_missed_event,22:00,40.000000,44.832507
30.000000,107,flat_missed_event,23:00,40.000000,57.172486
30.000000,108,evening_peak,00:00,45.000000,76.716562
30.000000,108,evening_peak,01:00,45.000000,86.643795
30.000000,108,evening_peak,02:00,45.000000,34.839715
30.000000,108,evening_peak,03:00,45.000000,83.181422
30.000000,108,evening_peak,04:00,45.000000,31.489948
30.000000,108,evening_peak,05:00,45.000000,81.407532
30.000000,108,evening_peak,06:00,45.000000,67.298531
30.000000,108,evening_peak,07:00,45.000000,45.228867
30.000000,108,evening_peak,08:00,45.000000,50.846832
30.000000,108,evening_peak,09:00,15.000000,32.649998
30.000000,108,evening_peak,10:00,15.000000,26.556842
30.000000,108,evening_peak,11:00,15.000000,31.437327
30.000000,108,evening_peak,12:00,15.000000,-0.067543
30.000000,108,evening_peak,13:00,15.000000,45.744705
30.000000,108,evening_peak,14:00,45.000000,57.067587
30.000000,108,evening_peak,15:00,45.000000,83.816571
30.000000,108,evening_peak,16:00,45.000000,59.562366
30.000000,108,evening_peak,17:00,45.000000,42.207759
30.000000,108,evening_peak,18:00,100.000000,78.595623
30.000000,108,evening_peak,19:00,100.000000,118.596804
30.000000,108,evening_peak,20:00,100.000000,102.599563
30.000000,108,evening_peak,21:00,100.000000,92.272528
30.000000,108,evening_peak,22:00,100.000000,118.988153
30.000000,108,evening_peak,23:00,45.000000,140.882952
30.000000,109,scarcity_peak,00:00,45.000000,27.105646
30.000000,109,scarcity_peak,01:00,45.000000,0.263507
30.000000,109,scarcity_peak,02:00,45.000000,37.136760
30.000000,109,scarcity_peak,03:00,45.000000,13.546514
30.000000,109,scarcity_peak,04:00,45.000000,35.406700
30.000000,109,scarcity_peak,05:00,45.000000,-1.168004
30.000000,109,scarcity_peak,06:00,45.000000,50.578128
30.000000,109,scarcity_peak,07:00,45.000000,3.814371
30.000000,109,scarcity_peak,08:00,45.000000,23.464661
30.000000,109,scarcity_peak,09:00,15.000000,51.967465
30.000000,109,scarcity_peak,10:00,15.000000,-35.869412
30.000000,109,scarcity_peak,11:00,15.000000,22.102859
30.000000,109,scarcity_peak,12:00,15.000000,-18.824985
30.000000,109,scarcity_peak,13:00,15.000000,-7.408948
30.000000,109,scarcity_peak,14:00,45.000000,-8.229658
30.000000,109,scarcity_peak,15:00,45.000000,28.427918
30.000000,109,scarcity_peak,16:00,45.000000,15.180909
30.000000,109,scarcity_peak,17:00,45.000000,38.174381
30.000000,109,scarcity_peak,18:00,100.000000,-3.434143
30.000000,109,scarcity_peak,19:00,100.000000,105.464001
30.000000,109,scarcity_peak,20:00,400.000000,77.397970
30.000000,109,scarcity_peak,21:00,100.000000,362.411591
30.000000,109,scarcity_peak,22:00,100.000000,107.649751
30.000000,109,scarcity_peak,23:00,45.000000,97.281054
30.000000,110,negative_midday,00:00,45.000000,27.636188
30.000000,110,negative_midday,01:00,45.000000,46.452282
30.000000,110,negative_midday,02:00,45.000000,42.658223
30.000000,110,negative_midday,03:00,45.000000,19.563102
30.000000,110,negative_midday,04:00,45.000000,50.276619
30.000000,110,negative_midday,05:00,45.000000,58.218355
30.000000,110,negative_midday,06:00,45.000000,73.254427
30.000000,110,negative_midday,07:00,45.000000,36.624172
30.000000,110,negative_midday,08:00,45.000000,29.361226
30.000000,110,negative_midday,09:00,15.000000,70.656700
30.000000,110,negative_midday,10:00,-30.000000,5.894579
30.000000,110,negative_midday,11:00,-30.000000,-1.837409
30.000000,110,negative_midday,12:00,-30.000000,-38.430424
30.000000,110,negative_midday,13:00,15.000000,-47.623924
30.000000,110,negative_midday,14:00,45.000000,34.746258
30.000000,110,negative_midday,15:00,45.000000,62.478143
30.000000,110,negative_midday,16:00,45.000000,68.241203
30.000000,110,negative_midday,17:00,45.000000,63.621254
30.000000,110,negative_midday,18:00,100.000000,41.887968
30.000000,110,negative_midday,19:00,100.000000,81.971681
30.000000,110,negative_midday,20:00,100.000000,107.335331
30.000000,110,negative_midday,21:00,100.000000,98.637714
30.000000,110,negative_midday,22:00,100.000000,125.552480
30.000000,110,negative_midday,23:00,45.000000,106.041546
30.000000,111,flat_missed_event,00:00,40.000000,89.321397
30.000000,111,flat_missed_event,01:00,40.000000,87.888869
30.000000,111,flat_missed_event,02:00,40.000000,69.654738
30.000000,111,flat_missed_event,03:00,40.000000,92.883958
30.000000,111,flat_missed_event,04:00,40.000000,47.825871
30.000000,111,flat_missed_event,05:00,40.000000,46.291737
30.000000,111,flat_missed_event,06:00,40.000000,50.429003
30.000000,111,flat_missed_event,07:00,40.000000,47.916986
30.000000,111,flat_missed_event,08:00,40.000000,55.809966
30.000000,111,flat_missed_event,09:00,40.000000,86.568433
30.000000,111,flat_missed_event,10:00,40.000000,71.343611
30.000000,111,flat_missed_event,11:00,40.000000,80.169635
30.000000,111,flat_missed_event,12:00,40.000000,41.098310
30.000000,111,flat_missed_event,13:00,40.000000,87.050075
30.000000,111,flat_missed_event,14:00,40.000000,59.819704
30.000000,111,flat_missed_event,15:00,40.000000,88.978077
30.000000,111,flat_missed_event,16:00,40.000000,47.152090
30.000000,111,flat_missed_event,17:00,40.000000,165.049583
30.000000,111,flat_missed_event,18:00,40.000000,73.561341
30.000000,111,flat_missed_event,19:00,40.000000,76.575732
30.000000,111,flat_missed_event,20:00,40.000000,75.169527
30.000000,111,flat_missed_event,21:00,40.000000,94.731230
30.000000,111,flat_missed_event,22:00,40.000000,60.052543
30.000000,111,flat_missed_event,23:00,40.000000,63.893509
30.000000,112,evening_peak,00:00,45.000000,35.335069
30.000000,112,evening_peak,01:00,45.000000,11.783478
30.000000,112,evening_peak,02:00,45.000000,20.605486
30.000000,112,evening_peak,03:00,45.000000,14.648500
30.000000,112,evening_peak,04:00,45.000000,8.229800
30.000000,112,evening_peak,05:00,45.000000,12.010894
30.000000,112,evening_peak,06:00,45.000000,29.792142
30.000000,112,evening_peak,07:00,45.000000,56.517677
30.000000,112,evening_peak,08:00,45.000000,63.492770
30.000000,112,evening_peak,09:00,15.000000,50.555368
30.000000,112,evening_peak,10:00,15.000000,-14.483841
30.000000,112,evening_peak,11:00,15.000000,4.579055
30.000000,112,evening_peak,12:00,15.000000,11.817490
30.000000,112,evening_peak,13:00,15.000000,2.802921
30.000000,112,evening_peak,14:00,45.000000,22.021827
30.000000,112,evening_peak,15:00,45.000000,35.279952
30.000000,112,evening_peak,16:00,45.000000,11.469690
30.000000,112,evening_peak,17:00,45.000000,16.253111
30.000000,112,evening_peak,18:00,100.000000,52.236789
30.000000,112,evening_peak,19:00,100.000000,76.572878
30.000000,112,evening_peak,20:00,100.000000,109.622299
30.000000,112,evening_peak,21:00,100.000000,93.944088
30.000000,112,evening_peak,22:00,100.000000,105.197851
30.000000,112,evening_peak,23:00,45.000000,76.764886
30.000000,113,scarcity_peak,00:00,45.000000,45.304181
30.000000,113,scarcity_peak,01:00,45.000000,74.958142
30.000000,113,scarcity_peak,02:00,45.000000,81.428079
30.000000,113,scarcity_peak,03:00,45.000000,82.505314
30.000000,113,scarcity_peak,04:00,45.000000,71.822908
30.000000,113,scarcity_peak,05:00,45.000000,51.211071
30.000000,113,scarcity_peak,06:00,45.000000,58.069103
30.000000,113,scarcity_peak,07:00,45.000000,74.325724
30.000000,113,scarcity_peak,08:00,45.000000,39.257055
30.000000,113,scarcity_peak,09:00,15.000000,69.340223
30.000000,113,scarcity_peak,10:00,15.000000,27.070483
30.000000,113,scarcity_peak,11:00,15.000000,10.637001
30.000000,113,scarcity_peak,12:00,15.000000,52.500489
30.000000,113,scarcity_peak,13:00,15.000000,11.092420
30.000000,113,scarcity_peak,14:00,45.000000,12.504117
30.000000,113,scarcity_peak,15:00,45.000000,70.253709
30.000000,113,scarcity_peak,16:00,45.000000,64.535651
30.000000,113,scarcity_peak,17:00,45.000000,79.408385
30.000000,113,scarcity_peak,18:00,100.000000,38.807883
30.000000,113,scarcity_peak,19:00,100.000000,113.103962
30.000000,113,scarcity_peak,20:00,400.000000,143.749242
30.000000,113,scarcity_peak,21:00,100.000000,401.100436
30.000000,113,scarcity_peak,22:00,100.000000,127.088296
30.000000,113,scarcity_peak,23:00,45.000000,99.983034
30.000000,114,negative_midday,00:00,45.000000,46.187626
30.000000,114,negative_midday,01:00,45.000000,1.414416
30.000000,114,negative_midday,02:00,45.000000,27.091334
30.000000,114,negative_midday,03:00,45.000000,42.846844
30.000000,114,negative_midday,04:00,45.000000,26.217236
30.000000,114,negative_midday,05:00,45.000000,48.620634
30.000000,114,negative_midday,06:00,45.000000,41.310116
30.000000,114,negative_midday,07:00,45.000000,17.751625
30.000000,114,negative_midday,08:00,45.000000,49.262493
30.000000,114,negative_midday,09:00,15.000000,24.643586
30.000000,114,negative_midday,10:00,-30.000000,16.702159
30.000000,114,negative_midday,11:00,-30.000000,-24.189244
30.000000,114,negative_midday,12:00,-30.000000,-26.961532
30.000000,114,negative_midday,13:00,15.000000,-30.974777
30.000000,114,negative_midday,14:00,45.000000,7.032556
30.000000,114,negative_midday,15:00,45.000000,42.816411
30.000000,114,negative_midday,16:00,45.000000,20.436551
30.000000,114,negative_midday,17:00,45.000000,15.454589
30.000000,114,negative_midday,18:00,100.000000,17.018989
30.000000,114,negative_midday,19:00,100.000000,111.539135
30.000000,114,negative_midday,20:00,100.000000,54.070686
30.000000,114,negative_midday,21:00,100.000000,69.303617
30.000000,114,negative_midday,22:00,100.000000,111.598158
30.000000,114,negative_midday,23:00,45.000000,105.423666
30.000000,115,flat_missed_event,00:00,40.000000,47.345486
30.000000,115,flat_missed_event,01:00,40.000000,27.935134
30.000000,115,flat_missed_event,02:00,40.000000,52.026640
30.000000,115,flat_missed_event,03:00,40.000000,41.782641
30.000000,115,flat_missed_event,04:00,40.000000,23.023075
30.000000,115,flat_missed_event,05:00,40.000000,36.029271
30.000000,115,flat_missed_event,06:00,40.000000,72.138164
30.000000,115,flat_missed_event,07:00,40.000000,28.862359
30.000000,115,flat_missed_event,08:00,40.000000,45.531837
30.000000,115,flat_missed_event,09:00,40.000000,44.122184
30.000000,115,flat_missed_event,10:00,40.000000,38.252631
30.000000,115,flat_missed_event,11:00,40.000000,53.767979
30.000000,115,flat_missed_event,12:00,40.000000,50.524054
30.000000,115,flat_missed_event,13:00,40.000000,38.245649
30.000000,115,flat_missed_event,14:00,40.000000,54.434603
30.000000,115,flat_missed_event,15:00,40.000000,70.166959
30.000000,115,flat_missed_event,16:00,40.000000,68.025325
30.000000,115,flat_missed_event,17:00,40.000000,146.687753
30.000000,115,flat_missed_event,18:00,40.000000,42.870158
30.000000,115,flat_missed_event,19:00,40.000000,55.733253
30.000000,115,flat_missed_event,20:00,40.000000,21.949740
30.000000,115,flat_missed_event,21:00,40.000000,36.143865
30.000000,115,flat_missed_event,22:00,40.000000,59.950533
30.000000,115,flat_missed_event,23:00,40.000000,63.154739
30.000000,116,evening_peak,00:00,45.000000,-6.375875
30.000000,116,evening_peak,01:00,45.000000,27.098977
30.000000,116,evening_peak,02:00,45.000000,2.895332
30.000000,116,evening_peak,03:00,45.000000,37.318299
30.000000,116,evening_peak,04:00,45.000000,43.578145
30.000000,116,evening_peak,05:00,45.000000,32.265568
30.000000,116,evening_peak,06:00,45.000000,45.849884
30.000000,116,evening_peak,07:00,45.000000,20.273070
30.000000,116,evening_peak,08:00,45.000000,19.390512
30.000000,116,evening_peak,09:00,15.000000,8.497668
30.000000,116,evening_peak,10:00,15.000000,2.800016
30.000000,116,evening_peak,11:00,15.000000,-21.895393
30.000000,116,evening_peak,12:00,15.000000,-38.843074
30.000000,116,evening_peak,13:00,15.000000,-39.989442
30.000000,116,evening_peak,14:00,45.000000,-39.691154
30.000000,116,evening_peak,15:00,45.000000,20.638416
30.000000,116,evening_peak,16:00,45.000000,-0.949728
30.000000,116,evening_peak,17:00,45.000000,27.600784
30.000000,116,evening_peak,18:00,100.000000,27.180956
30.000000,116,evening_peak,19:00,100.000000,86.199303
30.000000,116,evening_peak,20:00,100.000000,52.931373
30.000000,116,evening_peak,21:00,100.000000,43.674613
30.000000,116,evening_peak,22:00,100.000000,60.051713
30.000000,116,evening_peak,23:00,45.000000,83.573929
30.000000,117,scarcity_peak,00:00,45.000000,57.648241
30.000000,117,scarcity_peak,01:00,45.000000,60.403035
30.000000,117,scarcity_peak,02:00,45.000000,64.913043
30.000000,117,scarcity_peak,03:00,45.000000,45.195808
30.000000,117,scarcity_peak,04:00,45.000000,47.787001
30.000000,117,scarcity_peak,05:00,45.000000,41.180099
30.000000,117,scarcity_peak,06:00,45.000000,28.012305
30.000000,117,scarcity_peak,07:00,45.000000,23.584782
30.000000,117,scarcity_peak,08:00,45.000000,21.787895
30.000000,117,scarcity_peak,09:00,15.000000,31.311925
30.000000,117,scarcity_peak,10:00,15.000000,-0.213135
30.000000,117,scarcity_peak,11:00,15.000000,-0.585883
30.000000,117,scarcity_peak,12:00,15.000000,9.596491
30.000000,117,scarcity_peak,13:00,15.000000,20.486525
30.000000,117,scarcity_peak,14:00,45.000000,14.762927
30.000000,117,scarcity_peak,15:00,45.000000,53.539959
30.000000,117,scarcity_peak,16:00,45.000000,21.889922
30.000000,117,scarcity_peak,17:00,45.000000,53.275259
30.000000,117,scarcity_peak,18:00,100.000000,13.215994
30.000000,117,scarcity_peak,19:00,100.000000,122.968906
30.000000,117,scarcity_peak,20:00,400.000000,86.860752
30.000000,117,scarcity_peak,21:00,100.000000,372.707613
30.000000,117,scarcity_peak,22:00,100.000000,112.178491
30.000000,117,scarcity_peak,23:00,45.000000,92.432320
30.000000,118,negative_midday,00:00,45.000000,67.617537
30.000000,118,negative_midday,01:00,45.000000,61.705125
30.000000,118,negative_midday,02:00,45.000000,70.501764
30.000000,118,negative_midday,03:00,45.000000,73.661417
30.000000,118,negative_midday,04:00,45.000000,62.490758
30.000000,118,negative_midday,05:00,45.000000,96.837475
30.000000,118,negative_midday,06:00,45.000000,56.359655
30.000000,118,negative_midday,07:00,45.000000,41.575682
30.000000,118,negative_midday,08:00,45.000000,62.323195
30.000000,118,negative_midday,09:00,15.000000,50.039876
30.000000,118,negative_midday,10:00,-30.000000,51.278710
30.000000,118,negative_midday,11:00,-30.000000,-35.709076
30.000000,118,negative_midday,12:00,-30.000000,-24.915578
30.000000,118,negative_midday,13:00,15.000000,-19.911640
30.000000,118,negative_midday,14:00,45.000000,65.321598
30.000000,118,negative_midday,15:00,45.000000,91.400039
30.000000,118,negative_midday,16:00,45.000000,71.226103
30.000000,118,negative_midday,17:00,45.000000,56.337546
30.000000,118,negative_midday,18:00,100.000000,45.847762
30.000000,118,negative_midday,19:00,100.000000,152.483963
30.000000,118,negative_midday,20:00,100.000000,119.430041
30.000000,118,negative_midday,21:00,100.000000,138.008190
30.000000,118,negative_midday,22:00,100.000000,126.873144
30.000000,118,negative_midday,23:00,45.000000,115.728556
30.000000,119,flat_missed_event,00:00,40.000000,1.787071
30.000000,119,flat_missed_event,01:00,40.000000,43.106874
30.000000,119,flat_missed_event,02:00,40.000000,38.656367
30.000000,119,flat_missed_event,03:00,40.000000,27.300593
30.000000,119,flat_missed_event,04:00,40.000000,-0.344309
30.000000,119,flat_missed_event,05:00,40.000000,22.308583
30.000000,119,flat_missed_event,06:00,40.000000,35.035719
30.000000,119,flat_missed_event,07:00,40.000000,7.979107
30.000000,119,flat_missed_event,08:00,40.000000,1.797859
30.000000,119,flat_missed_event,09:00,40.000000,-1.330145
30.000000,119,flat_missed_event,10:00,40.000000,56.609205
30.000000,119,flat_missed_event,11:00,40.000000,46.502211
30.000000,119,flat_missed_event,12:00,40.000000,38.871951
30.000000,119,flat_missed_event,13:00,40.000000,2.488931
30.000000,119,flat_missed_event,14:00,40.000000,15.554324
30.000000,119,flat_missed_event,15:00,40.000000,-0.019454
30.000000,119,flat_missed_event,16:00,40.000000,20.334539
30.000000,119,flat_missed_event,17:00,40.000000,165.459337
30.000000,119,flat_missed_event,18:00,40.000000,18.158732
30.000000,119,flat_missed_event,19:00,40.000000,36.683831
30.000000,119,flat_missed_event,20:00,40.000000,27.967672
30.000000,119,flat_missed_event,21:00,40.000000,16.234618
30.000000,119,flat_missed_event,22:00,40.000000,49.831923
30.000000,119,flat_missed_event,23:00,40.000000,3.135743
90.000000,0,evening_peak,00:00,45.000000,203.412405
90.000000,0,evening_peak,01:00,45.000000,231.262785
90.000000,0,evening_peak,02:00,45.000000,126.314457
90.000000,0,evening_peak,03:00,45.000000,179.710832
90.000000,0,evening_peak,04:00,45.000000,164.962309
90.000000,0,evening_peak,05:00,45.000000,183.471163
90.000000,0,evening_peak,06:00,45.000000,104.730630
90.000000,0,evening_peak,07:00,45.000000,162.707575
90.000000,0,evening_peak,08:00,45.000000,78.123880
90.000000,0,evening_peak,09:00,15.000000,64.504489
90.000000,0,evening_peak,10:00,15.000000,59.604406
90.000000,0,evening_peak,11:00,15.000000,97.104073
90.000000,0,evening_peak,12:00,15.000000,13.037163
90.000000,0,evening_peak,13:00,15.000000,26.517328
90.000000,0,evening_peak,14:00,45.000000,141.902270
90.000000,0,evening_peak,15:00,45.000000,97.061298
90.000000,0,evening_peak,16:00,45.000000,141.184377
90.000000,0,evening_peak,17:00,45.000000,102.672451
90.000000,0,evening_peak,18:00,100.000000,97.529095
90.000000,0,evening_peak,19:00,100.000000,57.591959
90.000000,0,evening_peak,20:00,100.000000,154.128230
90.000000,0,evening_peak,21:00,100.000000,116.311106
90.000000,0,evening_peak,22:00,100.000000,242.539820
90.000000,0,evening_peak,23:00,45.000000,109.037087
90.000000,1,scarcity_peak,00:00,45.000000,47.462220
90.000000,1,scarcity_peak,01:00,45.000000,152.421597
90.000000,1,scarcity_peak,02:00,45.000000,-29.934345
90.000000,1,scarcity_peak,03:00,45.000000,-68.294162
90.000000,1,scarcity_peak,04:00,45.000000,24.832925
90.000000,1,scarcity_peak,05:00,45.000000,65.111913
90.000000,1,scarcity_peak,06:00,45.000000,34.875005
90.000000,1,scarcity_peak,07:00,45.000000,83.375475
90.000000,1,scarcity_peak,08:00,45.000000,-3.942151
90.000000,1,scarcity_peak,09:00,15.000000,-57.511251
90.000000,1,scarcity_peak,10:00,15.000000,51.414092
90.000000,1,scarcity_peak,11:00,15.000000,-29.457146
90.000000,1,scarcity_peak,12:00,15.000000,1.684164
90.000000,1,scarcity_peak,13:00,15.000000,48.407032
90.000000,1,scarcity_peak,14:00,45.000000,-21.564009
90.000000,1,scarcity_peak,15:00,45.000000,-66.371005
90.000000,1,scarcity_peak,16:00,45.000000,30.464943
90.000000,1,scarcity_peak,17:00,45.000000,-66.910245
90.000000,1,scarcity_peak,18:00,100.000000,36.656535
90.000000,1,scarcity_peak,19:00,100.000000,57.378283
90.000000,1,scarcity_peak,20:00,400.000000,65.524435
90.000000,1,scarcity_peak,21:00,100.000000,111.345142
90.000000,1,scarcity_peak,22:00,100.000000,118.578665
90.000000,1,scarcity_peak,23:00,45.000000,289.373853
90.000000,2,negative_midday,00:00,45.000000,229.065360
90.000000,2,negative_midday,01:00,45.000000,111.363294
90.000000,2,negative_midday,02:00,45.000000,65.235101
90.000000,2,negative_midday,03:00,45.000000,17.253064
90.000000,2,negative_midday,04:00,45.000000,35.666306
90.000000,2,negative_midday,05:00,45.000000,51.953317
90.000000,2,negative_midday,06:00,45.000000,13.046397
90.000000,2,negative_midday,07:00,45.000000,92.241430
90.000000,2,negative_midday,08:00,45.000000,182.572803
90.000000,2,negative_midday,09:00,15.000000,177.870695
90.000000,2,negative_midday,10:00,-30.000000,181.765578
90.000000,2,negative_midday,11:00,-30.000000,179.868279
90.000000,2,negative_midday,12:00,-30.000000,147.530707
90.000000,2,negative_midday,13:00,15.000000,5.180148
90.000000,2,negative_midday,14:00,45.000000,73.435987
90.000000,2,negative_midday,15:00,45.000000,-14.758664
90.000000,2,negative_midday,16:00,45.000000,-12.982016
90.000000,2,negative_midday,17:00,45.000000,100.110826
90.000000,2,negative_midday,18:00,100.000000,170.979195
90.000000,2,negative_midday,19:00,100.000000,77.061272
90.000000,2,negative_midday,20:00,100.000000,166.213607
90.000000,2,negative_midday,21:00,100.000000,107.452898
90.000000,2,negative_midday,22:00,100.000000,72.373798
90.000000,2,negative_midday,23:00,45.000000,206.764582
90.000000,3,flat_missed_event,00:00,40.000000,19.724847
90.000000,3,flat_missed_event,01:00,40.000000,61.628451
90.000000,3,flat_missed_event,02:00,40.000000,-102.806439
90.000000,3,flat_missed_event,03:00,40.000000,4.883716
90.000000,3,flat_missed_event,04:00,40.000000,-104.427379
90.000000,3,flat_missed_event,05:00,40.000000,-4.423611
90.000000,3,flat_missed_event,06:00,40.000000,-86.383294
90.000000,3,flat_missed_event,07:00,40.000000,-83.586539
90.000000,3,flat_missed_event,08:00,40.000000,-71.552997
90.000000,3,flat_missed_event,09:00,40.000000,38.698381
90.000000,3,flat_missed_event,10:00,40.000000,-12.247796
90.000000,3,flat_missed_event,11:00,40.000000,36.320728
90.000000,3,flat_missed_event,12:00,40.000000,23.945218
90.000000,3,flat_missed_event,13:00,40.000000,-81.014413
90.000000,3,flat_missed_event,14:00,40.000000,25.621270
90.000000,3,flat_missed_event,15:00,40.000000,-10.641348
90.000000,3,flat_missed_event,16:00,40.000000,-3.914193
90.000000,3,flat_missed_event,17:00,40.000000,352.504138
90.000000,3,flat_missed_event,18:00,40.000000,-93.895770
90.000000,3,flat_missed_event,19:00,40.000000,-22.852269
90.000000,3,flat_missed_event,20:00,40.000000,-98.436411
90.000000,3,flat_missed_event,21:00,40.000000,69.320429
90.000000,3,flat_missed_event,22:00,40.000000,56.305203
90.000000,3,flat_missed_event,23:00,40.000000,25.571254
90.000000,4,evening_peak,00:00,45.000000,77.475751
90.000000,4,evening_peak,01:00,45.000000,50.924525
90.000000,4,evening_peak,02:00,45.000000,92.601064
90.000000,4,evening_peak,03:00,45.000000,113.922254
90.000000,4,evening_peak,04:00,45.000000,88.472941
90.000000,4,evening_peak,05:00,45.000000,-20.976986
90.000000,4,evening_peak,06:00,45.000000,20.704621
90.000000,4,evening_peak,07:00,45.000000,11.278650
90.000000,4,evening_peak,08:00,45.000000,116.200836
90.000000,4,evening_peak,09:00,15.000000,96.219050
90.000000,4,evening_peak,10:00,15.000000,110.790893
90.000000,4,evening_peak,11:00,15.000000,64.256667
90.000000,4,evening_peak,12:00,15.000000,-19.046542
90.000000,4,evening_peak,13:00,15.000000,77.984531
90.000000,4,evening_peak,14:00,45.000000,-20.439891
90.000000,4,evening_peak,15:00,45.000000,67.078657
90.000000,4,evening_peak,16:00,45.000000,14.137583
90.000000,4,evening_peak,17:00,45.000000,137.808717
90.000000,4,evening_peak,18:00,100.000000,25.387171
90.000000,4,evening_peak,19:00,100.000000,86.333102
90.000000,4,evening_peak,20:00,100.000000,-7.255609
90.000000,4,evening_peak,21:00,100.000000,29.199535
90.000000,4,evening_peak,22:00,100.000000,63.697239
90.000000,4,evening_peak,23:00,45.000000,108.055794
90.000000,5,scarcity_peak,00:00,45.000000,100.981517
90.000000,5,scarcity_peak,01:00,45.000000,20.715412
90.000000,5,scarcity_peak,02:00,45.000000,-82.511371
90.000000,5,scarcity_peak,03:00,45.000000,-0.334938
90.000000,5,scarcity_peak,04:00,45.000000,-47.031112
90.000000,5,scarcity_peak,05:00,45.000000,-48.171927
90.000000,5,scarcity_peak,06:00,45.000000,-35.128007
90.000000,5,scarcity_peak,07:00,45.000000,-114.991358
90.000000,5,scarcity_peak,08:00,45.000000,32.561380
90.000000,5,scarcity_peak,09:00,15.000000,-15.859061
90.000000,5,scarcity_peak,10:00,15.000000,-119.068394
90.000000,5,scarcity_peak,11:00,15.000000,-52.374167
90.000000,5,scarcity_peak,12:00,15.000000,12.851635
90.000000,5,scarcity_peak,13:00,15.000000,-99.673831
90.000000,5,scarcity_peak,14:00,45.000000,-38.024711
90.000000,5,scarcity_peak,15:00,45.000000,-106.092078
90.000000,5,scarcity_peak,16:00,45.000000,-18.064719
90.000000,5,scarcity_peak,17:00,45.000000,34.012770
90.000000,5,scarcity_peak,18:00,100.000000,-21.482106
90.000000,5,scarcity_peak,19:00,100.000000,-3.685398
90.000000,5,scarcity_peak,20:00,400.000000,-95.375557
90.000000,5,scarcity_peak,21:00,100.000000,-42.406427
90.000000,5,scarcity_peak,22:00,100.000000,73.051759
90.000000,5,scarcity_peak,23:00,45.000000,286.640861
90.000000,6,negative_midday,00:00,45.000000,104.029669
90.000000,6,negative_midday,01:00,45.000000,154.564433
90.000000,6,negative_midday,02:00,45.000000,25.515656
90.000000,6,negative_midday,03:00,45.000000,108.459166
90.000000,6,negative_midday,04:00,45.000000,-34.385498
90.000000,6,negative_midday,05:00,45.000000,24.574999
90.000000,6,negative_midday,06:00,45.000000,51.302328
90.000000,6,negative_midday,07:00,45.000000,119.985170
90.000000,6,negative_midday,08:00,45.000000,40.479904
90.000000,6,negative_midday,09:00,15.000000,64.537947
90.000000,6,negative_midday,10:00,-30.000000,52.813328
90.000000,6,negative_midday,11:00,-30.000000,-32.723233
90.000000,6,negative_midday,12:00,-30.000000,-2.806823
90.000000,6,negative_midday,13:00,15.000000,-122.849774
90.000000,6,negative_midday,14:00,45.000000,47.385621
90.000000,6,negative_midday,15:00,45.000000,-47.434250
90.000000,6,negative_midday,16:00,45.000000,51.017267
90.000000,6,negative_midday,17:00,45.000000,44.300668
90.000000,6,negative_midday,18:00,100.000000,92.048879
90.000000,6,negative_midday,19:00,100.000000,17.247832
90.000000,6,negative_midday,20:00,100.000000,7.113347
90.000000,6,negative_midday,21:00,100.000000,138.107347
90.000000,6,negative_midday,22:00,100.000000,129.641063
90.000000,6,negative_midday,23:00,45.000000,48.354624
90.000000,7,flat_missed_event,00:00,40.000000,75.194271
90.000000,7,flat_missed_event,01:00,40.000000,19.235652
90.000000,7,flat_missed_event,02:00,40.000000,25.622689
90.000000,7,flat_missed_event,03:00,40.000000,76.641080
90.000000,7,flat_missed_event,04:00,40.000000,183.940770
90.000000,7,flat_missed_event,05:00,40.000000,147.309886
90.000000,7,flat_missed_event,06:00,40.000000,183.224463
90.000000,7,flat_missed_event,07:00,40.000000,34.279523
90.000000,7,flat_missed_event,08:00,40.000000,168.616716
90.000000,7,flat_missed_event,09:00,40.000000,115.772922
90.000000,7,flat_missed_event,10:00,40.000000,16.455341
90.000000,7,flat_missed_event,11:00,40.000000,180.301102
90.000000,7,flat_missed_event,12:00,40.000000,53.552406
90.000000,7,flat_missed_event,13:00,40.000000,129.359448
90.000000,7,flat_missed_event,14:00,40.000000,122.507826
90.000000,7,flat_missed_event,15:00,40.000000,127.738785
90.000000,7,flat_missed_event,16:00,40.000000,32.881645
90.000000,7,flat_missed_event,17:00,40.000000,386.179651
90.000000,7,flat_missed_event,18:00,40.000000,180.526864
90.000000,7,flat_missed_event,19:00,40.000000,190.857054
90.000000,7,flat_missed_event,20:00,40.000000,90.672202
90.000000,7,flat_missed_event,21:00,40.000000,164.612826
90.000000,7,flat_missed_event,22:00,40.000000,24.431107
90.000000,7,flat_missed_event,23:00,40.000000,193.210978
90.000000,8,evening_peak,00:00,45.000000,155.213088
90.000000,8,evening_peak,01:00,45.000000,118.294834
90.000000,8,evening_peak,02:00,45.000000,65.172806
90.000000,8,evening_peak,03:00,45.000000,93.692225
90.000000,8,evening_peak,04:00,45.000000,38.061657
90.000000,8,evening_peak,05:00,45.000000,-33.975939
90.000000,8,evening_peak,06:00,45.000000,-46.149725
90.000000,8,evening_peak,07:00,45.000000,66.042152
90.000000,8,evening_peak,08:00,45.000000,18.008210
90.000000,8,evening_peak,09:00,15.000000,4.180893
90.000000,8,evening_peak,10:00,15.000000,-14.673304
90.000000,8,evening_peak,11:00,15.000000,53.002470
90.000000,8,evening_peak,12:00,15.000000,32.552526
90.000000,8,evening_peak,13:00,15.000000,-45.754982
90.000000,8,evening_peak,14:00,45.000000,-81.492837
90.000000,8,evening_peak,15:00,45.000000,43.177037
90.000000,8,evening_peak,16:00,45.000000,5.305795
90.000000,8,evening_peak,17:00,45.000000,104.039559
90.000000,8,evening_peak,18:00,100.000000,-10.334699
90.000000,8,evening_peak,19:00,100.000000,-39.021927
90.000000,8,evening_peak,20:00,100.000000,35.652580
90.000000,8,evening_peak,21:00,100.000000,78.241269
90.000000,8,evening_peak,22:00,100.000000,133.934379
90.000000,8,evening_peak,23:00,45.000000,162.243253
90.000000,9,scarcity_peak,00:00,45.000000,179.895957
90.000000,9,scarcity_peak,01:00,45.000000,224.208295
90.000000,9,scarcity_peak,02:00,45.000000,70.830518
90.000000,9,scarcity_peak,03:00,45.000000,111.712477
90.000000,9,scarcity_peak,04:00,45.000000,82.319153
90.000000,9,scarcity_peak,05:00,45.000000,130.888714
90.000000,9,scarcity_peak,06:00,45.000000,33.986952
90.000000,9,scarcity_peak,07:00,45.000000,120.566390
90.000000,9,scarcity_peak,08:00,45.000000,115.198109
90.000000,9,scarcity_peak,09:00,15.000000,60.254047
90.000000,9,scarcity_peak,10:00,15.000000,159.836220
90.000000,9,scarcity_peak,11:00,15.000000,71.820998
90.000000,9,scarcity_peak,12:00,15.000000,65.203612
90.000000,9,scarcity_peak,13:00,15.000000,-4.397513
90.000000,9,scarcity_peak,14:00,45.000000,48.090569
90.000000,9,scarcity_peak,15:00,45.000000,54.675444
90.000000,9,scarcity_peak,16:00,45.000000,51.179181
90.000000,9,scarcity_peak,17:00,45.000000,91.761796
90.000000,9,scarcity_peak,18:00,100.000000,106.739162
90.000000,9,scarcity_peak,19:00,100.000000,138.699536
90.000000,9,scarcity_peak,20:00,400.000000,127.270365
90.000000,9,scarcity_peak,21:00,100.000000,77.948007
90.000000,9,scarcity_peak,22:00,100.000000,87.783067
90.000000,9,scarcity_peak,23:00,45.000000,489.141936
90.000000,10,negative_midday,00:00,45.000000,1.637917
90.000000,10,negative_midday,01:00,45.000000,-2.223091
90.000000,10,negative_midday,02:00,45.000000,0.386896
90.000000,10,negative_midday,03:00,45.000000,-2.262270
90.000000,10,negative_midday,04:00,45.000000,-85.274284
90.000000,10,negative_midday,05:00,45.000000,-56.422147
90.000000,10,negative_midday,06:00,45.000000,-17.612029
90.000000,10,negative_midday,07:00,45.000000,-5.103901
90.000000,10,negative_midday,08:00,45.000000,-69.428294
90.000000,10,negative_midday,09:00,15.000000,-63.130342
90.000000,10,negative_midday,10:00,-30.000000,-52.063853
90.000000,10,negative_midday,11:00,-30.000000,-78.579721
90.000000,10,negative_midday,12:00,-30.000000,51.074048
90.000000,10,negative_midday,13:00,15.000000,-46.747211
90.000000,10,negative_midday,14:00,45.000000,-81.711825
90.000000,10,negative_midday,15:00,45.000000,-79.207601
90.000000,10,negative_midday,16:00,45.000000,30.527527
90.000000,10,negative_midday,17:00,45.000000,-11.433046
90.000000,10,negative_midday,18:00,100.000000,16.724600
90.000000,10,negative_midday,19:00,100.000000,-8.820689
90.000000,10,negative_midday,20:00,100.000000,48.560708
90.000000,10,negative_midday,21:00,100.000000,6.990651
90.000000,10,negative_midday,22:00,100.000000,-25.647452
90.000000,10,negative_midday,23:00,45.000000,67.906857
90.000000,11,flat_missed_event,00:00,40.000000,148.024871
90.000000,11,flat_missed_event,01:00,40.000000,88.633799
90.000000,11,flat_missed_event,02:00,40.000000,1.706337
90.000000,11,flat_missed_event,03:00,40.000000,11.784028
90.000000,11,flat_missed_event,04:00,40.000000,136.092047
90.000000,11,flat_missed_event,05:00,40.000000,95.627353
90.000000,11,flat_missed_event,06:00,40.000000,63.624058
90.000000,11,flat_missed_event,07:00,40.000000,-0.226781
90.000000,11,flat_missed_event,08:00,40.000000,26.229800
90.000000,11,flat_missed_event,09:00,40.000000,0.582379
90.000000,11,flat_missed_event,10:00,40.000000,92.792343
90.000000,11,flat_missed_event,11:00,40.000000,135.726779
90.000000,11,flat_missed_event,12:00,40.000000,110.809830
90.000000,11,flat_missed_event,13:00,40.000000,33.724829
90.000000,11,flat_missed_event,14:00,40.000000,118.647997
90.000000,11,flat_missed_event,15:00,40.000000,94.706668
90.000000,11,flat_missed_event,16:00,40.000000,114.798175
90.000000,11,flat_missed_event,17:00,40.000000,354.508056
90.000000,11,flat_missed_event,18:00,40.000000,124.864626
90.000000,11,flat_missed_event,19:00,40.000000,52.253554
90.000000,11,flat_missed_event,20:00,40.000000,134.022431
90.000000,11,flat_missed_event,21:00,40.000000,121.578007
90.000000,11,flat_missed_event,22:00,40.000000,92.541681
90.000000,11,flat_missed_event,23:00,40.000000,69.532478
90.000000,12,evening_peak,00:00,45.000000,27.723991
90.000000,12,evening_peak,01:00,45.000000,73.567044
90.000000,12,evening_peak,02:00,45.000000,17.718138
90.000000,12,evening_peak,03:00,45.000000,-16.824204
90.000000,12,evening_peak,04:00,45.000000,-33.997417
90.000000,12,evening_peak,05:00,45.000000,-70.108932
90.000000,12,evening_peak,06:00,45.000000,-25.193955
90.000000,12,evening_peak,07:00,45.000000,-87.976820
90.000000,12,evening_peak,08:00,45.000000,-36.097531
90.000000,12,evening_peak,09:00,15.000000,-123.614486
90.000000,12,evening_peak,10:00,15.000000,-92.956941
90.000000,12,evening_peak,11:00,15.000000,-27.012641
90.000000,12,evening_peak,12:00,15.000000,-114.419169
90.000000,12,evening_peak,13:00,15.000000,-152.626278
90.000000,12,evening_peak,14:00,45.000000,-109.801905
90.000000,12,evening_peak,15:00,45.000000,-106.866303
90.000000,12,evening_peak,16:00,45.000000,-141.003217
90.000000,12,evening_peak,17:00,45.000000,-20.111986
90.000000,12,evening_peak,18:00,100.000000,-97.279788
90.000000,12,evening_peak,19:00,100.000000,48.136515
90.000000,12,evening_peak,20:00,100.000000,42.899591
90.000000,12,evening_peak,21:00,100.000000,81.840677
90.000000,12,evening_peak,22:00,100.000000,87.824581
90.000000,12,evening_peak,23:00,45.000000,-42.928482
90.000000,13,scarcity_peak,00:00,45.000000,53.603604
90.000000,13,scarcity_peak,01:00,45.000000,32.605842
90.000000,13,scarcity_peak,02:00,45.000000,114.184108
90.000000,13,scarcity_peak,03:00,45.000000,-22.609395
90.000000,13,scarcity_peak,04:00,45.000000,4.286364
90.000000,13,scarcity_peak,05:00,45.000000,94.477457
90.000000,13,scarcity_peak,06:00,45.000000,106.161370
90.000000,13,scarcity_peak,07:00,45.000000,12.726260
90.000000,13,scarcity_peak,08:00,45.000000,73.087406
90.000000,13,scarcity_peak,09:00,15.000000,114.643238
90.000000,13,scarcity_peak,10:00,15.000000,33.778440
90.000000,13,scarcity_peak,11:00,15.000000,127.916699
90.000000,13,scarcity_peak,12:00,15.000000,-80.978444
90.000000,13,scarcity_peak,13:00,15.000000,29.163123
90.000000,13,scarcity_peak,14:00,45.000000,76.875996
90.000000,13,scarcity_peak,15:00,45.000000,-3.173586
90.000000,13,scarcity_peak,16:00,45.000000,19.679893
90.000000,13,scarcity_peak,17:00,45.000000,35.197531
90.000000,13,scarcity_peak,18:00,100.000000,27.612723
90.000000,13,scarcity_peak,19:00,100.000000,67.914889
90.000000,13,scarcity_peak,20:00,400.000000,-44.322635
90.000000,13,scarcity_peak,21:00,100.000000,104.996367
90.000000,13,scarcity_peak,22:00,100.000000,143.714874
90.000000,13,scarcity_peak,23:00,45.000000,329.383358
90.000000,14,negative_midday,00:00,45.000000,235.170888
90.000000,14,negative_midday,01:00,45.000000,222.212699
90.000000,14,negative_midday,02:00,45.000000,130.641921
90.000000,14,negative_midday,03:00,45.000000,90.699893
90.000000,14,negative_midday,04:00,45.000000,26.121348
90.000000,14,negative_midday,05:00,45.000000,88.417423
90.000000,14,negative_midday,06:00,45.000000,185.209839
90.000000,14,negative_midday,07:00,45.000000,201.231176
90.000000,14,negative_midday,08:00,45.000000,172.404026
90.000000,14,negative_midday,09:00,15.000000,159.827895
90.000000,14,negative_midday,10:00,-30.000000,26.400680
90.000000,14,negative_midday,11:00,-30.000000,157.380591
90.000000,14,negative_midday,12:00,-30.000000,84.788127
90.000000,14,negative_midday,13:00,15.000000,3.112656
90.000000,14,negative_midday,14:00,45.000000,-19.305558
90.000000,14,negative_midday,15:00,45.000000,55.481377
90.000000,14,negative_midday,16:00,45.000000,66.395755
90.000000,14,negative_midday,17:00,45.000000,201.916642
90.000000,14,negative_midday,18:00,100.000000,126.946931
90.000000,14,negative_midday,19:00,100.000000,109.906578
90.000000,14,negative_midday,20:00,100.000000,65.862135
90.000000,14,negative_midday,21:00,100.000000,187.908239
90.000000,14,negative_midday,22:00,100.000000,110.293177
90.000000,14,negative_midday,23:00,45.000000,245.407256
90.000000,15,flat_missed_event,00:00,40.000000,19.785587
90.000000,15,flat_missed_event,01:00,40.000000,-81.406207
90.000000,15,flat_missed_event,02:00,40.000000,-39.925832
90.000000,15,flat_missed_event,03:00,40.000000,-34.069224
90.000000,15,flat_missed_event,04:00,40.000000,55.146349
90.000000,15,flat_missed_event,05:00,40.000000,66.828917
90.000000,15,flat_missed_event,06:00,40.000000,-50.507001
90.000000,15,flat_missed_event,07:00,40.000000,-63.876962
90.000000,15,flat_missed_event,08:00,40.000000,-5.451789
90.000000,15,flat_missed_event,09:00,40.000000,9.054296
90.000000,15,flat_missed_event,10:00,40.000000,-4.522222
90.000000,15,flat_missed_event,11:00,40.000000,10.955157
90.000000,15,flat_missed_event,12:00,40.000000,74.169258
90.000000,15,flat_missed_event,13:00,40.000000,87.467799
90.000000,15,flat_missed_event,14:00,40.000000,34.024722
90.000000,15,flat_missed_event,15:00,40.000000,45.522659
90.000000,15,flat_missed_event,16:00,40.000000,75.287114
90.000000,15,flat_missed_event,17:00,40.000000,386.439413
90.000000,15,flat_missed_event,18:00,40.000000,82.907564
90.000000,15,flat_missed_event,19:00,40.000000,82.950391
90.000000,15,flat_missed_event,20:00,40.000000,-29.675264
90.000000,15,flat_missed_event,21:00,40.000000,34.795389
90.000000,15,flat_missed_event,22:00,40.000000,94.193770
90.000000,15,flat_missed_event,23:00,40.000000,66.127329
90.000000,16,evening_peak,00:00,45.000000,82.430032
90.000000,16,evening_peak,01:00,45.000000,118.796640
90.000000,16,evening_peak,02:00,45.000000,145.602818
90.000000,16,evening_peak,03:00,45.000000,52.338917
90.000000,16,evening_peak,04:00,45.000000,80.305793
90.000000,16,evening_peak,05:00,45.000000,-2.807525
90.000000,16,evening_peak,06:00,45.000000,57.790353
90.000000,16,evening_peak,07:00,45.000000,125.667643
90.000000,16,evening_peak,08:00,45.000000,103.132846
90.000000,16,evening_peak,09:00,15.000000,77.685921
90.000000,16,evening_peak,10:00,15.000000,98.611433
90.000000,16,evening_peak,11:00,15.000000,41.323927
90.000000,16,evening_peak,12:00,15.000000,85.652675
90.000000,16,evening_peak,13:00,15.000000,56.262046
90.000000,16,evening_peak,14:00,45.000000,-2.562834
90.000000,16,evening_peak,15:00,45.000000,39.885095
90.000000,16,evening_peak,16:00,45.000000,104.153570
90.000000,16,evening_peak,17:00,45.000000,104.541654
90.000000,16,evening_peak,18:00,100.000000,14.173963
90.000000,16,evening_peak,19:00,100.000000,0.845195
90.000000,16,evening_peak,20:00,100.000000,63.130743
90.000000,16,evening_peak,21:00,100.000000,202.438443
90.000000,16,evening_peak,22:00,100.000000,136.335646
90.000000,16,evening_peak,23:00,45.000000,147.161755
90.000000,17,scarcity_peak,00:00,45.000000,106.378158
90.000000,17,scarcity_peak,01:00,45.000000,78.122648
90.000000,17,scarcity_peak,02:00,45.000000,-107.821839
90.000000,17,scarcity_peak,03:00,45.000000,22.194639
90.000000,17,scarcity_peak,04:00,45.000000,-66.763598
90.000000,17,scarcity_peak,05:00,45.000000,-8.906799
90.000000,17,scarcity_peak,06:00,45.000000,-31.917030
90.000000,17,scarcity_peak,07:00,45.000000,-45.867635
90.000000,17,scarcity_peak,08:00,45.000000,-70.736466
90.000000,17,scarcity_peak,09:00,15.000000,-47.006168
90.000000,17,scarcity_peak,10:00,15.000000,-90.909793
90.000000,17,scarcity_peak,11:00,15.000000,48.152685
90.000000,17,scarcity_peak,12:00,15.000000,-18.810974
90.000000,17,scarcity_peak,13:00,15.000000,-99.197597
90.000000,17,scarcity_peak,14:00,45.000000,-132.561893
90.000000,17,scarcity_peak,15:00,45.000000,-35.093142
90.000000,17,scarcity_peak,16:00,45.000000,-120.518661
90.000000,17,scarcity_peak,17:00,45.000000,-89.120676
90.000000,17,scarcity_peak,18:00,100.000000,-75.999547
90.000000,17,scarcity_peak,19:00,100.000000,20.357321
90.000000,17,scarcity_peak,20:00,400.000000,-15.743205
90.000000,17,scarcity_peak,21:00,100.000000,108.655910
90.000000,17,scarcity_peak,22:00,100.000000,100.721798
90.000000,17,scarcity_peak,23:00,45.000000,315.815311
90.000000,18,negative_midday,00:00,45.000000,110.827090
90.000000,18,negative_midday,01:00,45.000000,181.554025
90.000000,18,negative_midday,02:00,45.000000,78.555087
90.000000,18,negative_midday,03:00,45.000000,136.521888
90.000000,18,negative_midday,04:00,45.000000,136.067143
90.000000,18,negative_midday,05:00,45.000000,64.859727
90.000000,18,negative_midday,06:00,45.000000,100.821539
90.000000,18,negative_midday,07:00,45.000000,54.738686
90.000000,18,negative_midday,08:00,45.000000,29.919206
90.000000,18,negative_midday,09:00,15.000000,10.817928
90.000000,18,negative_midday,10:00,-30.000000,42.259652
90.000000,18,negative_midday,11:00,-30.000000,78.990517
90.000000,18,negative_midday,12:00,-30.000000,103.329678
90.000000,18,negative_midday,13:00,15.000000,37.553185
90.000000,18,negative_midday,14:00,45.000000,-35.955090
90.000000,18,negative_midday,15:00,45.000000,23.851184
90.000000,18,negative_midday,16:00,45.000000,39.899744
90.000000,18,negative_midday,17:00,45.000000,-32.844058
90.000000,18,negative_midday,18:00,100.000000,41.701891
90.000000,18,negative_midday,19:00,100.000000,61.100939
90.000000,18,negative_midday,20:00,100.000000,74.100798
90.000000,18,negative_midday,21:00,100.000000,125.708768
90.000000,18,negative_midday,22:00,100.000000,155.972114
90.000000,18,negative_midday,23:00,45.000000,87.971277
90.000000,19,flat_missed_event,00:00,40.000000,75.275150
90.000000,19,flat_missed_event,01:00,40.000000,142.193646
90.000000,19,flat_missed_event,02:00,40.000000,95.917397
90.000000,19,flat_missed_event,03:00,40.000000,37.262721
90.000000,19,flat_missed_event,04:00,40.000000,163.137594
90.000000,19,flat_missed_event,05:00,40.000000,211.507281
90.000000,19,flat_missed_event,06:00,40.000000,197.913987
90.000000,19,flat_missed_event,07:00,40.000000,58.769249
90.000000,19,flat_missed_event,08:00,40.000000,42.797884
90.000000,19,flat_missed_event,09:00,40.000000,50.834716
90.000000,19,flat_missed_event,10:00,40.000000,185.160084
90.000000,19,flat_missed_event,11:00,40.000000,112.103980
90.000000,19,flat_missed_event,12:00,40.000000,114.154691
90.000000,19,flat_missed_event,13:00,40.000000,137.914314
90.000000,19,flat_missed_event,14:00,40.000000,50.493094
90.000000,19,flat_missed_event,15:00,40.000000,192.003601
90.000000,19,flat_missed_event,16:00,40.000000,111.717454
90.000000,19,flat_missed_event,17:00,40.000000,489.391343
90.000000,19,flat_missed_event,18:00,40.000000,182.775339
90.000000,19,flat_missed_event,19:00,40.000000,77.215307
90.000000,19,flat_missed_event,20:00,40.000000,170.993429
90.000000,19,flat_missed_event,21:00,40.000000,154.735692
90.000000,19,flat_missed_event,22:00,40.000000,49.224802
90.000000,19,flat_missed_event,23:00,40.000000,41.607822
90.000000,20,evening_peak,00:00,45.000000,138.055054
90.000000,20,evening_peak,01:00,45.000000,122.778197
90.000000,20,evening_peak,02:00,45.000000,99.202803
90.000000,20,evening_peak,03:00,45.000000,97.880386
90.000000,20,evening_peak,04:00,45.000000,5.594455
90.000000,20,evening_peak,05:00,45.000000,-26.366265
90.000000,20,evening_peak,06:00,45.000000,103.261233
90.000000,20,evening_peak,07:00,45.000000,107.371140
90.000000,20,evening_peak,08:00,45.000000,-17.504092
90.000000,20,evening_peak,09:00,15.000000,108.014065
90.000000,20,evening_peak,10:00,15.000000,-5.698676
90.000000,20,evening_peak,11:00,15.000000,-37.697314
90.000000,20,evening_peak,12:00,15.000000,-60.329982
90.000000,20,evening_peak,13:00,15.000000,-46.391636
90.000000,20,evening_peak,14:00,45.000000,-18.614804
90.000000,20,evening_peak,15:00,45.000000,-2.309489
90.000000,20,evening_peak,16:00,45.000000,60.256064
90.000000,20,evening_peak,17:00,45.000000,-41.088179
90.000000,20,evening_peak,18:00,100.000000,97.196327
90.000000,20,evening_peak,19:00,100.000000,-68.505609
90.000000,20,evening_peak,20:00,100.000000,82.969187
90.000000,20,evening_peak,21:00,100.000000,26.717787
90.000000,20,evening_peak,22:00,100.000000,147.500970
90.000000,20,evening_peak,23:00,45.000000,-0.113088
90.000000,21,scarcity_peak,00:00,45.000000,162.769565
90.000000,21,scarcity_peak,01:00,45.000000,74.743886
90.000000,21,scarcity_peak,02:00,45.000000,25.492597
90.000000,21,scarcity_peak,03:00,45.000000,114.887153
90.000000,21,scarcity_peak,04:00,45.000000,39.438438
90.000000,21,scarcity_peak,05:00,45.000000,145.866454
90.000000,21,scarcity_peak,06:00,45.000000,51.394735
90.000000,21,scarcity_peak,07:00,45.000000,71.256402
90.000000,21,scarcity_peak,08:00,45.000000,171.127311
90.000000,21,scarcity_peak,09:00,15.000000,164.445649
90.000000,21,scarcity_peak,10:00,15.000000,125.354127
90.000000,21,scarcity_peak,11:00,15.000000,25.403867
90.000000,21,scarcity_peak,12:00,15.000000,15.063980
90.000000,21,scarcity_peak,13:00,15.000000,131.116985
90.000000,21,scarcity_peak,14:00,45.000000,121.278071
90.000000,21,scarcity_peak,15:00,45.000000,99.642894
90.000000,21,scarcity_peak,16:00,45.000000,106.640139
90.000000,21,scarcity_peak,17:00,45.000000,35.660422
90.000000,21,scarcity_peak,18:00,100.000000,28.628698
90.000000,21,scarcity_peak,19:00,100.000000,153.406644
90.000000,21,scarcity_peak,20:00,400.000000,183.424101
90.000000,21,scarcity_peak,21:00,100.000000,132.074163
90.000000,21,scarcity_peak,22:00,100.000000,101.812389
90.000000,21,scarcity_peak,23:00,45.000000,493.469459
90.000000,22,negative_midday,00:00,45.000000,-15.479033
90.000000,22,negative_midday,01:00,45.000000,44.790584
90.000000,22,negative_midday,02:00,45.000000,30.569125
90.000000,22,negative_midday,03:00,45.000000,-89.160295
90.000000,22,negative_midday,04:00,45.000000,62.997022
90.000000,22,negative_midday,05:00,45.000000,-49.968420
90.000000,22,negative_midday,06:00,45.000000,-15.289032
90.000000,22,negative_midday,07:00,45.000000,80.130918
90.000000,22,negative_midday,08:00,45.000000,76.429001
90.000000,22,negative_midday,09:00,15.000000,52.237811
90.000000,22,negative_midday,10:00,-30.000000,-41.511201
90.000000,22,negative_midday,11:00,-30.000000,52.212147
90.000000,22,negative_midday,12:00,-30.000000,-44.321623
90.000000,22,negative_midday,13:00,15.000000,-69.145073
90.000000,22,negative_midday,14:00,45.000000,-87.361881
90.000000,22,negative_midday,15:00,45.000000,-39.943980
90.000000,22,negative_midday,16:00,45.000000,-105.541034
90.000000,22,negative_midday,17:00,45.000000,-0.687726
90.000000,22,negative_midday,18:00,100.000000,-16.580297
90.000000,22,negative_midday,19:00,100.000000,-8.288972
90.000000,22,negative_midday,20:00,100.000000,-87.377389
90.000000,22,negative_midday,21:00,100.000000,38.555803
90.000000,22,negative_midday,22:00,100.000000,100.779840
90.000000,22,negative_midday,23:00,45.000000,84.708025
90.000000,23,flat_missed_event,00:00,40.000000,129.843404
90.000000,23,flat_missed_event,01:00,40.000000,96.627989
90.000000,23,flat_missed_event,02:00,40.000000,43.524700
90.000000,23,flat_missed_event,03:00,40.000000,106.358953
90.000000,23,flat_missed_event,04:00,40.000000,91.634663
90.000000,23,flat_missed_event,05:00,40.000000,6.853765
90.000000,23,flat_missed_event,06:00,40.000000,89.880027
90.000000,23,flat_missed_event,07:00,40.000000,-5.001554
90.000000,23,flat_missed_event,08:00,40.000000,79.300977
90.000000,23,flat_missed_event,09:00,40.000000,104.694513
90.000000,23,flat_missed_event,10:00,40.000000,101.876588
90.000000,23,flat_missed_event,11:00,40.000000,123.014831
90.000000,23,flat_missed_event,12:00,40.000000,147.773073
90.000000,23,flat_missed_event,13:00,40.000000,13.715897
90.000000,23,flat_missed_event,14:00,40.000000,101.778334
90.000000,23,flat_missed_event,15:00,40.000000,47.844186
90.000000,23,flat_missed_event,16:00,40.000000,78.690230
90.000000,23,flat_missed_event,17:00,40.000000,432.028272
90.000000,23,flat_missed_event,18:00,40.000000,96.151493
90.000000,23,flat_missed_event,19:00,40.000000,72.228401
90.000000,23,flat_missed_event,20:00,40.000000,-1.188800
90.000000,23,flat_missed_event,21:00,40.000000,68.981072
90.000000,23,flat_missed_event,22:00,40.000000,96.587894
90.000000,23,flat_missed_event,23:00,40.000000,84.233013
90.000000,24,evening_peak,00:00,45.000000,21.455974
90.000000,24,evening_peak,01:00,45.000000,-7.993785
90.000000,24,evening_peak,02:00,45.000000,53.159728
90.000000,24,evening_peak,03:00,45.000000,16.148076
90.000000,24,evening_peak,04:00,45.000000,-61.152042
90.000000,24,evening_peak,05:00,45.000000,-50.220019
90.000000,24,evening_peak,06:00,45.000000,38.887631
90.000000,24,evening_peak,07:00,45.000000,9.177092
90.000000,24,evening_peak,08:00,45.000000,0.776546
90.000000,24,evening_peak,09:00,15.000000,-81.389616
90.000000,24,evening_peak,10:00,15.000000,-122.016189
90.000000,24,evening_peak,11:00,15.000000,-22.636870
90.000000,24,evening_peak,12:00,15.000000,-24.526070
90.000000,24,evening_peak,13:00,15.000000,-14.780783
90.000000,24,evening_peak,14:00,45.000000,3.033453
90.000000,24,evening_peak,15:00,45.000000,-54.936734
90.000000,24,evening_peak,16:00,45.000000,-79.665878
90.000000,24,evening_peak,17:00,45.000000,-115.937933
90.000000,24,evening_peak,18:00,100.000000,10.919496
90.000000,24,evening_peak,19:00,100.000000,51.929454
90.000000,24,evening_peak,20:00,100.000000,-84.897787
90.000000,24,evening_peak,21:00,100.000000,54.296841
90.000000,24,evening_peak,22:00,100.000000,-59.683295
90.000000,24,evening_peak,23:00,45.000000,-20.881901
90.000000,25,scarcity_peak,00:00,45.000000,47.053360
90.000000,25,scarcity_peak,01:00,45.000000,143.830671
90.000000,25,scarcity_peak,02:00,45.000000,-4.640459
90.000000,25,scarcity_peak,03:00,45.000000,94.862466
90.000000,25,scarcity_peak,04:00,45.000000,-15.742640
90.000000,25,scarcity_peak,05:00,45.000000,145.048169
90.000000,25,scarcity_peak,06:00,45.000000,142.466496
90.000000,25,scarcity_peak,07:00,45.000000,36.200340
90.000000,25,scarcity_peak,08:00,45.000000,-28.095003
90.000000,25,scarcity_peak,09:00,15.000000,-18.778210
90.000000,25,scarcity_peak,10:00,15.000000,63.492404
90.000000,25,scarcity_peak,11:00,15.000000,14.050916
90.000000,25,scarcity_peak,12:00,15.000000,66.841829
90.000000,25,scarcity_peak,13:00,15.000000,30.339520
90.000000,25,scarcity_peak,14:00,45.000000,-18.352783
90.000000,25,scarcity_peak,15:00,45.000000,63.235101
90.000000,25,scarcity_peak,16:00,45.000000,97.897202
90.000000,25,scarcity_peak,17:00,45.000000,91.708917
90.000000,25,scarcity_peak,18:00,100.000000,-6.132232
90.000000,25,scarcity_peak,19:00,100.000000,116.577366
90.000000,25,scarcity_peak,20:00,400.000000,43.802968
90.000000,25,scarcity_peak,21:00,100.000000,69.224138
90.000000,25,scarcity_peak,22:00,100.000000,169.373974
90.000000,25,scarcity_peak,23:00,45.000000,367.680307
90.000000,26,negative_midday,00:00,45.000000,250.629415
90.000000,26,negative_midday,01:00,45.000000,248.292806
90.000000,26,negative_midday,02:00,45.000000,191.764933
90.000000,26,negative_midday,03:00,45.000000,202.508044
90.000000,26,negative_midday,04:00,45.000000,197.219952
90.000000,26,negative_midday,05:00,45.000000,116.414759
90.000000,26,negative_midday,06:00,45.000000,90.852484
90.000000,26,negative_midday,07:00,45.000000,134.953716
90.000000,26,negative_midday,08:00,45.000000,158.319025
90.000000,26,negative_midday,09:00,15.000000,217.585968
90.000000,26,negative_midday,10:00,-30.000000,211.240782
90.000000,26,negative_midday,11:00,-30.000000,220.655367
90.000000,26,negative_midday,12:00,-30.000000,187.352523
90.000000,26,negative_midday,13:00,15.000000,-17.856149
90.000000,26,negative_midday,14:00,45.000000,76.821579
90.000000,26,negative_midday,15:00,45.000000,120.418931
90.000000,26,negative_midday,16:00,45.000000,148.707814
90.000000,26,negative_midday,17:00,45.000000,168.736317
90.000000,26,negative_midday,18:00,100.000000,111.223706
90.000000,26,negative_midday,19:00,100.000000,136.094700
90.000000,26,negative_midday,20:00,100.000000,132.120289
90.000000,26,negative_midday,21:00,100.000000,180.677567
90.000000,26,negative_midday,22:00,100.000000,123.217944
90.000000,26,negative_midday,23:00,45.000000,273.944289
90.000000,27,flat_missed_event,00:00,40.000000,12.900464
90.000000,27,flat_missed_event,01:00,40.000000,-15.127582
90.000000,27,flat_missed_event,02:00,40.000000,12.449445
90.000000,27,flat_missed_event,03:00,40.000000,-6.629869
90.000000,27,flat_missed_event,04:00,40.000000,35.070008
90.000000,27,flat_missed_event,05:00,40.000000,94.842472
90.000000,27,flat_missed_event,06:00,40.000000,19.393670
90.000000,27,flat_missed_event,07:00,40.000000,-40.102367
90.000000,27,flat_missed_event,08:00,40.000000,70.477167
90.000000,27,flat_missed_event,09:00,40.000000,89.391211
90.000000,27,flat_missed_event,10:00,40.000000,-22.676935
90.000000,27,flat_missed_event,11:00,40.000000,77.052850
90.000000,27,flat_missed_event,12:00,40.000000,18.843252
90.000000,27,flat_missed_event,13:00,40.000000,66.138674
90.000000,27,flat_missed_event,14:00,40.000000,-16.187609
90.000000,27,flat_missed_event,15:00,40.000000,23.349686
90.000000,27,flat_missed_event,16:00,40.000000,-26.348661
90.000000,27,flat_missed_event,17:00,40.000000,308.957358
90.000000,27,flat_missed_event,18:00,40.000000,15.032812
90.000000,27,flat_missed_event,19:00,40.000000,-51.018744
90.000000,27,flat_missed_event,20:00,40.000000,37.678147
90.000000,27,flat_missed_event,21:00,40.000000,-62.625634
90.000000,27,flat_missed_event,22:00,40.000000,73.349851
90.000000,27,flat_missed_event,23:00,40.000000,105.843617
90.000000,28,evening_peak,00:00,45.000000,98.462071
90.000000,28,evening_peak,01:00,45.000000,150.234971
90.000000,28,evening_peak,02:00,45.000000,35.949695
90.000000,28,evening_peak,03:00,45.000000,107.948598
90.000000,28,evening_peak,04:00,45.000000,75.625858
90.000000,28,evening_peak,05:00,45.000000,50.148272
90.000000,28,evening_peak,06:00,45.000000,110.803912
90.000000,28,evening_peak,07:00,45.000000,59.248293
90.000000,28,evening_peak,08:00,45.000000,83.499911
90.000000,28,evening_peak,09:00,15.000000,163.628128
90.000000,28,evening_peak,10:00,15.000000,131.653120
90.000000,28,evening_peak,11:00,15.000000,102.056104
90.000000,28,evening_peak,12:00,15.000000,49.827288
90.000000,28,evening_peak,13:00,15.000000,65.543635
90.000000,28,evening_peak,14:00,45.000000,100.508091
90.000000,28,evening_peak,15:00,45.000000,100.682421
90.000000,28,evening_peak,16:00,45.000000,96.554822
90.000000,28,evening_peak,17:00,45.000000,31.898200
90.000000,28,evening_peak,18:00,100.000000,144.979707
90.000000,28,evening_peak,19:00,100.000000,195.839545
90.000000,28,evening_peak,20:00,100.000000,147.778554
90.000000,28,evening_peak,21:00,100.000000,172.527224
90.000000,28,evening_peak,22:00,100.000000,190.077275
90.000000,28,evening_peak,23:00,45.000000,180.451223
90.000000,29,scarcity_peak,00:00,45.000000,99.892046
90.000000,29,scarcity_peak,01:00,45.000000,-37.722414
90.000000,29,scarcity_peak,02:00,45.000000,-49.406059
90.000000,29,scarcity_peak,03:00,45.000000,29.253043
90.000000,29,scarcity_peak,04:00,45.000000,-88.525085
90.000000,29,scarcity_peak,05:00,45.000000,-71.535878
90.000000,29,scarcity_peak,06:00,45.000000,50.637039
90.000000,29,scarcity_peak,07:00,45.000000,-27.867385
90.000000,29,scarcity_peak,08:00,45.000000,-81.910538
90.000000,29,scarcity_peak,09:00,15.000000,34.426525
90.000000,29,scarcity_peak,10:00,15.000000,71.873923
90.000000,29,scarcity_peak,11:00,15.000000,69.282378
90.000000,29,scarcity_peak,12:00,15.000000,-102.653285
90.000000,29,scarcity_peak,13:00,15.000000,-101.447291
90.000000,29,scarcity_peak,14:00,45.000000,54.620725
90.000000,29,scarcity_peak,15:00,45.000000,28.142446
90.000000,29,scarcity_peak,16:00,45.000000,-42.736674
90.000000,29,scarcity_peak,17:00,45.000000,35.215418
90.000000,29,scarcity_peak,18:00,100.000000,-82.174668
90.000000,29,scarcity_peak,19:00,100.000000,52.040387
90.000000,29,scarcity_peak,20:00,400.000000,50.289256
90.000000,29,scarcity_peak,21:00,100.000000,97.758709
90.000000,29,scarcity_peak,22:00,100.000000,125.966964
90.000000,29,scarcity_peak,23:00,45.000000,354.416807
90.000000,30,negative_midday,00:00,45.000000,126.650584
90.000000,30,negative_midday,01:00,45.000000,113.525993
90.000000,30,negative_midday,02:00,45.000000,145.751630
90.000000,30,negative_midday,03:00,45.000000,0.553514
90.000000,30,negative_midday,04:00,45.000000,126.911663
90.000000,30,negative_midday,05:00,45.000000,81.342365
90.000000,30,negative_midday,06:00,45.000000,159.221499
90.000000,30,negative_midday,07:00,45.000000,162.702976
90.000000,30,negative_midday,08:00,45.000000,105.579402
90.000000,30,negative_midday,09:00,15.000000,80.974121
90.000000,30,negative_midday,10:00,-30.000000,44.344609
90.000000,30,negative_midday,11:00,-30.000000,97.387249
90.000000,30,negative_midday,12:00,-30.000000,-25.683471
90.000000,30,negative_midday,13:00,15.000000,60.903077
90.000000,30,negative_midday,14:00,45.000000,4.885129
90.000000,30,negative_midday,15:00,45.000000,86.727640
90.000000,30,negative_midday,16:00,45.000000,117.839211
90.000000,30,negative_midday,17:00,45.000000,23.679968
90.000000,30,negative_midday,18:00,100.000000,20.299045
90.000000,30,negative_midday,19:00,100.000000,72.980760
90.000000,30,negative_midday,20:00,100.000000,152.669562
90.000000,30,negative_midday,21:00,100.000000,95.163702
90.000000,30,negative_midday,22:00,100.000000,170.627646
90.000000,30,negative_midday,23:00,45.000000,114.725886
90.000000,31,flat_missed_event,00:00,40.000000,-111.646994
90.000000,31,flat_missed_event,01:00,40.000000,-15.856004
90.000000,31,flat_missed_event,02:00,40.000000,-34.111877
90.000000,31,flat_missed_event,03:00,40.000000,-70.648226
90.000000,31,flat_missed_event,04:00,40.000000,-37.617235
90.000000,31,flat_missed_event,05:00,40.000000,-120.788579
90.000000,31,flat_missed_event,06:00,40.000000,42.373811
90.000000,31,flat_missed_event,07:00,40.000000,-103.687012
90.000000,31,flat_missed_event,08:00,40.000000,17.326265
90.000000,31,flat_missed_event,09:00,40.000000,-47.457632
90.000000,31,flat_missed_event,10:00,40.000000,29.970390
90.000000,31,flat_missed_event,11:00,40.000000,-46.796728
90.000000,31,flat_missed_event,12:00,40.000000,30.150255
90.000000,31,flat_missed_event,13:00,40.000000,-40.905815
90.000000,31,flat_missed_event,14:00,40.000000,-33.707434
90.000000,31,flat_missed_event,15:00,40.000000,-8.071699
90.000000,31,flat_missed_event,16:00,40.000000,8.131426
90.000000,31,flat_missed_event,17:00,40.000000,274.457727
90.000000,31,flat_missed_event,18:00,40.000000,-50.003446
90.000000,31,flat_missed_event,19:00,40.000000,-31.962553
90.000000,31,flat_missed_event,20:00,40.000000,-120.220038
90.000000,31,flat_missed_event,21:00,40.000000,-61.100046
90.000000,31,flat_missed_event,22:00,40.000000,-94.230416
90.000000,31,flat_missed_event,23:00,40.000000,-98.898664
90.000000,32,evening_peak,00:00,45.000000,154.773225
90.000000,32,evening_peak,01:00,45.000000,16.078438
90.000000,32,evening_peak,02:00,45.000000,-11.461625
90.000000,32,evening_peak,03:00,45.000000,-4.783771
90.000000,32,evening_peak,04:00,45.000000,1.416125
90.000000,32,evening_peak,05:00,45.000000,59.652060
90.000000,32,evening_peak,06:00,45.000000,-2.629557
90.000000,32,evening_peak,07:00,45.000000,91.918107
90.000000,32,evening_peak,08:00,45.000000,44.187309
90.000000,32,evening_peak,09:00,15.000000,15.364984
90.000000,32,evening_peak,10:00,15.000000,-17.678070
90.000000,32,evening_peak,11:00,15.000000,-11.106391
90.000000,32,evening_peak,12:00,15.000000,84.207357
90.000000,32,evening_peak,13:00,15.000000,-62.428645
90.000000,32,evening_peak,14:00,45.000000,71.437195
90.000000,32,evening_peak,15:00,45.000000,65.255104
90.000000,32,evening_peak,16:00,45.000000,-36.332802
90.000000,32,evening_peak,17:00,45.000000,65.363278
90.000000,32,evening_peak,18:00,100.000000,92.443754
90.000000,32,evening_peak,19:00,100.000000,-28.376159
90.000000,32,evening_peak,20:00,100.000000,-12.780814
90.000000,32,evening_peak,21:00,100.000000,18.933465
90.000000,32,evening_peak,22:00,100.000000,190.364820
90.000000,32,evening_peak,23:00,45.000000,43.499736
90.000000,33,scarcity_peak,00:00,45.000000,151.319477
90.000000,33,scarcity_peak,01:00,45.000000,146.919631
90.000000,33,scarcity_peak,02:00,45.000000,78.600878
90.000000,33,scarcity_peak,03:00,45.000000,98.001058
90.000000,33,scarcity_peak,04:00,45.000000,198.618557
90.000000,33,scarcity_peak,05:00,45.000000,165.806317
90.000000,33,scarcity_peak,06:00,45.000000,77.329066
90.000000,33,scarcity_peak,07:00,45.000000,95.790459
90.000000,33,scarcity_peak,08:00,45.000000,158.275812
90.000000,33,scarcity_peak,09:00,15.000000,54.556149
90.000000,33,scarcity_peak,10:00,15.000000,170.371561
90.000000,33,scarcity_peak,11:00,15.000000,170.949438
90.000000,33,scarcity_peak,12:00,15.000000,109.958088
90.000000,33,scarcity_peak,13:00,15.000000,135.471418
90.000000,33,scarcity_peak,14:00,45.000000,71.721917
90.000000,33,scarcity_peak,15:00,45.000000,166.770683
90.000000,33,scarcity_peak,16:00,45.000000,106.766298
90.000000,33,scarcity_peak,17:00,45.000000,137.129777
90.000000,33,scarcity_peak,18:00,100.000000,199.638620
90.000000,33,scarcity_peak,19:00,100.000000,161.854792
90.000000,33,scarcity_peak,20:00,400.000000,70.747783
90.000000,33,scarcity_peak,21:00,100.000000,102.875199
90.000000,33,scarcity_peak,22:00,100.000000,171.638652
90.000000,33,scarcity_peak,23:00,45.000000,533.095607
90.000000,34,negative_midday,00:00,45.000000,1.363285
90.000000,34,negative_midday,01:00,45.000000,111.304575
90.000000,34,negative_midday,02:00,45.000000,95.252412
90.000000,34,negative_midday,03:00,45.000000,90.836408
90.000000,34,negative_midday,04:00,45.000000,53.084495
90.000000,34,negative_midday,05:00,45.000000,57.163847
90.000000,34,negative_midday,06:00,45.000000,0.455263
90.000000,34,negative_midday,07:00,45.000000,14.410820
90.000000,34,negative_midday,08:00,45.000000,-15.475992
90.000000,34,negative_midday,09:00,15.000000,-68.897517
90.000000,34,negative_midday,10:00,-30.000000,-36.665929
90.000000,34,negative_midday,11:00,-30.000000,17.745779
90.000000,34,negative_midday,12:00,-30.000000,-98.287967
90.000000,34,negative_midday,13:00,15.000000,-92.986160
90.000000,34,negative_midday,14:00,45.000000,9.338164
90.000000,34,negative_midday,15:00,45.000000,-135.904853
90.000000,34,negative_midday,16:00,45.000000,-28.024038
90.000000,34,negative_midday,17:00,45.000000,-33.905436
90.000000,34,negative_midday,18:00,100.000000,-66.515624
90.000000,34,negative_midday,19:00,100.000000,69.184509
90.000000,34,negative_midday,20:00,100.000000,-18.956753
90.000000,34,negative_midday,21:00,100.000000,118.690192
90.000000,34,negative_midday,22:00,100.000000,124.937663
90.000000,34,negative_midday,23:00,45.000000,122.969648
90.000000,35,flat_missed_event,00:00,40.000000,124.312459
90.000000,35,flat_missed_event,01:00,40.000000,33.765529
90.000000,35,flat_missed_event,02:00,40.000000,96.517872
90.000000,35,flat_missed_event,03:00,40.000000,65.111997
90.000000,35,flat_missed_event,04:00,40.000000,72.271146
90.000000,35,flat_missed_event,05:00,40.000000,46.139707
90.000000,35,flat_missed_event,06:00,40.000000,126.787663
90.000000,35,flat_missed_event,07:00,40.000000,64.919835
90.000000,35,flat_missed_event,08:00,40.000000,66.038083
90.000000,35,flat_missed_event,09:00,40.000000,163.496637
90.000000,35,flat_missed_event,10:00,40.000000,86.563555
90.000000,35,flat_missed_event,11:00,40.000000,54.751234
90.000000,35,flat_missed_event,12:00,40.000000,48.620694
90.000000,35,flat_missed_event,13:00,40.000000,173.067924
90.000000,35,flat_missed_event,14:00,40.000000,29.587318
90.000000,35,flat_missed_event,15:00,40.000000,110.781796
90.000000,35,flat_missed_event,16:00,40.000000,157.522632
90.000000,35,flat_missed_event,17:00,40.000000,490.119411
90.000000,35,flat_missed_event,18:00,40.000000,72.855293
90.000000,35,flat_missed_event,19:00,40.000000,-4.853108
90.000000,35,flat_missed_event,20:00,40.000000,68.625362
90.000000,35,flat_missed_event,21:00,40.000000,56.299227
90.000000,35,flat_missed_event,22:00,40.000000,122.890069
90.000000,35,flat_missed_event,23:00,40.000000,113.302299
90.000000,36,evening_peak,00:00,45.000000,26.884907
90.000000,36,evening_peak,01:00,45.000000,12.341604
90.000000,36,evening_peak,02:00,45.000000,-64.706563
90.000000,36,evening_peak,03:00,45.000000,-92.151231
90.000000,36,evening_peak,04:00,45.000000,-69.314061
90.000000,36,evening_peak,05:00,45.000000,34.724219
90.000000,36,evening_peak,06:00,45.000000,42.333411
90.000000,36,evening_peak,07:00,45.000000,-61.823268
90.000000,36,evening_peak,08:00,45.000000,-99.599684
90.000000,36,evening_peak,09:00,15.000000,33.695209
90.000000,36,evening_peak,10:00,15.000000,-97.453183
90.000000,36,evening_peak,11:00,15.000000,-90.539161
90.000000,36,evening_peak,12:00,15.000000,-79.245838
90.000000,36,evening_peak,13:00,15.000000,-12.582873
90.000000,36,evening_peak,14:00,45.000000,9.862020
90.000000,36,evening_peak,15:00,45.000000,10.758916
90.000000,36,evening_peak,16:00,45.000000,-0.726979
90.000000,36,evening_peak,17:00,45.000000,9.021325
90.000000,36,evening_peak,18:00,100.000000,11.048978
90.000000,36,evening_peak,19:00,100.000000,-88.682491
90.000000,36,evening_peak,20:00,100.000000,5.947445
90.000000,36,evening_peak,21:00,100.000000,25.100366
90.000000,36,evening_peak,22:00,100.000000,-32.661907
90.000000,36,evening_peak,23:00,45.000000,19.655802
90.000000,37,scarcity_peak,00:00,45.000000,23.887383
90.000000,37,scarcity_peak,01:00,45.000000,146.880319
90.000000,37,scarcity_peak,02:00,45.000000,37.787210
90.000000,37,scarcity_peak,03:00,45.000000,144.004705
90.000000,37,scarcity_peak,04:00,45.000000,120.545005
90.000000,37,scarcity_peak,05:00,45.000000,137.066269
90.000000,37,scarcity_peak,06:00,45.000000,-13.454535
90.000000,37,scarcity_peak,07:00,45.000000,32.558778
90.000000,37,scarcity_peak,08:00,45.000000,15.292420
90.000000,37,scarcity_peak,09:00,15.000000,86.404412
90.000000,37,scarcity_peak,10:00,15.000000,29.568465
90.000000,37,scarcity_peak,11:00,15.000000,-34.101009
90.000000,37,scarcity_peak,12:00,15.000000,-52.784905
90.000000,37,scarcity_peak,13:00,15.000000,-14.595275
90.000000,37,scarcity_peak,14:00,45.000000,-45.446461
90.000000,37,scarcity_peak,15:00,45.000000,110.308582
90.000000,37,scarcity_peak,16:00,45.000000,-21.458692
90.000000,37,scarcity_peak,17:00,45.000000,-8.333549
90.000000,37,scarcity_peak,18:00,100.000000,102.399311
90.000000,37,scarcity_peak,19:00,100.000000,107.035811
90.000000,37,scarcity_peak,20:00,400.000000,88.184888
90.000000,37,scarcity_peak,21:00,100.000000,39.913959
90.000000,37,scarcity_peak,22:00,100.000000,185.717831
90.000000,37,scarcity_peak,23:00,45.000000,374.025600
90.000000,38,negative_midday,00:00,45.000000,233.826454
90.000000,38,negative_midday,01:00,45.000000,111.465283
90.000000,38,negative_midday,02:00,45.000000,48.956106
90.000000,38,negative_midday,03:00,45.000000,163.087231
90.000000,38,negative_midday,04:00,45.000000,165.540193
90.000000,38,negative_midday,05:00,45.000000,122.574812
90.000000,38,negative_midday,06:00,45.000000,94.359049
90.000000,38,negative_midday,07:00,45.000000,42.103256
90.000000,38,negative_midday,08:00,45.000000,123.276715
90.000000,38,negative_midday,09:00,15.000000,143.208828
90.000000,38,negative_midday,10:00,-30.000000,176.752627
90.000000,38,negative_midday,11:00,-30.000000,175.768565
90.000000,38,negative_midday,12:00,-30.000000,116.097730
90.000000,38,negative_midday,13:00,15.000000,143.594156
90.000000,38,negative_midday,14:00,45.000000,-17.417272
90.000000,38,negative_midday,15:00,45.000000,72.241071
90.000000,38,negative_midday,16:00,45.000000,115.373332
90.000000,38,negative_midday,17:00,45.000000,69.079204
90.000000,38,negative_midday,18:00,100.000000,213.514564
90.000000,38,negative_midday,19:00,100.000000,101.592989
90.000000,38,negative_midday,20:00,100.000000,178.339855
90.000000,38,negative_midday,21:00,100.000000,123.637259
90.000000,38,negative_midday,22:00,100.000000,137.868544
90.000000,38,negative_midday,23:00,45.000000,111.426884
90.000000,39,flat_missed_event,00:00,40.000000,-3.850366
90.000000,39,flat_missed_event,01:00,40.000000,-11.696953
90.000000,39,flat_missed_event,02:00,40.000000,61.257574
90.000000,39,flat_missed_event,03:00,40.000000,-28.806212
90.000000,39,flat_missed_event,04:00,40.000000,-7.866197
90.000000,39,flat_missed_event,05:00,40.000000,112.309821
90.000000,39,flat_missed_event,06:00,40.000000,-10.616194
90.000000,39,flat_missed_event,07:00,40.000000,46.692222
90.000000,39,flat_missed_event,08:00,40.000000,-52.036685
90.000000,39,flat_missed_event,09:00,40.000000,26.242094
90.000000,39,flat_missed_event,10:00,40.000000,-38.819286
90.000000,39,flat_missed_event,11:00,40.000000,20.815985
90.000000,39,flat_missed_event,12:00,40.000000,82.405541
90.000000,39,flat_missed_event,13:00,40.000000,64.463966
90.000000,39,flat_missed_event,14:00,40.000000,35.823819
90.000000,39,flat_missed_event,15:00,40.000000,68.320274
90.000000,39,flat_missed_event,16:00,40.000000,19.083587
90.000000,39,flat_missed_event,17:00,40.000000,432.942796
90.000000,39,flat_missed_event,18:00,40.000000,-16.133758
90.000000,39,flat_missed_event,19:00,40.000000,36.632143
90.000000,39,flat_missed_event,20:00,40.000000,96.547716
90.000000,39,flat_missed_event,21:00,40.000000,85.407944
90.000000,39,flat_missed_event,22:00,40.000000,77.433842
90.000000,39,flat_missed_event,23:00,40.000000,110.679619
90.000000,40,evening_peak,00:00,45.000000,82.016245
90.000000,40,evening_peak,01:00,45.000000,239.497790
90.000000,40,evening_peak,02:00,45.000000,72.842941
90.000000,40,evening_peak,03:00,45.000000,136.398282
90.000000,40,evening_peak,04:00,45.000000,44.986485
90.000000,40,evening_peak,05:00,45.000000,191.730660
90.000000,40,evening_peak,06:00,45.000000,127.099051
90.000000,40,evening_peak,07:00,45.000000,151.734991
90.000000,40,evening_peak,08:00,45.000000,51.003266
90.000000,40,evening_peak,09:00,15.000000,89.272586
90.000000,40,evening_peak,10:00,15.000000,98.653153
90.000000,40,evening_peak,11:00,15.000000,56.844442
90.000000,40,evening_peak,12:00,15.000000,113.589184
90.000000,40,evening_peak,13:00,15.000000,44.613671
90.000000,40,evening_peak,14:00,45.000000,163.813186
90.000000,40,evening_peak,15:00,45.000000,147.135729
90.000000,40,evening_peak,16:00,45.000000,153.454731
90.000000,40,evening_peak,17:00,45.000000,66.194641
90.000000,40,evening_peak,18:00,100.000000,107.676988
90.000000,40,evening_peak,19:00,100.000000,175.460774
90.000000,40,evening_peak,20:00,100.000000,192.602747
90.000000,40,evening_peak,21:00,100.000000,233.380264
90.000000,40,evening_peak,22:00,100.000000,193.471338
90.000000,40,evening_peak,23:00,45.000000,198.783296
90.000000,41,scarcity_peak,00:00,45.000000,101.696518
90.000000,41,scarcity_peak,01:00,45.000000,35.283664
90.000000,41,scarcity_peak,02:00,45.000000,13.030333
90.000000,41,scarcity_peak,03:00,45.000000,80.529208
90.000000,41,scarcity_peak,04:00,45.000000,72.719468
90.000000,41,scarcity_peak,05:00,45.000000,-44.952085
90.000000,41,scarcity_peak,06:00,45.000000,99.379564
90.000000,41,scarcity_peak,07:00,45.000000,-2.271858
90.000000,41,scarcity_peak,08:00,45.000000,62.994279
90.000000,41,scarcity_peak,09:00,15.000000,-18.571081
90.000000,41,scarcity_peak,10:00,15.000000,103.762918
90.000000,41,scarcity_peak,11:00,15.000000,89.070554
90.000000,41,scarcity_peak,12:00,15.000000,-63.382816
90.000000,41,scarcity_peak,13:00,15.000000,-100.063876
90.000000,41,scarcity_peak,14:00,45.000000,-16.668362
90.000000,41,scarcity_peak,15:00,45.000000,-91.075579
90.000000,41,scarcity_peak,16:00,45.000000,36.767090
90.000000,41,scarcity_peak,17:00,45.000000,-42.467026
90.000000,41,scarcity_peak,18:00,100.000000,43.874888
90.000000,41,scarcity_peak,19:00,100.000000,45.813719
90.000000,41,scarcity_peak,20:00,400.000000,-49.508092
90.000000,41,scarcity_peak,21:00,100.000000,63.530272
90.000000,41,scarcity_peak,22:00,100.000000,-17.191357
90.000000,41,scarcity_peak,23:00,45.000000,405.463451
90.000000,42,negative_midday,00:00,45.000000,128.206798
90.000000,42,negative_midday,01:00,45.000000,135.652844
90.000000,42,negative_midday,02:00,45.000000,19.478969
90.000000,42,negative_midday,03:00,45.000000,141.878967
90.000000,42,negative_midday,04:00,45.000000,118.077845
90.000000,42,negative_midday,05:00,45.000000,133.248591
90.000000,42,negative_midday,06:00,45.000000,5.855468
90.000000,42,negative_midday,07:00,45.000000,97.661326
90.000000,42,negative_midday,08:00,45.000000,183.446768
90.000000,42,negative_midday,09:00,15.000000,28.059342
90.000000,42,negative_midday,10:00,-30.000000,73.193162
90.000000,42,negative_midday,11:00,-30.000000,119.981012
90.000000,42,negative_midday,12:00,-30.000000,148.844527
90.000000,42,negative_midday,13:00,15.000000,38.541604
90.000000,42,negative_midday,14:00,45.000000,102.296153
90.000000,42,negative_midday,15:00,45.000000,64.647149
90.000000,42,negative_midday,16:00,45.000000,15.991297
90.000000,42,negative_midday,17:00,45.000000,125.448137
90.000000,42,negative_midday,18:00,100.000000,14.060656
90.000000,42,negative_midday,19:00,100.000000,158.200471
90.000000,42,negative_midday,20:00,100.000000,43.224029
90.000000,42,negative_midday,21:00,100.000000,83.554890
90.000000,42,negative_midday,22:00,100.000000,208.886584
90.000000,42,negative_midday,23:00,45.000000,155.590874
90.000000,43,flat_missed_event,00:00,40.000000,-104.445118
90.000000,43,flat_missed_event,01:00,40.000000,56.298236
90.000000,43,flat_missed_event,02:00,40.000000,31.176788
90.000000,43,flat_missed_event,03:00,40.000000,42.536703
90.000000,43,flat_missed_event,04:00,40.000000,-57.707737
90.000000,43,flat_missed_event,05:00,40.000000,-68.539426
90.000000,43,flat_missed_event,06:00,40.000000,-50.735943
90.000000,43,flat_missed_event,07:00,40.000000,11.667683
90.000000,43,flat_missed_event,08:00,40.000000,7.521535
90.000000,43,flat_missed_event,09:00,40.000000,-78.212718
90.000000,43,flat_missed_event,10:00,40.000000,20.147938
90.000000,43,flat_missed_event,11:00,40.000000,-23.927694
90.000000,43,flat_missed_event,12:00,40.000000,-23.303130
90.000000,43,flat_missed_event,13:00,40.000000,-59.414531
90.000000,43,flat_missed_event,14:00,40.000000,-36.154257
90.000000,43,flat_missed_event,15:00,40.000000,56.967489
90.000000,43,flat_missed_event,16:00,40.000000,-2.166421
90.000000,43,flat_missed_event,17:00,40.000000,310.178544
90.000000,43,flat_missed_event,18:00,40.000000,-57.010254
90.000000,43,flat_missed_event,19:00,40.000000,-77.236659
90.000000,43,flat_missed_event,20:00,40.000000,-39.852966
90.000000,43,flat_missed_event,21:00,40.000000,-67.129186
90.000000,43,flat_missed_event,22:00,40.000000,-77.092040
90.000000,43,flat_missed_event,23:00,40.000000,-59.916028
90.000000,44,evening_peak,00:00,45.000000,160.842521
90.000000,44,evening_peak,01:00,45.000000,70.620566
90.000000,44,evening_peak,02:00,45.000000,42.565032
90.000000,44,evening_peak,03:00,45.000000,24.048927
90.000000,44,evening_peak,04:00,45.000000,-6.021237
90.000000,44,evening_peak,05:00,45.000000,88.006234
90.000000,44,evening_peak,06:00,45.000000,34.845160
90.000000,44,evening_peak,07:00,45.000000,21.570599
90.000000,44,evening_peak,08:00,45.000000,121.587398
90.000000,44,evening_peak,09:00,15.000000,-4.171570
90.000000,44,evening_peak,10:00,15.000000,16.740617
90.000000,44,evening_peak,11:00,15.000000,45.629599
90.000000,44,evening_peak,12:00,15.000000,-14.880645
90.000000,44,evening_peak,13:00,15.000000,115.540600
90.000000,44,evening_peak,14:00,45.000000,80.250208
90.000000,44,evening_peak,15:00,45.000000,-41.709030
90.000000,44,evening_peak,16:00,45.000000,32.001911
90.000000,44,evening_peak,17:00,45.000000,33.923175
90.000000,44,evening_peak,18:00,100.000000,38.945773
90.000000,44,evening_peak,19:00,100.000000,38.420036
90.000000,44,evening_peak,20:00,100.000000,54.873848
90.000000,44,evening_peak,21:00,100.000000,167.253245
90.000000,44,evening_peak,22:00,100.000000,173.676346
90.000000,44,evening_peak,23:00,45.000000,61.351136
90.000000,45,scarcity_peak,00:00,45.000000,-22.247509
90.000000,45,scarcity_peak,01:00,45.000000,35.584498
90.000000,45,scarcity_peak,02:00,45.000000,-35.407643
90.000000,45,scarcity_peak,03:00,45.000000,14.347496
90.000000,45,scarcity_peak,04:00,45.000000,-0.092647
90.000000,45,scarcity_peak,05:00,45.000000,-67.745628
90.000000,45,scarcity_peak,06:00,45.000000,-41.059556
90.000000,45,scarcity_peak,07:00,45.000000,-64.892037
90.000000,45,scarcity_peak,08:00,45.000000,-56.834161
90.000000,45,scarcity_peak,09:00,15.000000,-132.327853
90.000000,45,scarcity_peak,10:00,15.000000,-20.876122
90.000000,45,scarcity_peak,11:00,15.000000,11.156339
90.000000,45,scarcity_peak,12:00,15.000000,-34.178521
90.000000,45,scarcity_peak,13:00,15.000000,-65.868732
90.000000,45,scarcity_peak,14:00,45.000000,1.781294
90.000000,45,scarcity_peak,15:00,45.000000,-129.985054
90.000000,45,scarcity_peak,16:00,45.000000,4.835473
90.000000,45,scarcity_peak,17:00,45.000000,15.385864
90.000000,45,scarcity_peak,18:00,100.000000,-29.959515
90.000000,45,scarcity_peak,19:00,100.000000,-105.701708
90.000000,45,scarcity_peak,20:00,400.000000,-39.491165
90.000000,45,scarcity_peak,21:00,100.000000,90.893461
90.000000,45,scarcity_peak,22:00,100.000000,41.104764
90.000000,45,scarcity_peak,23:00,45.000000,394.168918
90.000000,46,negative_midday,00:00,45.000000,1.572558
90.000000,46,negative_midday,01:00,45.000000,10.981873
90.000000,46,negative_midday,02:00,45.000000,-22.148929
90.000000,46,negative_midday,03:00,45.000000,29.360449
90.000000,46,negative_midday,04:00,45.000000,45.440392
90.000000,46,negative_midday,05:00,45.000000,104.615078
90.000000,46,negative_midday,06:00,45.000000,94.261653
90.000000,46,negative_midday,07:00,45.000000,78.747649
90.000000,46,negative_midday,08:00,45.000000,-28.032470
90.000000,46,negative_midday,09:00,15.000000,103.919612
90.000000,46,negative_midday,10:00,-30.000000,-51.866006
90.000000,46,negative_midday,11:00,-30.000000,40.394523
90.000000,46,negative_midday,12:00,-30.000000,-3.663342
90.000000,46,negative_midday,13:00,15.000000,-91.784322
90.000000,46,negative_midday,14:00,45.000000,-107.140185
90.000000,46,negative_midday,15:00,45.000000,17.365919
90.000000,46,negative_midday,16:00,45.000000,51.372124
90.000000,46,negative_midday,17:00,45.000000,69.742880
90.000000,46,negative_midday,18:00,100.000000,112.926802
90.000000,46,negative_midday,19:00,100.000000,6.602230
90.000000,46,negative_midday,20:00,100.000000,51.284349
90.000000,46,negative_midday,21:00,100.000000,89.741582
90.000000,46,negative_midday,22:00,100.000000,162.948839
90.000000,46,negative_midday,23:00,45.000000,152.539472
90.000000,47,flat_missed_event,00:00,40.000000,128.720050
90.000000,47,flat_missed_event,01:00,40.000000,57.851929
90.000000,47,flat_missed_event,02:00,40.000000,165.124585
90.000000,47,flat_missed_event,03:00,40.000000,88.063681
90.000000,47,flat_missed_event,04:00,40.000000,51.884720
90.000000,47,flat_missed_event,05:00,40.000000,76.664862
90.000000,47,flat_missed_event,06:00,40.000000,175.251433
90.000000,47,flat_missed_event,07:00,40.000000,129.330346
90.000000,47,flat_missed_event,08:00,40.000000,145.961165
90.000000,47,flat_missed_event,09:00,40.000000,145.124353
90.000000,47,flat_missed_event,10:00,40.000000,115.424337
90.000000,47,flat_missed_event,11:00,40.000000,77.346695
90.000000,47,flat_missed_event,12:00,40.000000,192.628215
90.000000,47,flat_missed_event,13:00,40.000000,172.916877
90.000000,47,flat_missed_event,14:00,40.000000,126.766545
90.000000,47,flat_missed_event,15:00,40.000000,15.161800
90.000000,47,flat_missed_event,16:00,40.000000,56.750060
90.000000,47,flat_missed_event,17:00,40.000000,412.412948
90.000000,47,flat_missed_event,18:00,40.000000,20.124746
90.000000,47,flat_missed_event,19:00,40.000000,134.841611
90.000000,47,flat_missed_event,20:00,40.000000,159.913838
90.000000,47,flat_missed_event,21:00,40.000000,139.955881
90.000000,47,flat_missed_event,22:00,40.000000,148.119826
90.000000,47,flat_missed_event,23:00,40.000000,120.191797
90.000000,48,evening_peak,00:00,45.000000,32.379004
90.000000,48,evening_peak,01:00,45.000000,73.729585
90.000000,48,evening_peak,02:00,45.000000,-83.610304
90.000000,48,evening_peak,03:00,45.000000,-63.587514
90.000000,48,evening_peak,04:00,45.000000,94.185718
90.000000,48,evening_peak,05:00,45.000000,51.565182
90.000000,48,evening_peak,06:00,45.000000,-51.054487
90.000000,48,evening_peak,07:00,45.000000,52.892143
90.000000,48,evening_peak,08:00,45.000000,67.495652
90.000000,48,evening_peak,09:00,15.000000,26.578788
90.000000,48,evening_peak,10:00,15.000000,65.102290
90.000000,48,evening_peak,11:00,15.000000,-68.179868
90.000000,48,evening_peak,12:00,15.000000,18.219596
90.000000,48,evening_peak,13:00,15.000000,-31.396744
90.000000,48,evening_peak,14:00,45.000000,-61.746502
90.000000,48,evening_peak,15:00,45.000000,-104.478906
90.000000,48,evening_peak,16:00,45.000000,-7.260306
90.000000,48,evening_peak,17:00,45.000000,65.896074
90.000000,48,evening_peak,18:00,100.000000,-37.036372
90.000000,48,evening_peak,19:00,100.000000,68.319135
90.000000,48,evening_peak,20:00,100.000000,71.272854
90.000000,48,evening_peak,21:00,100.000000,13.228125
90.000000,48,evening_peak,22:00,100.000000,-7.355962
90.000000,48,evening_peak,23:00,45.000000,47.124942
90.000000,49,scarcity_peak,00:00,45.000000,209.705238
90.000000,49,scarcity_peak,01:00,45.000000,213.813941
90.000000,49,scarcity_peak,02:00,45.000000,97.095265
90.000000,49,scarcity_peak,03:00,45.000000,82.531080
90.000000,49,scarcity_peak,04:00,45.000000,112.856728
90.000000,49,scarcity_peak,05:00,45.000000,31.577074
90.000000,49,scarcity_peak,06:00,45.000000,46.537135
90.000000,49,scarcity_peak,07:00,45.000000,57.925768
90.000000,49,scarcity_peak,08:00,45.000000,69.800815
90.000000,49,scarcity_peak,09:00,15.000000,78.163541
90.000000,49,scarcity_peak,10:00,15.000000,34.493728
90.000000,49,scarcity_peak,11:00,15.000000,123.118473
90.000000,49,scarcity_peak,12:00,15.000000,-0.206841
90.000000,49,scarcity_peak,13:00,15.000000,5.579619
90.000000,49,scarcity_peak,14:00,45.000000,51.651195
90.000000,49,scarcity_peak,15:00,45.000000,86.383067
90.000000,49,scarcity_peak,16:00,45.000000,57.803956
90.000000,49,scarcity_peak,17:00,45.000000,138.843625
90.000000,49,scarcity_peak,18:00,100.000000,92.028695
90.000000,49,scarcity_peak,19:00,100.000000,106.186790
90.000000,49,scarcity_peak,20:00,400.000000,156.924878
90.000000,49,scarcity_peak,21:00,100.000000,187.807234
90.000000,49,scarcity_peak,22:00,100.000000,43.623801
90.000000,49,scarcity_peak,23:00,45.000000,414.093378
90.000000,50,negative_midday,00:00,45.000000,53.985958
90.000000,50,negative_midday,01:00,45.000000,14.945926
90.000000,50,negative_midday,02:00,45.000000,-66.287966
90.000000,50,negative_midday,03:00,45.000000,-102.658457
90.000000,50,negative_midday,04:00,45.000000,-33.799438
90.000000,50,negative_midday,05:00,45.000000,-15.288571
90.000000,50,negative_midday,06:00,45.000000,-48.707948
90.000000,50,negative_midday,07:00,45.000000,21.801565
90.000000,50,negative_midday,08:00,45.000000,22.834020
90.000000,50,negative_midday,09:00,15.000000,-34.155808
90.000000,50,negative_midday,10:00,-30.000000,25.536079
90.000000,50,negative_midday,11:00,-30.000000,-38.657779
90.000000,50,negative_midday,12:00,-30.000000,31.067153
90.000000,50,negative_midday,13:00,15.000000,-35.895194
90.000000,50,negative_midday,14:00,45.000000,-156.930988
90.000000,50,negative_midday,15:00,45.000000,-36.392157
90.000000,50,negative_midday,16:00,45.000000,25.706879
90.000000,50,negative_midday,17:00,45.000000,-77.326011
90.000000,50,negative_midday,18:00,100.000000,24.011964
90.000000,50,negative_midday,19:00,100.000000,35.521236
90.000000,50,negative_midday,20:00,100.000000,-100.514440
90.000000,50,negative_midday,21:00,100.000000,116.608057
90.000000,50,negative_midday,22:00,100.000000,41.839633
90.000000,50,negative_midday,23:00,45.000000,-40.794505
90.000000,51,flat_missed_event,00:00,40.000000,1.757151
90.000000,51,flat_missed_event,01:00,40.000000,99.115207
90.000000,51,flat_missed_event,02:00,40.000000,111.525622
90.000000,51,flat_missed_event,03:00,40.000000,-1.808504
90.000000,51,flat_missed_event,04:00,40.000000,-15.030276
90.000000,51,flat_missed_event,05:00,40.000000,40.453591
90.000000,51,flat_missed_event,06:00,40.000000,61.312354
90.000000,51,flat_missed_event,07:00,40.000000,70.840223
90.000000,51,flat_missed_event,08:00,40.000000,114.969068
90.000000,51,flat_missed_event,09:00,40.000000,17.531535
90.000000,51,flat_missed_event,10:00,40.000000,122.838097
90.000000,51,flat_missed_event,11:00,40.000000,-2.061567
90.000000,51,flat_missed_event,12:00,40.000000,43.824382
90.000000,51,flat_missed_event,13:00,40.000000,42.753796
90.000000,51,flat_missed_event,14:00,40.000000,53.920277
90.000000,51,flat_missed_event,15:00,40.000000,132.213929
90.000000,51,flat_missed_event,16:00,40.000000,96.491160
90.000000,51,flat_missed_event,17:00,40.000000,355.041982
90.000000,51,flat_missed_event,18:00,40.000000,114.881798
90.000000,51,flat_missed_event,19:00,40.000000,-26.319736
90.000000,51,flat_missed_event,20:00,40.000000,-14.351082
90.000000,51,flat_missed_event,21:00,40.000000,50.521206
90.000000,51,flat_missed_event,22:00,40.000000,105.100810
90.000000,51,flat_missed_event,23:00,40.000000,-28.997193
90.000000,52,evening_peak,00:00,45.000000,267.411958
90.000000,52,evening_peak,01:00,45.000000,119.291965
90.000000,52,evening_peak,02:00,45.000000,44.671064
90.000000,52,evening_peak,03:00,45.000000,73.151519
90.000000,52,evening_peak,04:00,45.000000,204.241496
90.000000,52,evening_peak,05:00,45.000000,209.126270
90.000000,52,evening_peak,06:00,45.000000,152.915700
90.000000,52,evening_peak,07:00,45.000000,81.003319
90.000000,52,evening_peak,08:00,45.000000,127.609631
90.000000,52,evening_peak,09:00,15.000000,58.023606
90.000000,52,evening_peak,10:00,15.000000,124.658577
90.000000,52,evening_peak,11:00,15.000000,211.141832
90.000000,52,evening_peak,12:00,15.000000,59.391304
90.000000,52,evening_peak,13:00,15.000000,43.947612
90.000000,52,evening_peak,14:00,45.000000,80.502496
90.000000,52,evening_peak,15:00,45.000000,33.821023
90.000000,52,evening_peak,16:00,45.000000,52.322385
90.000000,52,evening_peak,17:00,45.000000,169.380304
90.000000,52,evening_peak,18:00,100.000000,85.985164
90.000000,52,evening_peak,19:00,100.000000,67.062139
90.000000,52,evening_peak,20:00,100.000000,91.893227
90.000000,52,evening_peak,21:00,100.000000,198.322188
90.000000,52,evening_peak,22:00,100.000000,208.511876
90.000000,52,evening_peak,23:00,45.000000,237.469281
90.000000,53,scarcity_peak,00:00,45.000000,85.689689
90.000000,53,scarcity_peak,01:00,45.000000,32.603159
90.000000,53,scarcity_peak,02:00,45.000000,44.398924
90.000000,53,scarcity_peak,03:00,45.000000,-3.734972
90.000000,53,scarcity_peak,04:00,45.000000,40.716063
90.000000,53,scarcity_peak,05:00,45.000000,16.456489
90.000000,53,scarcity_peak,06:00,45.000000,68.820105
90.000000,53,scarcity_peak,07:00,45.000000,-5.804543
90.000000,53,scarcity_peak,08:00,45.000000,38.456637
90.000000,53,scarcity_peak,09:00,15.000000,97.951231
90.000000,53,scarcity_peak,10:00,15.000000,86.957600
90.000000,53,scarcity_peak,11:00,15.000000,88.745890
90.000000,53,scarcity_peak,12:00,15.000000,16.961396
90.000000,53,scarcity_peak,13:00,15.000000,39.000774
90.000000,53,scarcity_peak,14:00,45.000000,68.801960
90.000000,53,scarcity_peak,15:00,45.000000,40.754187
90.000000,53,scarcity_peak,16:00,45.000000,1.954005
90.000000,53,scarcity_peak,17:00,45.000000,-7.396114
90.000000,53,scarcity_peak,18:00,100.000000,15.075179
90.000000,53,scarcity_peak,19:00,100.000000,-56.670432
90.000000,53,scarcity_peak,20:00,400.000000,-2.171497
90.000000,53,scarcity_peak,21:00,100.000000,124.347844
90.000000,53,scarcity_peak,22:00,100.000000,-2.117948
90.000000,53,scarcity_peak,23:00,45.000000,411.428799
90.000000,54,negative_midday,00:00,45.000000,111.007824
90.000000,54,negative_midday,01:00,45.000000,195.405315
90.000000,54,negative_midday,02:00,45.000000,62.338738
90.000000,54,negative_midday,03:00,45.000000,147.779367
90.000000,54,negative_midday,04:00,45.000000,74.317241
90.000000,54,negative_midday,05:00,45.000000,136.921237
90.000000,54,negative_midday,06:00,45.000000,18.647925
90.000000,54,negative_midday,07:00,45.000000,4.111705
90.000000,54,negative_midday,08:00,45.000000,60.383111
90.000000,54,negative_midday,09:00,15.000000,155.695923
90.000000,54,negative_midday,10:00,-30.000000,34.299120
90.000000,54,negative_midday,11:00,-30.000000,119.552694
90.000000,54,negative_midday,12:00,-30.000000,93.913757
90.000000,54,negative_midday,13:00,15.000000,14.011709
90.000000,54,negative_midday,14:00,45.000000,7.683900
90.000000,54,negative_midday,15:00,45.000000,-69.408254
90.000000,54,negative_midday,16:00,45.000000,72.281225
90.000000,54,negative_midday,17:00,45.000000,71.157619
90.000000,54,negative_midday,18:00,100.000000,107.481322
90.000000,54,negative_midday,19:00,100.000000,78.317055
90.000000,54,negative_midday,20:00,100.000000,101.015031
90.000000,54,negative_midday,21:00,100.000000,208.944403
90.000000,54,negative_midday,22:00,100.000000,222.438822
90.000000,54,negative_midday,23:00,45.000000,172.659430
90.000000,55,flat_missed_event,00:00,40.000000,51.963983
90.000000,55,flat_missed_event,01:00,40.000000,-80.912507
90.000000,55,flat_missed_event,02:00,40.000000,61.475956
90.000000,55,flat_missed_event,03:00,40.000000,-42.841263
90.000000,55,flat_missed_event,04:00,40.000000,-89.401135
90.000000,55,flat_missed_event,05:00,40.000000,-78.888544
90.000000,55,flat_missed_event,06:00,40.000000,-82.129671
90.000000,55,flat_missed_event,07:00,40.000000,7.387229
90.000000,55,flat_missed_event,08:00,40.000000,-29.060932
90.000000,55,flat_missed_event,09:00,40.000000,37.141164
90.000000,55,flat_missed_event,10:00,40.000000,23.559148
90.000000,55,flat_missed_event,11:00,40.000000,-36.985810
90.000000,55,flat_missed_event,12:00,40.000000,60.153789
90.000000,55,flat_missed_event,13:00,40.000000,-82.195686
90.000000,55,flat_missed_event,14:00,40.000000,36.979447
90.000000,55,flat_missed_event,15:00,40.000000,-80.936873
90.000000,55,flat_missed_event,16:00,40.000000,53.150640
90.000000,55,flat_missed_event,17:00,40.000000,389.438354
90.000000,55,flat_missed_event,18:00,40.000000,33.398911
90.000000,55,flat_missed_event,19:00,40.000000,1.765636
90.000000,55,flat_missed_event,20:00,40.000000,3.551176
90.000000,55,flat_missed_event,21:00,40.000000,-103.561403
90.000000,55,flat_missed_event,22:00,40.000000,-30.798831
90.000000,55,flat_missed_event,23:00,40.000000,-54.397264
90.000000,56,evening_peak,00:00,45.000000,142.989581
90.000000,56,evening_peak,01:00,45.000000,119.395710
90.000000,56,evening_peak,02:00,45.000000,-2.796157
90.000000,56,evening_peak,03:00,45.000000,-22.011787
90.000000,56,evening_peak,04:00,45.000000,129.597751
90.000000,56,evening_peak,05:00,45.000000,4.553704
90.000000,56,evening_peak,06:00,45.000000,38.590771
90.000000,56,evening_peak,07:00,45.000000,112.243040
90.000000,56,evening_peak,08:00,45.000000,-16.561986
90.000000,56,evening_peak,09:00,15.000000,99.938141
90.000000,56,evening_peak,10:00,15.000000,-23.225441
90.000000,56,evening_peak,11:00,15.000000,-3.921239
90.000000,56,evening_peak,12:00,15.000000,24.843061
90.000000,56,evening_peak,13:00,15.000000,70.994636
90.000000,56,evening_peak,14:00,45.000000,7.270378
90.000000,56,evening_peak,15:00,45.000000,-0.983458
90.000000,56,evening_peak,16:00,45.000000,86.023929
90.000000,56,evening_peak,17:00,45.000000,112.143736
90.000000,56,evening_peak,18:00,100.000000,-1.406329
90.000000,56,evening_peak,19:00,100.000000,8.264101
90.000000,56,evening_peak,20:00,100.000000,99.705001
90.000000,56,evening_peak,21:00,100.000000,136.990508
90.000000,56,evening_peak,22:00,100.000000,176.404897
90.000000,56,evening_peak,23:00,45.000000,78.144592
90.000000,57,scarcity_peak,00:00,45.000000,-34.776392
90.000000,57,scarcity_peak,01:00,45.000000,84.014688
90.000000,57,scarcity_peak,02:00,45.000000,13.804749
90.000000,57,scarcity_peak,03:00,45.000000,-20.118066
90.000000,57,scarcity_peak,04:00,45.000000,-26.509922
90.000000,57,scarcity_peak,05:00,45.000000,-2.151789
90.000000,57,scarcity_peak,06:00,45.000000,-10.996681
90.000000,57,scarcity_peak,07:00,45.000000,-13.248154
90.000000,57,scarcity_peak,08:00,45.000000,-85.284571
90.000000,57,scarcity_peak,09:00,15.000000,-23.914668
90.000000,57,scarcity_peak,10:00,15.000000,-31.493876
90.000000,57,scarcity_peak,11:00,15.000000,14.990672
90.000000,57,scarcity_peak,12:00,15.000000,-123.653303
90.000000,57,scarcity_peak,13:00,15.000000,-83.062707
90.000000,57,scarcity_peak,14:00,45.000000,-9.481873
90.000000,57,scarcity_peak,15:00,45.000000,14.803668
90.000000,57,scarcity_peak,16:00,45.000000,-114.196152
90.000000,57,scarcity_peak,17:00,45.000000,-58.271490
90.000000,57,scarcity_peak,18:00,100.000000,-71.171688
90.000000,57,scarcity_peak,19:00,100.000000,-17.856256
90.000000,57,scarcity_peak,20:00,400.000000,12.358252
90.000000,57,scarcity_peak,21:00,100.000000,43.745854
90.000000,57,scarcity_peak,22:00,100.000000,50.883943
90.000000,57,scarcity_peak,23:00,45.000000,403.790906
90.000000,58,negative_midday,00:00,45.000000,185.852115
90.000000,58,negative_midday,01:00,45.000000,37.585166
90.000000,58,negative_midday,02:00,45.000000,36.151380
90.000000,58,negative_midday,03:00,45.000000,101.738936
90.000000,58,negative_midday,04:00,45.000000,23.854474
90.000000,58,negative_midday,05:00,45.000000,133.626968
90.000000,58,negative_midday,06:00,45.000000,85.414009
90.000000,58,negative_midday,07:00,45.000000,57.984261
90.000000,58,negative_midday,08:00,45.000000,118.152920
90.000000,58,negative_midday,09:00,15.000000,38.234376
90.000000,58,negative_midday,10:00,-30.000000,-24.050435
90.000000,58,negative_midday,11:00,-30.000000,61.645737
90.000000,58,negative_midday,12:00,-30.000000,-30.429412
90.000000,58,negative_midday,13:00,15.000000,-110.350908
90.000000,58,negative_midday,14:00,45.000000,-88.561732
90.000000,58,negative_midday,15:00,45.000000,-96.645091
90.000000,58,negative_midday,16:00,45.000000,39.411810
90.000000,58,negative_midday,17:00,45.000000,125.061097
90.000000,58,negative_midday,18:00,100.000000,59.422780
90.000000,58,negative_midday,19:00,100.000000,128.145918
90.000000,58,negative_midday,20:00,100.000000,141.721630
90.000000,58,negative_midday,21:00,100.000000,76.699151
90.000000,58,negative_midday,22:00,100.000000,21.099406
90.000000,58,negative_midday,23:00,45.000000,191.581743
90.000000,59,flat_missed_event,00:00,40.000000,127.255526
90.000000,59,flat_missed_event,01:00,40.000000,122.104500
90.000000,59,flat_missed_event,02:00,40.000000,48.737115
90.000000,59,flat_missed_event,03:00,40.000000,160.493570
90.000000,59,flat_missed_event,04:00,40.000000,43.040014
90.000000,59,flat_missed_event,05:00,40.000000,105.703863
90.000000,59,flat_missed_event,06:00,40.000000,210.255513
90.000000,59,flat_missed_event,07:00,40.000000,152.878712
90.000000,59,flat_missed_event,08:00,40.000000,53.506082
90.000000,59,flat_missed_event,09:00,40.000000,90.691481
90.000000,59,flat_missed_event,10:00,40.000000,102.563038
90.000000,59,flat_missed_event,11:00,40.000000,98.739025
90.000000,59,flat_missed_event,12:00,40.000000,118.039679
90.000000,59,flat_missed_event,13:00,40.000000,170.839133
90.000000,59,flat_missed_event,14:00,40.000000,77.868625
90.000000,59,flat_missed_event,15:00,40.000000,76.923220
90.000000,59,flat_missed_event,16:00,40.000000,139.252174
90.000000,59,flat_missed_event,17:00,40.000000,558.153778
90.000000,59,flat_missed_event,18:00,40.000000,196.014208
90.000000,59,flat_missed_event,19:00,40.000000,54.399006
90.000000,59,flat_missed_event,20:00,40.000000,46.213050
90.000000,59,flat_missed_event,21:00,40.000000,107.192635
90.000000,59,flat_missed_event,22:00,40.000000,173.691121
90.000000,59,flat_missed_event,23:00,40.000000,157.715540
90.000000,60,evening_peak,00:00,45.000000,37.003469
90.000000,60,evening_peak,01:00,45.000000,141.084954
90.000000,60,evening_peak,02:00,45.000000,-30.940052
90.000000,60,evening_peak,03:00,45.000000,71.040610
90.000000,60,evening_peak,04:00,45.000000,85.254126
90.000000,60,evening_peak,05:00,45.000000,103.441173
90.000000,60,evening_peak,06:00,45.000000,-37.538289
90.000000,60,evening_peak,07:00,45.000000,-18.947146
90.000000,60,evening_peak,08:00,45.000000,53.719451
90.000000,60,evening_peak,09:00,15.000000,-27.859270
90.000000,60,evening_peak,10:00,15.000000,98.208818
90.000000,60,evening_peak,11:00,15.000000,-49.542834
90.000000,60,evening_peak,12:00,15.000000,78.609703
90.000000,60,evening_peak,13:00,15.000000,-8.087636
90.000000,60,evening_peak,14:00,45.000000,13.041302
90.000000,60,evening_peak,15:00,45.000000,-22.724483
90.000000,60,evening_peak,16:00,45.000000,70.802108
90.000000,60,evening_peak,17:00,45.000000,-12.278980
90.000000,60,evening_peak,18:00,100.000000,-50.177018
90.000000,60,evening_peak,19:00,100.000000,-32.132430
90.000000,60,evening_peak,20:00,100.000000,-41.091447
90.000000,60,evening_peak,21:00,100.000000,95.435035
90.000000,60,evening_peak,22:00,100.000000,18.176022
90.000000,60,evening_peak,23:00,45.000000,86.701153
90.000000,61,scarcity_peak,00:00,45.000000,220.396657
90.000000,61,scarcity_peak,01:00,45.000000,106.708503
90.000000,61,scarcity_peak,02:00,45.000000,164.624701
90.000000,61,scarcity_peak,03:00,45.000000,93.102706
90.000000,61,scarcity_peak,04:00,45.000000,96.993752
90.000000,61,scarcity_peak,05:00,45.000000,86.340218
90.000000,61,scarcity_peak,06:00,45.000000,77.240639
90.000000,61,scarcity_peak,07:00,45.000000,36.868753
90.000000,61,scarcity_peak,08:00,45.000000,154.220375
90.000000,61,scarcity_peak,09:00,15.000000,154.237503
90.000000,61,scarcity_peak,10:00,15.000000,68.286491
90.000000,61,scarcity_peak,11:00,15.000000,93.959620
90.000000,61,scarcity_peak,12:00,15.000000,108.097747
90.000000,61,scarcity_peak,13:00,15.000000,-10.122898
90.000000,61,scarcity_peak,14:00,45.000000,-15.352095
90.000000,61,scarcity_peak,15:00,45.000000,155.673486
90.000000,61,scarcity_peak,16:00,45.000000,130.351441
90.000000,61,scarcity_peak,17:00,45.000000,66.319128
90.000000,61,scarcity_peak,18:00,100.000000,45.252656
90.000000,61,scarcity_peak,19:00,100.000000,47.832798
90.000000,61,scarcity_peak,20:00,400.000000,62.949544
90.000000,61,scarcity_peak,21:00,100.000000,180.433064
90.000000,61,scarcity_peak,22:00,100.000000,208.449206
90.000000,61,scarcity_peak,23:00,45.000000,458.054293
90.000000,62,negative_midday,00:00,45.000000,58.584569
90.000000,62,negative_midday,01:00,45.000000,82.781719
90.000000,62,negative_midday,02:00,45.000000,-16.089402
90.000000,62,negative_midday,03:00,45.000000,59.707724
90.000000,62,negative_midday,04:00,45.000000,-44.155183
90.000000,62,negative_midday,05:00,45.000000,-81.592788
90.000000,62,negative_midday,06:00,45.000000,22.763790
90.000000,62,negative_midday,07:00,45.000000,-95.402804
90.000000,62,negative_midday,08:00,45.000000,-25.024345
90.000000,62,negative_midday,09:00,15.000000,24.956186
90.000000,62,negative_midday,10:00,-30.000000,12.193228
90.000000,62,negative_midday,11:00,-30.000000,-62.422217
90.000000,62,negative_midday,12:00,-30.000000,-1.950239
90.000000,62,negative_midday,13:00,15.000000,-35.873416
90.000000,62,negative_midday,14:00,45.000000,-61.010757
90.000000,62,negative_midday,15:00,45.000000,-152.872097
90.000000,62,negative_midday,16:00,45.000000,-77.595163
90.000000,62,negative_midday,17:00,45.000000,70.100631
90.000000,62,negative_midday,18:00,100.000000,-25.512067
90.000000,62,negative_midday,19:00,100.000000,-28.011675
90.000000,62,negative_midday,20:00,100.000000,-32.914253
90.000000,62,negative_midday,21:00,100.000000,81.078563
90.000000,62,negative_midday,22:00,100.000000,65.925843
90.000000,62,negative_midday,23:00,45.000000,-12.665896
90.000000,63,flat_missed_event,00:00,40.000000,1.534253
90.000000,63,flat_missed_event,01:00,40.000000,125.262307
90.000000,63,flat_missed_event,02:00,40.000000,-4.113782
90.000000,63,flat_missed_event,03:00,40.000000,70.357422
90.000000,63,flat_missed_event,04:00,40.000000,143.203581
90.000000,63,flat_missed_event,05:00,40.000000,75.496717
90.000000,63,flat_missed_event,06:00,40.000000,97.230695
90.000000,63,flat_missed_event,07:00,40.000000,88.823136
90.000000,63,flat_missed_event,08:00,40.000000,10.617688
90.000000,63,flat_missed_event,09:00,40.000000,76.351049
90.000000,63,flat_missed_event,10:00,40.000000,-25.302848
90.000000,63,flat_missed_event,11:00,40.000000,-26.316691
90.000000,63,flat_missed_event,12:00,40.000000,145.414495
90.000000,63,flat_missed_event,13:00,40.000000,46.442034
90.000000,63,flat_missed_event,14:00,40.000000,138.349614
90.000000,63,flat_missed_event,15:00,40.000000,22.510884
90.000000,63,flat_missed_event,16:00,40.000000,84.333722
90.000000,63,flat_missed_event,17:00,40.000000,412.189389
90.000000,63,flat_missed_event,18:00,40.000000,114.587225
90.000000,63,flat_missed_event,19:00,40.000000,61.194356
90.000000,63,flat_missed_event,20:00,40.000000,62.830121
90.000000,63,flat_missed_event,21:00,40.000000,42.793681
90.000000,63,flat_missed_event,22:00,40.000000,-27.114146
90.000000,63,flat_missed_event,23:00,40.000000,9.813485
90.000000,64,evening_peak,00:00,45.000000,87.187020
90.000000,64,evening_peak,01:00,45.000000,-40.561600
90.000000,64,evening_peak,02:00,45.000000,-82.608857
90.000000,64,evening_peak,03:00,45.000000,-40.422300
90.000000,64,evening_peak,04:00,45.000000,3.779391
90.000000,64,evening_peak,05:00,45.000000,-103.817121
90.000000,64,evening_peak,06:00,45.000000,31.181862
90.000000,64,evening_peak,07:00,45.000000,14.531943
90.000000,64,evening_peak,08:00,45.000000,-66.410366
90.000000,64,evening_peak,09:00,15.000000,-51.903285
90.000000,64,evening_peak,10:00,15.000000,-72.813569
90.000000,64,evening_peak,11:00,15.000000,6.932697
90.000000,64,evening_peak,12:00,15.000000,-72.352365
90.000000,64,evening_peak,13:00,15.000000,19.106296
90.000000,64,evening_peak,14:00,45.000000,-82.630328
90.000000,64,evening_peak,15:00,45.000000,11.304162
90.000000,64,evening_peak,16:00,45.000000,-49.971872
90.000000,64,evening_peak,17:00,45.000000,-67.412223
90.000000,64,evening_peak,18:00,100.000000,33.174358
90.000000,64,evening_peak,19:00,100.000000,-92.713300
90.000000,64,evening_peak,20:00,100.000000,-20.816346
90.000000,64,evening_peak,21:00,100.000000,7.708314
90.000000,64,evening_peak,22:00,100.000000,66.338318
90.000000,64,evening_peak,23:00,45.000000,84.851740
90.000000,65,scarcity_peak,00:00,45.000000,95.650570
90.000000,65,scarcity_peak,01:00,45.000000,109.678682
90.000000,65,scarcity_peak,02:00,45.000000,119.224479
90.000000,65,scarcity_peak,03:00,45.000000,-17.480040
90.000000,65,scarcity_peak,04:00,45.000000,37.097670
90.000000,65,scarcity_peak,05:00,45.000000,50.442039
90.000000,65,scarcity_peak,06:00,45.000000,-20.232511
90.000000,65,scarcity_peak,07:00,45.000000,68.032098
90.000000,65,scarcity_peak,08:00,45.000000,122.511004
90.000000,65,scarcity_peak,09:00,15.000000,3.475989
90.000000,65,scarcity_peak,10:00,15.000000,80.608725
90.000000,65,scarcity_peak,11:00,15.000000,25.079963
90.000000,65,scarcity_peak,12:00,15.000000,-38.977803
90.000000,65,scarcity_peak,13:00,15.000000,45.058354
90.000000,65,scarcity_peak,14:00,45.000000,80.082681
90.000000,65,scarcity_peak,15:00,45.000000,-67.943138
90.000000,65,scarcity_peak,16:00,45.000000,85.366436
90.000000,65,scarcity_peak,17:00,45.000000,98.927685
90.000000,65,scarcity_peak,18:00,100.000000,-33.299845
90.000000,65,scarcity_peak,19:00,100.000000,129.600352
90.000000,65,scarcity_peak,20:00,400.000000,82.047912
90.000000,65,scarcity_peak,21:00,100.000000,183.716228
90.000000,65,scarcity_peak,22:00,100.000000,18.865616
90.000000,65,scarcity_peak,23:00,45.000000,456.336683
90.000000,66,negative_midday,00:00,45.000000,115.716458
90.000000,66,negative_midday,01:00,45.000000,79.874524
90.000000,66,negative_midday,02:00,45.000000,119.951725
90.000000,66,negative_midday,03:00,45.000000,150.994895
90.000000,66,negative_midday,04:00,45.000000,52.554457
90.000000,66,negative_midday,05:00,45.000000,197.674887
90.000000,66,negative_midday,06:00,45.000000,65.815393
90.000000,66,negative_midday,07:00,45.000000,117.962454
90.000000,66,negative_midday,08:00,45.000000,23.510608
90.000000,66,negative_midday,09:00,15.000000,55.676549
90.000000,66,negative_midday,10:00,-30.000000,66.069733
90.000000,66,negative_midday,11:00,-30.000000,84.267631
90.000000,66,negative_midday,12:00,-30.000000,9.960898
90.000000,66,negative_midday,13:00,15.000000,-7.728042
90.000000,66,negative_midday,14:00,45.000000,92.274201
90.000000,66,negative_midday,15:00,45.000000,-14.953032
90.000000,66,negative_midday,16:00,45.000000,60.275196
90.000000,66,negative_midday,17:00,45.000000,171.420264
90.000000,66,negative_midday,18:00,100.000000,96.940069
90.000000,66,negative_midday,19:00,100.000000,193.950216
90.000000,66,negative_midday,20:00,100.000000,166.956538
90.000000,66,negative_midday,21:00,100.000000,110.843982
90.000000,66,negative_midday,22:00,100.000000,202.728690
90.000000,66,negative_midday,23:00,45.000000,199.354446
90.000000,67,flat_missed_event,00:00,40.000000,57.328507
90.000000,67,flat_missed_event,01:00,40.000000,-9.803781
90.000000,67,flat_missed_event,02:00,40.000000,-51.084623
90.000000,67,flat_missed_event,03:00,40.000000,-59.781309
90.000000,67,flat_missed_event,04:00,40.000000,81.010543
90.000000,67,flat_missed_event,05:00,40.000000,-32.643388
90.000000,67,flat_missed_event,06:00,40.000000,-10.207781
90.000000,67,flat_missed_event,07:00,40.000000,31.959695
90.000000,67,flat_missed_event,08:00,40.000000,47.620880
90.000000,67,flat_missed_event,09:00,40.000000,-61.880187
90.000000,67,flat_missed_event,10:00,40.000000,2.345773
90.000000,67,flat_missed_event,11:00,40.000000,-62.681995
90.000000,67,flat_missed_event,12:00,40.000000,-67.208631
90.000000,67,flat_missed_event,13:00,40.000000,76.115027
90.000000,67,flat_missed_event,14:00,40.000000,-57.596418
90.000000,67,flat_missed_event,15:00,40.000000,-11.008354
90.000000,67,flat_missed_event,16:00,40.000000,-38.197499
90.000000,67,flat_missed_event,17:00,40.000000,355.536214
90.000000,67,flat_missed_event,18:00,40.000000,28.438033
90.000000,67,flat_missed_event,19:00,40.000000,6.423956
90.000000,67,flat_missed_event,20:00,40.000000,71.913817
90.000000,67,flat_missed_event,21:00,40.000000,47.192976
90.000000,67,flat_missed_event,22:00,40.000000,17.953672
90.000000,67,flat_missed_event,23:00,40.000000,-14.691689
90.000000,68,evening_peak,00:00,45.000000,142.779665
90.000000,68,evening_peak,01:00,45.000000,184.242373
90.000000,68,evening_peak,02:00,45.000000,61.511311
90.000000,68,evening_peak,03:00,45.000000,51.129392
90.000000,68,evening_peak,04:00,45.000000,109.855474
90.000000,68,evening_peak,05:00,45.000000,45.532749
90.000000,68,evening_peak,06:00,45.000000,120.568369
90.000000,68,evening_peak,07:00,45.000000,41.217608
90.000000,68,evening_peak,08:00,45.000000,153.278988
90.000000,68,evening_peak,09:00,15.000000,1.280401
90.000000,68,evening_peak,10:00,15.000000,163.122842
90.000000,68,evening_peak,11:00,15.000000,153.181457
90.000000,68,evening_peak,12:00,15.000000,119.875346
90.000000,68,evening_peak,13:00,15.000000,75.610918
90.000000,68,evening_peak,14:00,45.000000,103.976539
90.000000,68,evening_peak,15:00,45.000000,-25.259603
90.000000,68,evening_peak,16:00,45.000000,74.859496
90.000000,68,evening_peak,17:00,45.000000,168.988779
90.000000,68,evening_peak,18:00,100.000000,132.918850
90.000000,68,evening_peak,19:00,100.000000,29.545729
90.000000,68,evening_peak,20:00,100.000000,169.533001
90.000000,68,evening_peak,21:00,100.000000,124.649208
90.000000,68,evening_peak,22:00,100.000000,201.315574
90.000000,68,evening_peak,23:00,45.000000,116.545787
90.000000,69,scarcity_peak,00:00,45.000000,-29.773023
90.000000,69,scarcity_peak,01:00,45.000000,110.128564
90.000000,69,scarcity_peak,02:00,45.000000,67.914921
90.000000,69,scarcity_peak,03:00,45.000000,-65.125245
90.000000,69,scarcity_peak,04:00,45.000000,-34.658488
90.000000,69,scarcity_peak,05:00,45.000000,16.329736
90.000000,69,scarcity_peak,06:00,45.000000,26.176383
90.000000,69,scarcity_peak,07:00,45.000000,51.094455
90.000000,69,scarcity_peak,08:00,45.000000,-8.620908
90.000000,69,scarcity_peak,09:00,15.000000,47.516904
90.000000,69,scarcity_peak,10:00,15.000000,-3.363468
90.000000,69,scarcity_peak,11:00,15.000000,37.071152
90.000000,69,scarcity_peak,12:00,15.000000,16.151865
90.000000,69,scarcity_peak,13:00,15.000000,-85.065401
90.000000,69,scarcity_peak,14:00,45.000000,-104.055345
90.000000,69,scarcity_peak,15:00,45.000000,-102.321744
90.000000,69,scarcity_peak,16:00,45.000000,-35.189327
90.000000,69,scarcity_peak,17:00,45.000000,43.509077
90.000000,69,scarcity_peak,18:00,100.000000,-89.325951
90.000000,69,scarcity_peak,19:00,100.000000,-109.354788
90.000000,69,scarcity_peak,20:00,400.000000,-76.763062
90.000000,69,scarcity_peak,21:00,100.000000,34.170232
90.000000,69,scarcity_peak,22:00,100.000000,64.490515
90.000000,69,scarcity_peak,23:00,45.000000,263.436183
90.000000,70,negative_midday,00:00,45.000000,156.010297
90.000000,70,negative_midday,01:00,45.000000,80.532830
90.000000,70,negative_midday,02:00,45.000000,78.622823
90.000000,70,negative_midday,03:00,45.000000,39.876523
90.000000,70,negative_midday,04:00,45.000000,-18.091141
90.000000,70,negative_midday,05:00,45.000000,-7.849270
90.000000,70,negative_midday,06:00,45.000000,-31.057464
90.000000,70,negative_midday,07:00,45.000000,-35.552877
90.000000,70,negative_midday,08:00,45.000000,82.267164
90.000000,70,negative_midday,09:00,15.000000,75.925220
90.000000,70,negative_midday,10:00,-30.000000,115.857704
90.000000,70,negative_midday,11:00,-30.000000,60.941138
90.000000,70,negative_midday,12:00,-30.000000,27.336765
90.000000,70,negative_midday,13:00,15.000000,-109.566804
90.000000,70,negative_midday,14:00,45.000000,-14.343104
90.000000,70,negative_midday,15:00,45.000000,-49.210950
90.000000,70,negative_midday,16:00,45.000000,100.092166
90.000000,70,negative_midday,17:00,45.000000,25.397632
90.000000,70,negative_midday,18:00,100.000000,21.684979
90.000000,70,negative_midday,19:00,100.000000,40.014181
90.000000,70,negative_midday,20:00,100.000000,6.209488
90.000000,70,negative_midday,21:00,100.000000,24.559832
90.000000,70,negative_midday,22:00,100.000000,36.091562
90.000000,70,negative_midday,23:00,45.000000,27.995099
90.000000,71,flat_missed_event,00:00,40.000000,122.166472
90.000000,71,flat_missed_event,01:00,40.000000,172.491880
90.000000,71,flat_missed_event,02:00,40.000000,80.753396
90.000000,71,flat_missed_event,03:00,40.000000,188.990014
90.000000,71,flat_missed_event,04:00,40.000000,191.014691
90.000000,71,flat_missed_event,05:00,40.000000,119.311944
90.000000,71,flat_missed_event,06:00,40.000000,56.364211
90.000000,71,flat_missed_event,07:00,40.000000,149.691926
90.000000,71,flat_missed_event,08:00,40.000000,85.510835
90.000000,71,flat_missed_event,09:00,40.000000,128.811713
90.000000,71,flat_missed_event,10:00,40.000000,108.558185
90.000000,71,flat_missed_event,11:00,40.000000,95.612790
90.000000,71,flat_missed_event,12:00,40.000000,41.054889
90.000000,71,flat_missed_event,13:00,40.000000,149.926268
90.000000,71,flat_missed_event,14:00,40.000000,73.852767
90.000000,71,flat_missed_event,15:00,40.000000,121.924792
90.000000,71,flat_missed_event,16:00,40.000000,106.027978
90.000000,71,flat_missed_event,17:00,40.000000,571.757057
90.000000,71,flat_missed_event,18:00,40.000000,116.557990
90.000000,71,flat_missed_event,19:00,40.000000,116.670079
90.000000,71,flat_missed_event,20:00,40.000000,92.776146
90.000000,71,flat_missed_event,21:00,40.000000,72.432253
90.000000,71,flat_missed_event,22:00,40.000000,201.779691
90.000000,71,flat_missed_event,23:00,40.000000,164.698449
90.000000,72,evening_peak,00:00,45.000000,3.682028
90.000000,72,evening_peak,01:00,45.000000,5.109463
90.000000,72,evening_peak,02:00,45.000000,9.167295
90.000000,72,evening_peak,03:00,45.000000,-13.021591
90.000000,72,evening_peak,04:00,45.000000,31.050240
90.000000,72,evening_peak,05:00,45.000000,105.744897
90.000000,72,evening_peak,06:00,45.000000,-33.763447
90.000000,72,evening_peak,07:00,45.000000,-61.120709
90.000000,72,evening_peak,08:00,45.000000,20.960956
90.000000,72,evening_peak,09:00,15.000000,21.417477
90.000000,72,evening_peak,10:00,15.000000,80.592647
90.000000,72,evening_peak,11:00,15.000000,-61.187634
90.000000,72,evening_peak,12:00,15.000000,-43.240064
90.000000,72,evening_peak,13:00,15.000000,-52.638812
90.000000,72,evening_peak,14:00,45.000000,-13.661444
90.000000,72,evening_peak,15:00,45.000000,-70.870559
90.000000,72,evening_peak,16:00,45.000000,-52.329925
90.000000,72,evening_peak,17:00,45.000000,-66.932067
90.000000,72,evening_peak,18:00,100.000000,57.867293
90.000000,72,evening_peak,19:00,100.000000,-16.335455
90.000000,72,evening_peak,20:00,100.000000,17.785504
90.000000,72,evening_peak,21:00,100.000000,38.645798
90.000000,72,evening_peak,22:00,100.000000,68.656397
90.000000,72,evening_peak,23:00,45.000000,104.192013
90.000000,73,scarcity_peak,00:00,45.000000,214.818266
90.000000,73,scarcity_peak,01:00,45.000000,156.873072
90.000000,73,scarcity_peak,02:00,45.000000,15.535377
90.000000,73,scarcity_peak,03:00,45.000000,183.002973
90.000000,73,scarcity_peak,04:00,45.000000,77.894647
90.000000,73,scarcity_peak,05:00,45.000000,169.066989
90.000000,73,scarcity_peak,06:00,45.000000,93.240226
90.000000,73,scarcity_peak,07:00,45.000000,173.881525
90.000000,73,scarcity_peak,08:00,45.000000,28.971627
90.000000,73,scarcity_peak,09:00,15.000000,78.308088
90.000000,73,scarcity_peak,10:00,15.000000,26.719815
90.000000,73,scarcity_peak,11:00,15.000000,138.567359
90.000000,73,scarcity_peak,12:00,15.000000,33.789044
90.000000,73,scarcity_peak,13:00,15.000000,151.290669
90.000000,73,scarcity_peak,14:00,45.000000,60.560454
90.000000,73,scarcity_peak,15:00,45.000000,35.710307
90.000000,73,scarcity_peak,16:00,45.000000,95.569132
90.000000,73,scarcity_peak,17:00,45.000000,79.075965
90.000000,73,scarcity_peak,18:00,100.000000,16.646212
90.000000,73,scarcity_peak,19:00,100.000000,182.199641
90.000000,73,scarcity_peak,20:00,400.000000,109.170083
90.000000,73,scarcity_peak,21:00,100.000000,128.935756
90.000000,73,scarcity_peak,22:00,100.000000,201.279242
90.000000,73,scarcity_peak,23:00,45.000000,464.402773
90.000000,74,negative_midday,00:00,45.000000,54.150883
90.000000,74,negative_midday,01:00,45.000000,103.176844
90.000000,74,negative_midday,02:00,45.000000,54.599740
90.000000,74,negative_midday,03:00,45.000000,88.223607
90.000000,74,negative_midday,04:00,45.000000,-74.760351
90.000000,74,negative_midday,05:00,45.000000,-8.562600
90.000000,74,negative_midday,06:00,45.000000,14.974213
90.000000,74,negative_midday,07:00,45.000000,19.535206
90.000000,74,negative_midday,08:00,45.000000,-38.001871
90.000000,74,negative_midday,09:00,15.000000,-28.377619
90.000000,74,negative_midday,10:00,-30.000000,39.677091
90.000000,74,negative_midday,11:00,-30.000000,5.103183
90.000000,74,negative_midday,12:00,-30.000000,-94.405594
90.000000,74,negative_midday,13:00,15.000000,-49.411151
90.000000,74,negative_midday,14:00,45.000000,26.241896
90.000000,74,negative_midday,15:00,45.000000,-81.151673
90.000000,74,negative_midday,16:00,45.000000,1.654830
90.000000,74,negative_midday,17:00,45.000000,-8.052397
90.000000,74,negative_midday,18:00,100.000000,-47.340656
90.000000,74,negative_midday,19:00,100.000000,59.511968
90.000000,74,negative_midday,20:00,100.000000,45.698798
90.000000,74,negative_midday,21:00,100.000000,71.887775
90.000000,74,negative_midday,22:00,100.000000,103.830992
90.000000,74,negative_midday,23:00,45.000000,27.425492
90.000000,75,flat_missed_event,00:00,40.000000,18.854669
90.000000,75,flat_missed_event,01:00,40.000000,2.821183
90.000000,75,flat_missed_event,02:00,40.000000,55.247040
90.000000,75,flat_missed_event,03:00,40.000000,99.162754
90.000000,75,flat_missed_event,04:00,40.000000,146.221586
90.000000,75,flat_missed_event,05:00,40.000000,116.185859
90.000000,75,flat_missed_event,06:00,40.000000,123.775111
90.000000,75,flat_missed_event,07:00,40.000000,114.396871
90.000000,75,flat_missed_event,08:00,40.000000,68.183898
90.000000,75,flat_missed_event,09:00,40.000000,12.165908
90.000000,75,flat_missed_event,10:00,40.000000,138.813687
90.000000,75,flat_missed_event,11:00,40.000000,38.725957
90.000000,75,flat_missed_event,12:00,40.000000,97.546194
90.000000,75,flat_missed_event,13:00,40.000000,24.698928
90.000000,75,flat_missed_event,14:00,40.000000,55.730911
90.000000,75,flat_missed_event,15:00,40.000000,-2.532208
90.000000,75,flat_missed_event,16:00,40.000000,164.006278
90.000000,75,flat_missed_event,17:00,40.000000,513.999102
90.000000,75,flat_missed_event,18:00,40.000000,63.307456
90.000000,75,flat_missed_event,19:00,40.000000,74.888415
90.000000,75,flat_missed_event,20:00,40.000000,131.928686
90.000000,75,flat_missed_event,21:00,40.000000,8.476968
90.000000,75,flat_missed_event,22:00,40.000000,-1.592996
90.000000,75,flat_missed_event,23:00,40.000000,38.218597
90.000000,76,evening_peak,00:00,45.000000,83.682913
90.000000,76,evening_peak,01:00,45.000000,73.328551
90.000000,76,evening_peak,02:00,45.000000,-11.578731
90.000000,76,evening_peak,03:00,45.000000,-79.450551
90.000000,76,evening_peak,04:00,45.000000,-16.290929
90.000000,76,evening_peak,05:00,45.000000,-79.988471
90.000000,76,evening_peak,06:00,45.000000,-101.308290
90.000000,76,evening_peak,07:00,45.000000,-101.104900
90.000000,76,evening_peak,08:00,45.000000,-76.229939
90.000000,76,evening_peak,09:00,15.000000,-104.830015
90.000000,76,evening_peak,10:00,15.000000,-66.576720
90.000000,76,evening_peak,11:00,15.000000,74.757970
90.000000,76,evening_peak,12:00,15.000000,14.839609
90.000000,76,evening_peak,13:00,15.000000,20.285006
90.000000,76,evening_peak,14:00,45.000000,-131.280347
90.000000,76,evening_peak,15:00,45.000000,-100.864175
90.000000,76,evening_peak,16:00,45.000000,-61.763169
90.000000,76,evening_peak,17:00,45.000000,-9.886446
90.000000,76,evening_peak,18:00,100.000000,26.128203
90.000000,76,evening_peak,19:00,100.000000,-53.509397
90.000000,76,evening_peak,20:00,100.000000,61.005031
90.000000,76,evening_peak,21:00,100.000000,1.390107
90.000000,76,evening_peak,22:00,100.000000,92.036944
90.000000,76,evening_peak,23:00,45.000000,125.929689
90.000000,77,scarcity_peak,00:00,45.000000,107.650240
90.000000,77,scarcity_peak,01:00,45.000000,186.573775
90.000000,77,scarcity_peak,02:00,45.000000,2.080412
90.000000,77,scarcity_peak,03:00,45.000000,73.206337
90.000000,77,scarcity_peak,04:00,45.000000,27.850159
90.000000,77,scarcity_peak,05:00,45.000000,82.603030
90.000000,77,scarcity_peak,06:00,45.000000,-16.505088
90.000000,77,scarcity_peak,07:00,45.000000,132.673934
90.000000,77,scarcity_peak,08:00,45.000000,20.174293
90.000000,77,scarcity_peak,09:00,15.000000,131.863906
90.000000,77,scarcity_peak,10:00,15.000000,108.639717
90.000000,77,scarcity_peak,11:00,15.000000,36.531727
90.000000,77,scarcity_peak,12:00,15.000000,90.491809
90.000000,77,scarcity_peak,13:00,15.000000,22.598806
90.000000,77,scarcity_peak,14:00,45.000000,8.669406
90.000000,77,scarcity_peak,15:00,45.000000,1.232820
90.000000,77,scarcity_peak,16:00,45.000000,-15.171471
90.000000,77,scarcity_peak,17:00,45.000000,66.350561
90.000000,77,scarcity_peak,18:00,100.000000,138.125907
90.000000,77,scarcity_peak,19:00,100.000000,147.114799
90.000000,77,scarcity_peak,20:00,400.000000,-28.568067
90.000000,77,scarcity_peak,21:00,100.000000,177.647175
90.000000,77,scarcity_peak,22:00,100.000000,91.507876
90.000000,77,scarcity_peak,23:00,45.000000,495.252191
90.000000,78,negative_midday,00:00,45.000000,110.589989
90.000000,78,negative_midday,01:00,45.000000,152.980283
90.000000,78,negative_midday,02:00,45.000000,183.267461
90.000000,78,negative_midday,03:00,45.000000,179.891916
90.000000,78,negative_midday,04:00,45.000000,213.871030
90.000000,78,negative_midday,05:00,45.000000,69.216535
90.000000,78,negative_midday,06:00,45.000000,82.661103
90.000000,78,negative_midday,07:00,45.000000,47.696804
90.000000,78,negative_midday,08:00,45.000000,202.103804
90.000000,78,negative_midday,09:00,15.000000,195.385199
90.000000,78,negative_midday,10:00,-30.000000,51.397522
90.000000,78,negative_midday,11:00,-30.000000,61.782960
90.000000,78,negative_midday,12:00,-30.000000,50.797969
90.000000,78,negative_midday,13:00,15.000000,-14.616975
90.000000,78,negative_midday,14:00,45.000000,99.723637
90.000000,78,negative_midday,15:00,45.000000,48.661167
90.000000,78,negative_midday,16:00,45.000000,127.249111
90.000000,78,negative_midday,17:00,45.000000,207.108948
90.000000,78,negative_midday,18:00,100.000000,47.859077
90.000000,78,negative_midday,19:00,100.000000,182.513854
90.000000,78,negative_midday,20:00,100.000000,56.100909
90.000000,78,negative_midday,21:00,100.000000,256.937732
90.000000,78,negative_midday,22:00,100.000000,231.059259
90.000000,78,negative_midday,23:00,45.000000,239.912250
90.000000,79,flat_missed_event,00:00,40.000000,74.312815
90.000000,79,flat_missed_event,01:00,40.000000,45.829369
90.000000,79,flat_missed_event,02:00,40.000000,14.632601
90.000000,79,flat_missed_event,03:00,40.000000,57.270667
90.000000,79,flat_missed_event,04:00,40.000000,73.572494
90.000000,79,flat_missed_event,05:00,40.000000,92.057155
90.000000,79,flat_missed_event,06:00,40.000000,27.639075
90.000000,79,flat_missed_event,07:00,40.000000,51.291576
90.000000,79,flat_missed_event,08:00,40.000000,105.228518
90.000000,79,flat_missed_event,09:00,40.000000,89.035222
90.000000,79,flat_missed_event,10:00,40.000000,37.433978
90.000000,79,flat_missed_event,11:00,40.000000,94.807018
90.000000,79,flat_missed_event,12:00,40.000000,103.782809
90.000000,79,flat_missed_event,13:00,40.000000,96.872209
90.000000,79,flat_missed_event,14:00,40.000000,-16.467044
90.000000,79,flat_missed_event,15:00,40.000000,-44.850808
90.000000,79,flat_missed_event,16:00,40.000000,41.356827
90.000000,79,flat_missed_event,17:00,40.000000,459.289239
90.000000,79,flat_missed_event,18:00,40.000000,5.669157
90.000000,79,flat_missed_event,19:00,40.000000,17.187290
90.000000,79,flat_missed_event,20:00,40.000000,-37.553341
90.000000,79,flat_missed_event,21:00,40.000000,-51.610748
90.000000,79,flat_missed_event,22:00,40.000000,45.636958
90.000000,79,flat_missed_event,23:00,40.000000,24.707819
90.000000,80,evening_peak,00:00,45.000000,136.812700
90.000000,80,evening_peak,01:00,45.000000,212.080160
90.000000,80,evening_peak,02:00,45.000000,116.009245
90.000000,80,evening_peak,03:00,45.000000,168.140811
90.000000,80,evening_peak,04:00,45.000000,89.370924
90.000000,80,evening_peak,05:00,45.000000,69.684487
90.000000,80,evening_peak,06:00,45.000000,146.408178
90.000000,80,evening_peak,07:00,45.000000,21.088681
90.000000,80,evening_peak,08:00,45.000000,50.247314
90.000000,80,evening_peak,09:00,15.000000,140.273410
90.000000,80,evening_peak,10:00,15.000000,33.925257
90.000000,80,evening_peak,11:00,15.000000,130.294640
90.000000,80,evening_peak,12:00,15.000000,65.342963
90.000000,80,evening_peak,13:00,15.000000,76.062980
90.000000,80,evening_peak,14:00,45.000000,32.272418
90.000000,80,evening_peak,15:00,45.000000,44.996284
90.000000,80,evening_peak,16:00,45.000000,154.042286
90.000000,80,evening_peak,17:00,45.000000,114.269617
90.000000,80,evening_peak,18:00,100.000000,126.480922
90.000000,80,evening_peak,19:00,100.000000,63.595341
90.000000,80,evening_peak,20:00,100.000000,81.460212
90.000000,80,evening_peak,21:00,100.000000,95.471228
90.000000,80,evening_peak,22:00,100.000000,239.166214
90.000000,80,evening_peak,23:00,45.000000,146.053308
90.000000,81,scarcity_peak,00:00,45.000000,-18.353856
90.000000,81,scarcity_peak,01:00,45.000000,52.199691
90.000000,81,scarcity_peak,02:00,45.000000,-47.378231
90.000000,81,scarcity_peak,03:00,45.000000,-15.530839
90.000000,81,scarcity_peak,04:00,45.000000,-43.887051
90.000000,81,scarcity_peak,05:00,45.000000,53.218295
90.000000,81,scarcity_peak,06:00,45.000000,-84.206357
90.000000,81,scarcity_peak,07:00,45.000000,76.034213
90.000000,81,scarcity_peak,08:00,45.000000,-32.617036
90.000000,81,scarcity_peak,09:00,15.000000,16.341280
90.000000,81,scarcity_peak,10:00,15.000000,-15.319728
90.000000,81,scarcity_peak,11:00,15.000000,-30.531443
90.000000,81,scarcity_peak,12:00,15.000000,-83.206169
90.000000,81,scarcity_peak,13:00,15.000000,-84.217051
90.000000,81,scarcity_peak,14:00,45.000000,-29.315607
90.000000,81,scarcity_peak,15:00,45.000000,-34.857185
90.000000,81,scarcity_peak,16:00,45.000000,-86.777174
90.000000,81,scarcity_peak,17:00,45.000000,-78.265788
90.000000,81,scarcity_peak,18:00,100.000000,41.090477
90.000000,81,scarcity_peak,19:00,100.000000,-36.739713
90.000000,81,scarcity_peak,20:00,400.000000,-9.429777
90.000000,81,scarcity_peak,21:00,100.000000,-0.376980
90.000000,81,scarcity_peak,22:00,100.000000,103.074799
90.000000,81,scarcity_peak,23:00,45.000000,292.868495
90.000000,82,negative_midday,00:00,45.000000,162.167924
90.000000,82,negative_midday,01:00,45.000000,152.055802
90.000000,82,negative_midday,02:00,45.000000,129.663734
90.000000,82,negative_midday,03:00,45.000000,132.742141
90.000000,82,negative_midday,04:00,45.000000,141.524206
90.000000,82,negative_midday,05:00,45.000000,33.192509
90.000000,82,negative_midday,06:00,45.000000,17.689485
90.000000,82,negative_midday,07:00,45.000000,79.032379
90.000000,82,negative_midday,08:00,45.000000,159.639448
90.000000,82,negative_midday,09:00,15.000000,67.316649
90.000000,82,negative_midday,10:00,-30.000000,150.364536
90.000000,82,negative_midday,11:00,-30.000000,-9.344307
90.000000,82,negative_midday,12:00,-30.000000,78.323160
90.000000,82,negative_midday,13:00,15.000000,59.009538
90.000000,82,negative_midday,14:00,45.000000,-63.543288
90.000000,82,negative_midday,15:00,45.000000,16.856473
90.000000,82,negative_midday,16:00,45.000000,-45.557702
90.000000,82,negative_midday,17:00,45.000000,-6.695841
90.000000,82,negative_midday,18:00,100.000000,144.880409
90.000000,82,negative_midday,19:00,100.000000,112.145085
90.000000,82,negative_midday,20:00,100.000000,74.987545
90.000000,82,negative_midday,21:00,100.000000,192.631688
90.000000,82,negative_midday,22:00,100.000000,50.116619
90.000000,82,negative_midday,23:00,45.000000,56.872408
90.000000,83,flat_missed_event,00:00,40.000000,-52.482393
90.000000,83,flat_missed_event,01:00,40.000000,46.003328
90.000000,83,flat_missed_event,02:00,40.000000,-122.125500
90.000000,83,flat_missed_event,03:00,40.000000,-30.439815
90.000000,83,flat_missed_event,04:00,40.000000,2.886593
90.000000,83,flat_missed_event,05:00,40.000000,12.626387
90.000000,83,flat_missed_event,06:00,40.000000,-86.825456
90.000000,83,flat_missed_event,07:00,40.000000,-50.358798
90.000000,83,flat_missed_event,08:00,40.000000,-105.030871
90.000000,83,flat_missed_event,09:00,40.000000,-48.994002
90.000000,83,flat_missed_event,10:00,40.000000,-89.388207
90.000000,83,flat_missed_event,11:00,40.000000,16.513961
90.000000,83,flat_missed_event,12:00,40.000000,-41.839179
90.000000,83,flat_missed_event,13:00,40.000000,-48.945462
90.000000,83,flat_missed_event,14:00,40.000000,-9.478570
90.000000,83,flat_missed_event,15:00,40.000000,-79.579106
90.000000,83,flat_missed_event,16:00,40.000000,-40.201717
90.000000,83,flat_missed_event,17:00,40.000000,312.852068
90.000000,83,flat_missed_event,18:00,40.000000,-79.680123
90.000000,83,flat_missed_event,19:00,40.000000,-30.882330
90.000000,83,flat_missed_event,20:00,40.000000,-8.271932
90.000000,83,flat_missed_event,21:00,40.000000,43.199320
90.000000,83,flat_missed_event,22:00,40.000000,0.900378
90.000000,83,flat_missed_event,23:00,40.000000,24.475271
90.000000,84,evening_peak,00:00,45.000000,10.039776
90.000000,84,evening_peak,01:00,45.000000,76.281664
90.000000,84,evening_peak,02:00,45.000000,68.189962
90.000000,84,evening_peak,03:00,45.000000,-29.854570
90.000000,84,evening_peak,04:00,45.000000,22.930202
90.000000,84,evening_peak,05:00,45.000000,33.595524
90.000000,84,evening_peak,06:00,45.000000,49.588505
90.000000,84,evening_peak,07:00,45.000000,2.856209
90.000000,84,evening_peak,08:00,45.000000,108.949075
90.000000,84,evening_peak,09:00,15.000000,12.492558
90.000000,84,evening_peak,10:00,15.000000,68.498527
90.000000,84,evening_peak,11:00,15.000000,50.967172
90.000000,84,evening_peak,12:00,15.000000,99.440515
90.000000,84,evening_peak,13:00,15.000000,-54.993664
90.000000,84,evening_peak,14:00,45.000000,94.288481
90.000000,84,evening_peak,15:00,45.000000,-3.746722
90.000000,84,evening_peak,16:00,45.000000,-8.608653
90.000000,84,evening_peak,17:00,45.000000,34.871460
90.000000,84,evening_peak,18:00,100.000000,39.930526
90.000000,84,evening_peak,19:00,100.000000,-6.026850
90.000000,84,evening_peak,20:00,100.000000,86.234888
90.000000,84,evening_peak,21:00,100.000000,29.136535
90.000000,84,evening_peak,22:00,100.000000,106.188746
90.000000,84,evening_peak,23:00,45.000000,143.041016
90.000000,85,scarcity_peak,00:00,45.000000,215.678226
90.000000,85,scarcity_peak,01:00,45.000000,188.644112
90.000000,85,scarcity_peak,02:00,45.000000,86.128090
90.000000,85,scarcity_peak,03:00,45.000000,76.213728
90.000000,85,scarcity_peak,04:00,45.000000,57.093189
90.000000,85,scarcity_peak,05:00,45.000000,34.680561
90.000000,85,scarcity_peak,06:00,45.000000,141.611259
90.000000,85,scarcity_peak,07:00,45.000000,192.870405
90.000000,85,scarcity_peak,08:00,45.000000,195.674151
90.000000,85,scarcity_peak,09:00,15.000000,70.764379
90.000000,85,scarcity_peak,10:00,15.000000,60.609120
90.000000,85,scarcity_peak,11:00,15.000000,115.586487
90.000000,85,scarcity_peak,12:00,15.000000,131.693091
90.000000,85,scarcity_peak,13:00,15.000000,129.696394
90.000000,85,scarcity_peak,14:00,45.000000,101.033815
90.000000,85,scarcity_peak,15:00,45.000000,100.009344
90.000000,85,scarcity_peak,16:00,45.000000,129.610253
90.000000,85,scarcity_peak,17:00,45.000000,45.626244
90.000000,85,scarcity_peak,18:00,100.000000,140.922102
90.000000,85,scarcity_peak,19:00,100.000000,172.342779
90.000000,85,scarcity_peak,20:00,400.000000,187.378286
90.000000,85,scarcity_peak,21:00,100.000000,206.337672
90.000000,85,scarcity_peak,22:00,100.000000,240.936009
90.000000,85,scarcity_peak,23:00,45.000000,504.809474
90.000000,86,negative_midday,00:00,45.000000,31.490137
90.000000,86,negative_midday,01:00,45.000000,153.240038
90.000000,86,negative_midday,02:00,45.000000,85.808608
90.000000,86,negative_midday,03:00,45.000000,-24.268017
90.000000,86,negative_midday,04:00,45.000000,73.276424
90.000000,86,negative_midday,05:00,45.000000,11.745831
90.000000,86,negative_midday,06:00,45.000000,63.170835
90.000000,86,negative_midday,07:00,45.000000,-73.582949
90.000000,86,negative_midday,08:00,45.000000,19.339736
90.000000,86,negative_midday,09:00,15.000000,-69.329183
90.000000,86,negative_midday,10:00,-30.000000,-21.541499
90.000000,86,negative_midday,11:00,-30.000000,-43.422857
90.000000,86,negative_midday,12:00,-30.000000,-66.978196
90.000000,86,negative_midday,13:00,15.000000,-93.288532
90.000000,86,negative_midday,14:00,45.000000,10.570645
90.000000,86,negative_midday,15:00,45.000000,-129.727805
90.000000,86,negative_midday,16:00,45.000000,-76.945633
90.000000,86,negative_midday,17:00,45.000000,26.284808
90.000000,86,negative_midday,18:00,100.000000,-76.177910
90.000000,86,negative_midday,19:00,100.000000,-70.913151
90.000000,86,negative_midday,20:00,100.000000,92.344140
90.000000,86,negative_midday,21:00,100.000000,19.874030
90.000000,86,negative_midday,22:00,100.000000,97.824738
90.000000,86,negative_midday,23:00,45.000000,43.897254
90.000000,87,flat_missed_event,00:00,40.000000,2.121037
90.000000,87,flat_missed_event,01:00,40.000000,91.543159
90.000000,87,flat_missed_event,02:00,40.000000,5.266129
90.000000,87,flat_missed_event,03:00,40.000000,37.260512
90.000000,87,flat_missed_event,04:00,40.000000,104.343072
90.000000,87,flat_missed_event,05:00,40.000000,156.129949
90.000000,87,flat_missed_event,06:00,40.000000,7.320469
90.000000,87,flat_missed_event,07:00,40.000000,155.925233
90.000000,87,flat_missed_event,08:00,40.000000,111.120499
90.000000,87,flat_missed_event,09:00,40.000000,162.462859
90.000000,87,flat_missed_event,10:00,40.000000,150.224191
90.000000,87,flat_missed_event,11:00,40.000000,-7.003029
90.000000,87,flat_missed_event,12:00,40.000000,169.460642
90.000000,87,flat_missed_event,13:00,40.000000,2.374900
90.000000,87,flat_missed_event,14:00,40.000000,142.567293
90.000000,87,flat_missed_event,15:00,40.000000,46.317022
90.000000,87,flat_missed_event,16:00,40.000000,-6.061027
90.000000,87,flat_missed_event,17:00,40.000000,437.197231
90.000000,87,flat_missed_event,18:00,40.000000,30.263156
90.000000,87,flat_missed_event,19:00,40.000000,101.990672
90.000000,87,flat_missed_event,20:00,40.000000,10.490700
90.000000,87,flat_missed_event,21:00,40.000000,159.275618
90.000000,87,flat_missed_event,22:00,40.000000,1.495089
90.000000,87,flat_missed_event,23:00,40.000000,44.134085
90.000000,88,evening_peak,00:00,45.000000,65.475880
90.000000,88,evening_peak,01:00,45.000000,76.891651
90.000000,88,evening_peak,02:00,45.000000,27.002641
90.000000,88,evening_peak,03:00,45.000000,60.152032
90.000000,88,evening_peak,04:00,45.000000,-48.367999
90.000000,88,evening_peak,05:00,45.000000,-80.871735
90.000000,88,evening_peak,06:00,45.000000,-87.747429
90.000000,88,evening_peak,07:00,45.000000,34.964375
90.000000,88,evening_peak,08:00,45.000000,44.363181
90.000000,88,evening_peak,09:00,15.000000,21.868485
90.000000,88,evening_peak,10:00,15.000000,-61.381810
90.000000,88,evening_peak,11:00,15.000000,61.701005
90.000000,88,evening_peak,12:00,15.000000,-41.080228
90.000000,88,evening_peak,13:00,15.000000,-21.521692
90.000000,88,evening_peak,14:00,45.000000,-56.760023
90.000000,88,evening_peak,15:00,45.000000,-61.555015
90.000000,88,evening_peak,16:00,45.000000,-51.309510
90.000000,88,evening_peak,17:00,45.000000,69.088907
90.000000,88,evening_peak,18:00,100.000000,-51.833142
90.000000,88,evening_peak,19:00,100.000000,-56.025366
90.000000,88,evening_peak,20:00,100.000000,-74.201453
90.000000,88,evening_peak,21:00,100.000000,122.992004
90.000000,88,evening_peak,22:00,100.000000,117.224017
90.000000,88,evening_peak,23:00,45.000000,-39.337592
90.000000,89,scarcity_peak,00:00,45.000000,89.558219
90.000000,89,scarcity_peak,01:00,45.000000,51.704682
90.000000,89,scarcity_peak,02:00,45.000000,32.297915
90.000000,89,scarcity_peak,03:00,45.000000,32.797665
90.000000,89,scarcity_peak,04:00,45.000000,-15.029193
90.000000,89,scarcity_peak,05:00,45.000000,93.086509
90.000000,89,scarcity_peak,06:00,45.000000,43.316507
90.000000,89,scarcity_peak,07:00,45.000000,134.070753
90.000000,89,scarcity_peak,08:00,45.000000,73.341146
90.000000,89,scarcity_peak,09:00,15.000000,88.485559
90.000000,89,scarcity_peak,10:00,15.000000,64.057477
90.000000,89,scarcity_peak,11:00,15.000000,80.120694
90.000000,89,scarcity_peak,12:00,15.000000,-10.395095
90.000000,89,scarcity_peak,13:00,15.000000,19.967877
90.000000,89,scarcity_peak,14:00,45.000000,83.267290
90.000000,89,scarcity_peak,15:00,45.000000,44.841188
90.000000,89,scarcity_peak,16:00,45.000000,-4.833803
90.000000,89,scarcity_peak,17:00,45.000000,145.726234
90.000000,89,scarcity_peak,18:00,100.000000,62.759392
90.000000,89,scarcity_peak,19:00,100.000000,32.587991
90.000000,89,scarcity_peak,20:00,400.000000,14.918041
90.000000,89,scarcity_peak,21:00,100.000000,144.682725
90.000000,89,scarcity_peak,22:00,100.000000,104.099050
90.000000,89,scarcity_peak,23:00,45.000000,500.650470
90.000000,90,negative_midday,00:00,45.000000,272.032305
90.000000,90,negative_midday,01:00,45.000000,157.924150
90.000000,90,negative_midday,02:00,45.000000,49.547621
90.000000,90,negative_midday,03:00,45.000000,49.371229
90.000000,90,negative_midday,04:00,45.000000,186.376451
90.000000,90,negative_midday,05:00,45.000000,167.156948
90.000000,90,negative_midday,06:00,45.000000,135.198655
90.000000,90,negative_midday,07:00,45.000000,143.938003
90.000000,90,negative_midday,08:00,45.000000,173.956495
90.000000,90,negative_midday,09:00,15.000000,146.288192
90.000000,90,negative_midday,10:00,-30.000000,61.798504
90.000000,90,negative_midday,11:00,-30.000000,108.162559
90.000000,90,negative_midday,12:00,-30.000000,158.067506
90.000000,90,negative_midday,13:00,15.000000,-8.604708
90.000000,90,negative_midday,14:00,45.000000,9.644969
90.000000,90,negative_midday,15:00,45.000000,13.412847
90.000000,90,negative_midday,16:00,45.000000,143.081715
90.000000,90,negative_midday,17:00,45.000000,156.642101
90.000000,90,negative_midday,18:00,100.000000,208.727816
90.000000,90,negative_midday,19:00,100.000000,143.417219
90.000000,90,negative_midday,20:00,100.000000,107.898946
90.000000,90,negative_midday,21:00,100.000000,231.892212
90.000000,90,negative_midday,22:00,100.000000,237.968200
90.000000,90,negative_midday,23:00,45.000000,228.513999
90.000000,91,flat_missed_event,00:00,40.000000,78.577952
90.000000,91,flat_missed_event,01:00,40.000000,67.903457
90.000000,91,flat_missed_event,02:00,40.000000,-23.030877
90.000000,91,flat_missed_event,03:00,40.000000,129.399633
90.000000,91,flat_missed_event,04:00,40.000000,51.360086
90.000000,91,flat_missed_event,05:00,40.000000,-26.531192
90.000000,91,flat_missed_event,06:00,40.000000,52.289080
90.000000,91,flat_missed_event,07:00,40.000000,29.802413
90.000000,91,flat_missed_event,08:00,40.000000,0.868527
90.000000,91,flat_missed_event,09:00,40.000000,34.367416
90.000000,91,flat_missed_event,10:00,40.000000,41.127059
90.000000,91,flat_missed_event,11:00,40.000000,-19.081752
90.000000,91,flat_missed_event,12:00,40.000000,73.168040
90.000000,91,flat_missed_event,13:00,40.000000,74.948081
90.000000,91,flat_missed_event,14:00,40.000000,79.353567
90.000000,91,flat_missed_event,15:00,40.000000,16.978346
90.000000,91,flat_missed_event,16:00,40.000000,-15.701099
90.000000,91,flat_missed_event,17:00,40.000000,334.307021
90.000000,91,flat_missed_event,18:00,40.000000,-46.716968
90.000000,91,flat_missed_event,19:00,40.000000,54.047105
90.000000,91,flat_missed_event,20:00,40.000000,52.267457
90.000000,91,flat_missed_event,21:00,40.000000,92.117101
90.000000,91,flat_missed_event,22:00,40.000000,59.623928
90.000000,91,flat_missed_event,23:00,40.000000,52.822412
90.000000,92,evening_peak,00:00,45.000000,141.811666
90.000000,92,evening_peak,01:00,45.000000,141.329873
90.000000,92,evening_peak,02:00,45.000000,185.187745
90.000000,92,evening_peak,03:00,45.000000,38.077823
90.000000,92,evening_peak,04:00,45.000000,80.532355
90.000000,92,evening_peak,05:00,45.000000,97.659465
90.000000,92,evening_peak,06:00,45.000000,187.117909
90.000000,92,evening_peak,07:00,45.000000,84.725655
90.000000,92,evening_peak,08:00,45.000000,103.673646
90.000000,92,evening_peak,09:00,15.000000,85.898280
90.000000,92,evening_peak,10:00,15.000000,195.233691
90.000000,92,evening_peak,11:00,15.000000,196.581299
90.000000,92,evening_peak,12:00,15.000000,173.035338
90.000000,92,evening_peak,13:00,15.000000,76.212192
90.000000,92,evening_peak,14:00,45.000000,26.990510
90.000000,92,evening_peak,15:00,45.000000,98.434926
90.000000,92,evening_peak,16:00,45.000000,11.433557
90.000000,92,evening_peak,17:00,45.000000,35.335445
90.000000,92,evening_peak,18:00,100.000000,75.958490
90.000000,92,evening_peak,19:00,100.000000,146.314425
90.000000,92,evening_peak,20:00,100.000000,147.737076
90.000000,92,evening_peak,21:00,100.000000,172.343664
90.000000,92,evening_peak,22:00,100.000000,97.322225
90.000000,92,evening_peak,23:00,45.000000,185.001408
90.000000,93,scarcity_peak,00:00,45.000000,-13.377924
90.000000,93,scarcity_peak,01:00,45.000000,78.837632
90.000000,93,scarcity_peak,02:00,45.000000,8.429007
90.000000,93,scarcity_peak,03:00,45.000000,-33.153530
90.000000,93,scarcity_peak,04:00,45.000000,-63.949316
90.000000,93,scarcity_peak,05:00,45.000000,96.990370
90.000000,93,scarcity_peak,06:00,45.000000,109.371701
90.000000,93,scarcity_peak,07:00,45.000000,93.908958
90.000000,93,scarcity_peak,08:00,45.000000,-43.866166
90.000000,93,scarcity_peak,09:00,15.000000,-36.585510
90.000000,93,scarcity_peak,10:00,15.000000,11.363296
90.000000,93,scarcity_peak,11:00,15.000000,-20.719176
90.000000,93,scarcity_peak,12:00,15.000000,-19.965319
90.000000,93,scarcity_peak,13:00,15.000000,77.597527
90.000000,93,scarcity_peak,14:00,45.000000,-12.116794
90.000000,93,scarcity_peak,15:00,45.000000,34.017073
90.000000,93,scarcity_peak,16:00,45.000000,-8.689160
90.000000,93,scarcity_peak,17:00,45.000000,22.781474
90.000000,93,scarcity_peak,18:00,100.000000,28.024887
90.000000,93,scarcity_peak,19:00,100.000000,73.633165
90.000000,93,scarcity_peak,20:00,400.000000,58.239240
90.000000,93,scarcity_peak,21:00,100.000000,-7.876849
90.000000,93,scarcity_peak,22:00,100.000000,141.312495
90.000000,93,scarcity_peak,23:00,45.000000,319.178563
90.000000,94,negative_midday,00:00,45.000000,166.842666
90.000000,94,negative_midday,01:00,45.000000,223.331231
90.000000,94,negative_midday,02:00,45.000000,25.126262
90.000000,94,negative_midday,03:00,45.000000,119.310937
90.000000,94,negative_midday,04:00,45.000000,137.888499
90.000000,94,negative_midday,05:00,45.000000,69.960193
90.000000,94,negative_midday,06:00,45.000000,14.569119
90.000000,94,negative_midday,07:00,45.000000,57.912387
90.000000,94,negative_midday,08:00,45.000000,64.017082
90.000000,94,negative_midday,09:00,15.000000,31.219215
90.000000,94,negative_midday,10:00,-30.000000,136.883261
90.000000,94,negative_midday,11:00,-30.000000,6.112231
90.000000,94,negative_midday,12:00,-30.000000,12.311529
90.000000,94,negative_midday,13:00,15.000000,40.448442
90.000000,94,negative_midday,14:00,45.000000,38.030804
90.000000,94,negative_midday,15:00,45.000000,-3.945087
90.000000,94,negative_midday,16:00,45.000000,38.176409
90.000000,94,negative_midday,17:00,45.000000,31.762112
90.000000,94,negative_midday,18:00,100.000000,144.465059
90.000000,94,negative_midday,19:00,100.000000,25.892258
90.000000,94,negative_midday,20:00,100.000000,149.650492
90.000000,94,negative_midday,21:00,100.000000,165.483476
90.000000,94,negative_midday,22:00,100.000000,126.187474
90.000000,94,negative_midday,23:00,45.000000,101.895776
90.000000,95,flat_missed_event,00:00,40.000000,-52.438378
90.000000,95,flat_missed_event,01:00,40.000000,-62.366126
90.000000,95,flat_missed_event,02:00,40.000000,-68.809582
90.000000,95,flat_missed_event,03:00,40.000000,40.890068
90.000000,95,flat_missed_event,04:00,40.000000,-18.701880
90.000000,95,flat_missed_event,05:00,40.000000,-47.968545
90.000000,95,flat_missed_event,06:00,40.000000,-37.773906
90.000000,95,flat_missed_event,07:00,40.000000,57.825924
90.000000,95,flat_missed_event,08:00,40.000000,61.268975
90.000000,95,flat_missed_event,09:00,40.000000,-101.964099
90.000000,95,flat_missed_event,10:00,40.000000,-85.023418
90.000000,95,flat_missed_event,11:00,40.000000,37.539255
90.000000,95,flat_missed_event,12:00,40.000000,-71.444839
90.000000,95,flat_missed_event,13:00,40.000000,-48.167711
90.000000,95,flat_missed_event,14:00,40.000000,-104.761831
90.000000,95,flat_missed_event,15:00,40.000000,-13.171740
90.000000,95,flat_missed_event,16:00,40.000000,25.433170
90.000000,95,flat_missed_event,17:00,40.000000,279.545238
90.000000,95,flat_missed_event,18:00,40.000000,47.689294
90.000000,95,flat_missed_event,19:00,40.000000,-7.233341
90.000000,95,flat_missed_event,20:00,40.000000,59.373518
90.000000,95,flat_missed_event,21:00,40.000000,29.772970
90.000000,95,flat_missed_event,22:00,40.000000,26.417620
90.000000,95,flat_missed_event,23:00,40.000000,62.735827
90.000000,96,evening_peak,00:00,45.000000,194.730963
90.000000,96,evening_peak,01:00,45.000000,96.916516
90.000000,96,evening_peak,02:00,45.000000,132.695624
90.000000,96,evening_peak,03:00,45.000000,108.613570
90.000000,96,evening_peak,04:00,45.000000,1.422216
90.000000,96,evening_peak,05:00,45.000000,84.790856
90.000000,96,evening_peak,06:00,45.000000,51.933899
90.000000,96,evening_peak,07:00,45.000000,116.361295
90.000000,96,evening_peak,08:00,45.000000,-17.611475
90.000000,96,evening_peak,09:00,15.000000,139.522353
90.000000,96,evening_peak,10:00,15.000000,95.852059
90.000000,96,evening_peak,11:00,15.000000,72.274227
90.000000,96,evening_peak,12:00,15.000000,24.295363
90.000000,96,evening_peak,13:00,15.000000,103.283829
90.000000,96,evening_peak,14:00,45.000000,10.474538
90.000000,96,evening_peak,15:00,45.000000,64.043627
90.000000,96,evening_peak,16:00,45.000000,-20.479378
90.000000,96,evening_peak,17:00,45.000000,92.047228
90.000000,96,evening_peak,18:00,100.000000,17.376141
90.000000,96,evening_peak,19:00,100.000000,-2.559165
90.000000,96,evening_peak,20:00,100.000000,-15.956552
90.000000,96,evening_peak,21:00,100.000000,178.775552
90.000000,96,evening_peak,22:00,100.000000,141.661490
90.000000,96,evening_peak,23:00,45.000000,182.646110
90.000000,97,scarcity_peak,00:00,45.000000,40.033525
90.000000,97,scarcity_peak,01:00,45.000000,-56.286052
90.000000,97,scarcity_peak,02:00,45.000000,-41.096258
90.000000,97,scarcity_peak,03:00,45.000000,13.293170
90.000000,97,scarcity_peak,04:00,45.000000,47.550163
90.000000,97,scarcity_peak,05:00,45.000000,-112.722821
90.000000,97,scarcity_peak,06:00,45.000000,-25.056074
90.000000,97,scarcity_peak,07:00,45.000000,36.807563
90.000000,97,scarcity_peak,08:00,45.000000,-85.850737
90.000000,97,scarcity_peak,09:00,15.000000,-62.622058
90.000000,97,scarcity_peak,10:00,15.000000,43.224068
90.000000,97,scarcity_peak,11:00,15.000000,-91.098142
90.000000,97,scarcity_peak,12:00,15.000000,8.312665
90.000000,97,scarcity_peak,13:00,15.000000,-50.510012
90.000000,97,scarcity_peak,14:00,45.000000,-152.072177
90.000000,97,scarcity_peak,15:00,45.000000,-9.692204
90.000000,97,scarcity_peak,16:00,45.000000,-152.542438
90.000000,97,scarcity_peak,17:00,45.000000,-32.888158
90.000000,97,scarcity_peak,18:00,100.000000,-46.455260
90.000000,97,scarcity_peak,19:00,100.000000,-71.607181
90.000000,97,scarcity_peak,20:00,400.000000,-105.208130
90.000000,97,scarcity_peak,21:00,100.000000,18.572830
90.000000,97,scarcity_peak,22:00,100.000000,96.042276
90.000000,97,scarcity_peak,23:00,45.000000,362.025813
90.000000,98,negative_midday,00:00,45.000000,41.771302
90.000000,98,negative_midday,01:00,45.000000,42.524605
90.000000,98,negative_midday,02:00,45.000000,-27.762287
90.000000,98,negative_midday,03:00,45.000000,8.742692
90.000000,98,negative_midday,04:00,45.000000,58.426164
90.000000,98,negative_midday,05:00,45.000000,39.742375
90.000000,98,negative_midday,06:00,45.000000,103.440492
90.000000,98,negative_midday,07:00,45.000000,0.539820
90.000000,98,negative_midday,08:00,45.000000,10.581743
90.000000,98,negative_midday,09:00,15.000000,-6.292365
90.000000,98,negative_midday,10:00,-30.000000,10.078464
90.000000,98,negative_midday,11:00,-30.000000,118.300890
90.000000,98,negative_midday,12:00,-30.000000,40.353064
90.000000,98,negative_midday,13:00,15.000000,-83.690044
90.000000,98,negative_midday,14:00,45.000000,-79.424202
90.000000,98,negative_midday,15:00,45.000000,-46.810953
90.000000,98,negative_midday,16:00,45.000000,5.138717
90.000000,98,negative_midday,17:00,45.000000,-45.933122
90.000000,98,negative_midday,18:00,100.000000,42.750096
90.000000,98,negative_midday,19:00,100.000000,56.295027
90.000000,98,negative_midday,20:00,100.000000,-2.037994
90.000000,98,negative_midday,21:00,100.000000,101.917917
90.000000,98,negative_midday,22:00,100.000000,128.602202
90.000000,98,negative_midday,23:00,45.000000,76.852959
90.000000,99,flat_missed_event,00:00,40.000000,182.246490
90.000000,99,flat_missed_event,01:00,40.000000,116.627559
90.000000,99,flat_missed_event,02:00,40.000000,68.595739
90.000000,99,flat_missed_event,03:00,40.000000,148.783741
90.000000,99,flat_missed_event,04:00,40.000000,93.806085
90.000000,99,flat_missed_event,05:00,40.000000,11.228058
90.000000,99,flat_missed_event,06:00,40.000000,178.329587
90.000000,99,flat_missed_event,07:00,40.000000,89.179393
90.000000,99,flat_missed_event,08:00,40.000000,187.128414
90.000000,99,flat_missed_event,09:00,40.000000,40.082446
90.000000,99,flat_missed_event,10:00,40.000000,155.176513
90.000000,99,flat_missed_event,11:00,40.000000,137.853400
90.000000,99,flat_missed_event,12:00,40.000000,136.037861
90.000000,99,flat_missed_event,13:00,40.000000,180.428405
90.000000,99,flat_missed_event,14:00,40.000000,148.216354
90.000000,99,flat_missed_event,15:00,40.000000,109.288909
90.000000,99,flat_missed_event,16:00,40.000000,71.828625
90.000000,99,flat_missed_event,17:00,40.000000,492.995381
90.000000,99,flat_missed_event,18:00,40.000000,146.319638
90.000000,99,flat_missed_event,19:00,40.000000,110.709963
90.000000,99,flat_missed_event,20:00,40.000000,77.860270
90.000000,99,flat_missed_event,21:00,40.000000,126.239006
90.000000,99,flat_missed_event,22:00,40.000000,28.233792
90.000000,99,flat_missed_event,23:00,40.000000,83.242134
90.000000,100,evening_peak,00:00,45.000000,70.523901
90.000000,100,evening_peak,01:00,45.000000,142.750394
90.000000,100,evening_peak,02:00,45.000000,80.436747
90.000000,100,evening_peak,03:00,45.000000,-1.746582
90.000000,100,evening_peak,04:00,45.000000,-69.109613
90.000000,100,evening_peak,05:00,45.000000,4.095439
90.000000,100,evening_peak,06:00,45.000000,-15.765128
90.000000,100,evening_peak,07:00,45.000000,-35.768878
90.000000,100,evening_peak,08:00,45.000000,-56.143017
90.000000,100,evening_peak,09:00,15.000000,-65.413669
90.000000,100,evening_peak,10:00,15.000000,-72.315780
90.000000,100,evening_peak,11:00,15.000000,-6.278850
90.000000,100,evening_peak,12:00,15.000000,53.321051
90.000000,100,evening_peak,13:00,15.000000,2.512550
90.000000,100,evening_peak,14:00,45.000000,-61.266740
90.000000,100,evening_peak,15:00,45.000000,10.826822
90.000000,100,evening_peak,16:00,45.000000,27.539392
90.000000,100,evening_peak,17:00,45.000000,35.544009
90.000000,100,evening_peak,18:00,100.000000,-58.550883
90.000000,100,evening_peak,19:00,100.000000,24.471209
90.000000,100,evening_peak,20:00,100.000000,-7.222348
90.000000,100,evening_peak,21:00,100.000000,116.243830
90.000000,100,evening_peak,22:00,100.000000,99.889393
90.000000,100,evening_peak,23:00,45.000000,-10.091945
90.000000,101,scarcity_peak,00:00,45.000000,94.461667
90.000000,101,scarcity_peak,01:00,45.000000,78.878910
90.000000,101,scarcity_peak,02:00,45.000000,102.294212
90.000000,101,scarcity_peak,03:00,45.000000,61.289344
90.000000,101,scarcity_peak,04:00,45.000000,155.485522
90.000000,101,scarcity_peak,05:00,45.000000,31.800682
90.000000,101,scarcity_peak,06:00,45.000000,91.776083
90.000000,101,scarcity_peak,07:00,45.000000,153.089148
90.000000,101,scarcity_peak,08:00,45.000000,62.845737
90.000000,101,scarcity_peak,09:00,15.000000,-8.982127
90.000000,101,scarcity_peak,10:00,15.000000,98.148869
90.000000,101,scarcity_peak,11:00,15.000000,54.105944
90.000000,101,scarcity_peak,12:00,15.000000,39.534764
90.000000,101,scarcity_peak,13:00,15.000000,-0.985474
90.000000,101,scarcity_peak,14:00,45.000000,-11.106948
90.000000,101,scarcity_peak,15:00,45.000000,17.743926
90.000000,101,scarcity_peak,16:00,45.000000,-5.926872
90.000000,101,scarcity_peak,17:00,45.000000,0.087449
90.000000,101,scarcity_peak,18:00,100.000000,40.919743
90.000000,101,scarcity_peak,19:00,100.000000,149.427467
90.000000,101,scarcity_peak,20:00,400.000000,94.580565
90.000000,101,scarcity_peak,21:00,100.000000,109.348321
90.000000,101,scarcity_peak,22:00,100.000000,141.666778
90.000000,101,scarcity_peak,23:00,45.000000,361.106891
90.000000,102,negative_midday,00:00,45.000000,97.489628
90.000000,102,negative_midday,01:00,45.000000,89.530308
90.000000,102,negative_midday,02:00,45.000000,-70.592712
90.000000,102,negative_midday,03:00,45.000000,-34.953335
90.000000,102,negative_midday,04:00,45.000000,-1.811146
90.000000,102,negative_midday,05:00,45.000000,9.262803
90.000000,102,negative_midday,06:00,45.000000,-7.586157
90.000000,102,negative_midday,07:00,45.000000,-62.020277
90.000000,102,negative_midday,08:00,45.000000,-109.315555
90.000000,102,negative_midday,09:00,15.000000,48.509392
90.000000,102,negative_midday,10:00,-30.000000,49.939494
90.000000,102,negative_midday,11:00,-30.000000,-94.952585
90.000000,102,negative_midday,12:00,-30.000000,-104.142813
90.000000,102,negative_midday,13:00,15.000000,-32.663721
90.000000,102,negative_midday,14:00,45.000000,-72.205572
90.000000,102,negative_midday,15:00,45.000000,-103.652932
90.000000,102,negative_midday,16:00,45.000000,-137.984533
90.000000,102,negative_midday,17:00,45.000000,-102.203739
90.000000,102,negative_midday,18:00,100.000000,-19.929701
90.000000,102,negative_midday,19:00,100.000000,-99.666783
90.000000,102,negative_midday,20:00,100.000000,18.511686
90.000000,102,negative_midday,21:00,100.000000,17.135478
90.000000,102,negative_midday,22:00,100.000000,95.553914
90.000000,102,negative_midday,23:00,45.000000,75.580082
90.000000,103,flat_missed_event,00:00,40.000000,56.309015
90.000000,103,flat_missed_event,01:00,40.000000,-17.373649
90.000000,103,flat_missed_event,02:00,40.000000,22.346732
90.000000,103,flat_missed_event,03:00,40.000000,61.931764
90.000000,103,flat_missed_event,04:00,40.000000,9.553260
90.000000,103,flat_missed_event,05:00,40.000000,-5.900089
90.000000,103,flat_missed_event,06:00,40.000000,110.178369
90.000000,103,flat_missed_event,07:00,40.000000,-18.296836
90.000000,103,flat_missed_event,08:00,40.000000,-23.336637
90.000000,103,flat_missed_event,09:00,40.000000,83.190736
90.000000,103,flat_missed_event,10:00,40.000000,7.406841
90.000000,103,flat_missed_event,11:00,40.000000,115.233833
90.000000,103,flat_missed_event,12:00,40.000000,-9.046188
90.000000,103,flat_missed_event,13:00,40.000000,56.803106
90.000000,103,flat_missed_event,14:00,40.000000,-13.706181
90.000000,103,flat_missed_event,15:00,40.000000,67.269756
90.000000,103,flat_missed_event,16:00,40.000000,40.684946
90.000000,103,flat_missed_event,17:00,40.000000,414.377586
90.000000,103,flat_missed_event,18:00,40.000000,105.443426
90.000000,103,flat_missed_event,19:00,40.000000,112.080952
90.000000,103,flat_missed_event,20:00,40.000000,96.766046
90.000000,103,flat_missed_event,21:00,40.000000,62.994676
90.000000,103,flat_missed_event,22:00,40.000000,73.282193
90.000000,103,flat_missed_event,23:00,40.000000,70.013890
90.000000,104,evening_peak,00:00,45.000000,124.795150
90.000000,104,evening_peak,01:00,45.000000,153.810385
90.000000,104,evening_peak,02:00,45.000000,34.018178
90.000000,104,evening_peak,03:00,45.000000,44.101003
90.000000,104,evening_peak,04:00,45.000000,48.569560
90.000000,104,evening_peak,05:00,45.000000,161.949580
90.000000,104,evening_peak,06:00,45.000000,44.124248
90.000000,104,evening_peak,07:00,45.000000,176.822853
90.000000,104,evening_peak,08:00,45.000000,161.061339
90.000000,104,evening_peak,09:00,15.000000,145.275426
90.000000,104,evening_peak,10:00,15.000000,205.877449
90.000000,104,evening_peak,11:00,15.000000,140.025502
90.000000,104,evening_peak,12:00,15.000000,20.511157
90.000000,104,evening_peak,13:00,15.000000,29.583747
90.000000,104,evening_peak,14:00,45.000000,102.676331
90.000000,104,evening_peak,15:00,45.000000,140.281748
90.000000,104,evening_peak,16:00,45.000000,68.004912
90.000000,104,evening_peak,17:00,45.000000,70.611375
90.000000,104,evening_peak,18:00,100.000000,41.222115
90.000000,104,evening_peak,19:00,100.000000,43.728887
90.000000,104,evening_peak,20:00,100.000000,193.629920
90.000000,104,evening_peak,21:00,100.000000,117.799565
90.000000,104,evening_peak,22:00,100.000000,99.730918
90.000000,104,evening_peak,23:00,45.000000,201.265871
90.000000,105,scarcity_peak,00:00,45.000000,149.478473
90.000000,105,scarcity_peak,01:00,45.000000,124.739393
90.000000,105,scarcity_peak,02:00,45.000000,51.377079
90.000000,105,scarcity_peak,03:00,45.000000,-27.117251
90.000000,105,scarcity_peak,04:00,45.000000,72.819960
90.000000,105,scarcity_peak,05:00,45.000000,88.178412
90.000000,105,scarcity_peak,06:00,45.000000,-44.276455
90.000000,105,scarcity_peak,07:00,45.000000,51.448859
90.000000,105,scarcity_peak,08:00,45.000000,78.239948
90.000000,105,scarcity_peak,09:00,15.000000,22.834540
90.000000,105,scarcity_peak,10:00,15.000000,-27.621848
90.000000,105,scarcity_peak,11:00,15.000000,-23.464592
90.000000,105,scarcity_peak,12:00,15.000000,53.704265
90.000000,105,scarcity_peak,13:00,15.000000,56.375904
90.000000,105,scarcity_peak,14:00,45.000000,-83.729592
90.000000,105,scarcity_peak,15:00,45.000000,-23.627104
90.000000,105,scarcity_peak,16:00,45.000000,48.113084
90.000000,105,scarcity_peak,17:00,45.000000,-31.778027
90.000000,105,scarcity_peak,18:00,100.000000,-43.884955
90.000000,105,scarcity_peak,19:00,100.000000,-2.987100
90.000000,105,scarcity_peak,20:00,400.000000,106.023158
90.000000,105,scarcity_peak,21:00,100.000000,47.733135
90.000000,105,scarcity_peak,22:00,100.000000,100.456738
90.000000,105,scarcity_peak,23:00,45.000000,337.642323
90.000000,106,negative_midday,00:00,45.000000,151.159707
90.000000,106,negative_midday,01:00,45.000000,77.880959
90.000000,106,negative_midday,02:00,45.000000,56.417830
90.000000,106,negative_midday,03:00,45.000000,35.291691
90.000000,106,negative_midday,04:00,45.000000,106.969360
90.000000,106,negative_midday,05:00,45.000000,159.530234
90.000000,106,negative_midday,06:00,45.000000,86.962250
90.000000,106,negative_midday,07:00,45.000000,60.744143
90.000000,106,negative_midday,08:00,45.000000,107.288500
90.000000,106,negative_midday,09:00,15.000000,67.750479
90.000000,106,negative_midday,10:00,-30.000000,147.729211
90.000000,106,negative_midday,11:00,-30.000000,6.121239
90.000000,106,negative_midday,12:00,-30.000000,115.325307
90.000000,106,negative_midday,13:00,15.000000,18.443724
90.000000,106,negative_midday,14:00,45.000000,33.994342
90.000000,106,negative_midday,15:00,45.000000,44.882236
90.000000,106,negative_midday,16:00,45.000000,3.475746
90.000000,106,negative_midday,17:00,45.000000,112.846544
90.000000,106,negative_midday,18:00,100.000000,70.960420
90.000000,106,negative_midday,19:00,100.000000,109.586540
90.000000,106,negative_midday,20:00,100.000000,27.217515
90.000000,106,negative_midday,21:00,100.000000,136.301476
90.000000,106,negative_midday,22:00,100.000000,154.293743
90.000000,106,negative_midday,23:00,45.000000,118.721082
90.000000,107,flat_missed_event,00:00,40.000000,-46.650840
90.000000,107,flat_missed_event,01:00,40.000000,3.144058
90.000000,107,flat_missed_event,02:00,40.000000,-4.093550
90.000000,107,flat_missed_event,03:00,40.000000,-48.702525
90.000000,107,flat_missed_event,04:00,40.000000,-37.678640
90.000000,107,flat_missed_event,05:00,40.000000,-12.201341
90.000000,107,flat_missed_event,06:00,40.000000,-0.569319
90.000000,107,flat_missed_event,07:00,40.000000,-52.497840
90.000000,107,flat_missed_event,08:00,40.000000,48.309521
90.000000,107,flat_missed_event,09:00,40.000000,-42.582401
90.000000,107,flat_missed_event,10:00,40.000000,-50.591066
90.000000,107,flat_missed_event,11:00,40.000000,60.036721
90.000000,107,flat_missed_event,12:00,40.000000,9.279299
90.000000,107,flat_missed_event,13:00,40.000000,-72.655059
90.000000,107,flat_missed_event,14:00,40.000000,59.825098
90.000000,107,flat_missed_event,15:00,40.000000,51.159246
90.000000,107,flat_missed_event,16:00,40.000000,-75.328577
90.000000,107,flat_missed_event,17:00,40.000000,382.463636
90.000000,107,flat_missed_event,18:00,40.000000,48.682598
90.000000,107,flat_missed_event,19:00,40.000000,-13.877571
90.000000,107,flat_missed_event,20:00,40.000000,-41.988903
90.000000,107,flat_missed_event,21:00,40.000000,0.796749
90.000000,107,flat_missed_event,22:00,40.000000,54.497522
90.000000,107,flat_missed_event,23:00,40.000000,91.517457
90.000000,108,evening_peak,00:00,45.000000,195.149686
90.000000,108,evening_peak,01:00,45.000000,224.931384
90.000000,108,evening_peak,02:00,45.000000,14.519144
90.000000,108,evening_peak,03:00,45.000000,159.544267
90.000000,108,evening_peak,04:00,45.000000,4.469844
90.000000,108,evening_peak,05:00,45.000000,154.222596
90.000000,108,evening_peak,06:00,45.000000,111.895594
90.000000,108,evening_peak,07:00,45.000000,45.686600
90.000000,108,evening_peak,08:00,45.000000,62.540497
90.000000,108,evening_peak,09:00,15.000000,7.949993
90.000000,108,evening_peak,10:00,15.000000,79.670527
90.000000,108,evening_peak,11:00,15.000000,94.311981
90.000000,108,evening_peak,12:00,15.000000,-30.202630
90.000000,108,evening_peak,13:00,15.000000,107.234116
90.000000,108,evening_peak,14:00,45.000000,141.202762
90.000000,108,evening_peak,15:00,45.000000,131.449713
90.000000,108,evening_peak,16:00,45.000000,58.687097
90.000000,108,evening_peak,17:00,45.000000,36.623278
90.000000,108,evening_peak,18:00,100.000000,145.786868
90.000000,108,evening_peak,19:00,100.000000,100.790411
90.000000,108,evening_peak,20:00,100.000000,52.798689
90.000000,108,evening_peak,21:00,100.000000,76.817584
90.000000,108,evening_peak,22:00,100.000000,156.964458
90.000000,108,evening_peak,23:00,45.000000,222.648857
90.000000,109,scarcity_peak,00:00,45.000000,46.316938
90.000000,109,scarcity_peak,01:00,45.000000,-34.209479
90.000000,109,scarcity_peak,02:00,45.000000,21.410279
90.000000,109,scarcity_peak,03:00,45.000000,-49.360457
90.000000,109,scarcity_peak,04:00,45.000000,16.220101
90.000000,109,scarcity_peak,05:00,45.000000,-93.504011
90.000000,109,scarcity_peak,06:00,45.000000,61.734384
90.000000,109,scarcity_peak,07:00,45.000000,-78.556888
90.000000,109,scarcity_peak,08:00,45.000000,-19.606018
90.000000,109,scarcity_peak,09:00,15.000000,65.902394
90.000000,109,scarcity_peak,10:00,15.000000,-107.608235
90.000000,109,scarcity_peak,11:00,15.000000,66.308578
90.000000,109,scarcity_peak,12:00,15.000000,-86.474955
90.000000,109,scarcity_peak,13:00,15.000000,-52.226844
90.000000,109,scarcity_peak,14:00,45.000000,-54.688973
90.000000,109,scarcity_peak,15:00,45.000000,-34.716245
90.000000,109,scarcity_peak,16:00,45.000000,-74.457273
90.000000,109,scarcity_peak,17:00,45.000000,24.523142
90.000000,109,scarcity_peak,18:00,100.000000,-100.302428
90.000000,109,scarcity_peak,19:00,100.000000,61.392004
90.000000,109,scarcity_peak,20:00,400.000000,-22.806089
90.000000,109,scarcity_peak,21:00,100.000000,-12.765227
90.000000,109,scarcity_peak,22:00,100.000000,122.949253
90.000000,109,scarcity_peak,23:00,45.000000,391.843162
90.000000,110,negative_midday,00:00,45.000000,47.908564
90.000000,110,negative_midday,01:00,45.000000,104.356847
90.000000,110,negative_midday,02:00,45.000000,37.974668
90.000000,110,negative_midday,03:00,45.000000,-31.310693
90.000000,110,negative_midday,04:00,45.000000,60.829858
90.000000,110,negative_midday,05:00,45.000000,84.655064
90.000000,110,negative_midday,06:00,45.000000,129.763280
90.000000,110,negative_midday,07:00,45.000000,19.872516
90.000000,110,negative_midday,08:00,45.000000,-1.916321
90.000000,110,negative_midday,09:00,15.000000,121.970099
90.000000,110,negative_midday,10:00,-30.000000,17.683736
90.000000,110,negative_midday,11:00,-30.000000,129.487772
90.000000,110,negative_midday,12:00,-30.000000,-10.291272
90.000000,110,negative_midday,13:00,15.000000,-82.871773
90.000000,110,negative_midday,14:00,45.000000,29.238773
90.000000,110,negative_midday,15:00,45.000000,22.434428
90.000000,110,negative_midday,16:00,45.000000,84.723609
90.000000,110,negative_midday,17:00,45.000000,100.863763
90.000000,110,negative_midday,18:00,100.000000,35.663904
90.000000,110,negative_midday,19:00,100.000000,-9.084958
90.000000,110,negative_midday,20:00,100.000000,67.005992
90.000000,110,negative_midday,21:00,100.000000,95.913141
90.000000,110,negative_midday,22:00,100.000000,176.657441
90.000000,110,negative_midday,23:00,45.000000,118.124637
90.000000,111,flat_missed_event,00:00,40.000000,187.964192
90.000000,111,flat_missed_event,01:00,40.000000,183.666607
90.000000,111,flat_missed_event,02:00,40.000000,128.964213
90.000000,111,flat_missed_event,03:00,40.000000,198.651875
90.000000,111,flat_missed_event,04:00,40.000000,63.477612
90.000000,111,flat_missed_event,05:00,40.000000,58.875212
90.000000,111,flat_missed_event,06:00,40.000000,71.287010
90.000000,111,flat_missed_event,07:00,40.000000,63.750957
90.000000,111,flat_missed_event,08:00,40.000000,87.429899
90.000000,111,flat_missed_event,09:00,40.000000,179.705299
90.000000,111,flat_missed_event,10:00,40.000000,134.030834
90.000000,111,flat_missed_event,11:00,40.000000,160.508906
90.000000,111,flat_missed_event,12:00,40.000000,43.294929
90.000000,111,flat_missed_event,13:00,40.000000,181.150224
90.000000,111,flat_missed_event,14:00,40.000000,99.459113
90.000000,111,flat_missed_event,15:00,40.000000,186.934231
90.000000,111,flat_missed_event,16:00,40.000000,61.456269
90.000000,111,flat_missed_event,17:00,40.000000,415.148749
90.000000,111,flat_missed_event,18:00,40.000000,140.684023
90.000000,111,flat_missed_event,19:00,40.000000,149.727195
90.000000,111,flat_missed_event,20:00,40.000000,145.508580
90.000000,111,flat_missed_event,21:00,40.000000,204.193689
90.000000,111,flat_missed_event,22:00,40.000000,100.157629
90.000000,111,flat_missed_event,23:00,40.000000,111.680526
90.000000,112,evening_peak,00:00,45.000000,71.005208
90.000000,112,evening_peak,01:00,45.000000,0.350433
90.000000,112,evening_peak,02:00,45.000000,-28.183542
90.000000,112,evening_peak,03:00,45.000000,-46.054500
90.000000,112,evening_peak,04:00,45.000000,-65.310600
90.000000,112,evening_peak,05:00,45.000000,-53.967317
90.000000,112,evening_peak,06:00,45.000000,-0.623575
90.000000,112,evening_peak,07:00,45.000000,79.553030
90.000000,112,evening_peak,08:00,45.000000,100.478309
90.000000,112,evening_peak,09:00,15.000000,61.666104
90.000000,112,evening_peak,10:00,15.000000,-43.451522
90.000000,112,evening_peak,11:00,15.000000,13.737164
90.000000,112,evening_peak,12:00,15.000000,5.452470
90.000000,112,evening_peak,13:00,15.000000,-21.591238
90.000000,112,evening_peak,14:00,45.000000,36.065481
90.000000,112,evening_peak,15:00,45.000000,-14.160143
90.000000,112,evening_peak,16:00,45.000000,-85.590930
90.000000,112,evening_peak,17:00,45.000000,-41.240667
90.000000,112,evening_peak,18:00,100.000000,66.710368
90.000000,112,evening_peak,19:00,100.000000,-25.281367
90.000000,112,evening_peak,20:00,100.000000,73.866898
90.000000,112,evening_peak,21:00,100.000000,81.832264
90.000000,112,evening_peak,22:00,100.000000,115.593552
90.000000,112,evening_peak,23:00,45.000000,30.294659
90.000000,113,scarcity_peak,00:00,45.000000,100.912542
90.000000,113,scarcity_peak,01:00,45.000000,189.874427
90.000000,113,scarcity_peak,02:00,45.000000,154.284237
90.000000,113,scarcity_peak,03:00,45.000000,157.515942
90.000000,113,scarcity_peak,04:00,45.000000,125.468723
90.000000,113,scarcity_peak,05:00,45.000000,63.633214
90.000000,113,scarcity_peak,06:00,45.000000,84.207308
90.000000,113,scarcity_peak,07:00,45.000000,132.977172
90.000000,113,scarcity_peak,08:00,45.000000,27.771165
90.000000,113,scarcity_peak,09:00,15.000000,118.020670
90.000000,113,scarcity_peak,10:00,15.000000,81.211450
90.000000,113,scarcity_peak,11:00,15.000000,31.911002
90.000000,113,scarcity_peak,12:00,15.000000,127.501467
90.000000,113,scarcity_peak,13:00,15.000000,3.277260
90.000000,113,scarcity_peak,14:00,45.000000,7.512352
90.000000,113,scarcity_peak,15:00,45.000000,90.761128
90.000000,113,scarcity_peak,16:00,45.000000,73.606954
90.000000,113,scarcity_peak,17:00,45.000000,148.225156
90.000000,113,scarcity_peak,18:00,100.000000,26.423649
90.000000,113,scarcity_peak,19:00,100.000000,84.311885
90.000000,113,scarcity_peak,20:00,400.000000,176.247725
90.000000,113,scarcity_peak,21:00,100.000000,103.301308
90.000000,113,scarcity_peak,22:00,100.000000,181.264888
90.000000,113,scarcity_peak,23:00,45.000000,399.949101
90.000000,114,negative_midday,00:00,45.000000,103.562877
90.000000,114,negative_midday,01:00,45.000000,-30.756752
90.000000,114,negative_midday,02:00,45.000000,-8.725999
90.000000,114,negative_midday,03:00,45.000000,38.540532
90.000000,114,negative_midday,04:00,45.000000,-11.348293
90.000000,114,negative_midday,05:00,45.000000,55.861902
90.000000,114,negative_midday,06:00,45.000000,33.930347
90.000000,114,negative_midday,07:00,45.000000,-36.745125
90.000000,114,negative_midday,08:00,45.000000,57.787479
90.000000,114,negative_midday,09:00,15.000000,-16.069242
90.000000,114,negative_midday,10:00,-30.000000,50.106477
90.000000,114,negative_midday,11:00,-30.000000,62.432269
90.000000,114,negative_midday,12:00,-30.000000,24.115405
90.000000,114,negative_midday,13:00,15.000000,-32.924332
90.000000,114,negative_midday,14:00,45.000000,-53.902333
90.000000,114,negative_midday,15:00,45.000000,-36.550768
90.000000,114,negative_midday,16:00,45.000000,-58.690348
90.000000,114,negative_midday,17:00,45.000000,-43.636232
90.000000,114,negative_midday,18:00,100.000000,-38.943033
90.000000,114,negative_midday,19:00,100.000000,79.617404
90.000000,114,negative_midday,20:00,100.000000,-92.787941
90.000000,114,negative_midday,21:00,100.000000,7.910851
90.000000,114,negative_midday,22:00,100.000000,134.794475
90.000000,114,negative_midday,23:00,45.000000,116.270997
90.000000,115,flat_missed_event,00:00,40.000000,62.036457
90.000000,115,flat_missed_event,01:00,40.000000,3.805403
90.000000,115,flat_missed_event,02:00,40.000000,76.079920
90.000000,115,flat_missed_event,03:00,40.000000,45.347922
90.000000,115,flat_missed_event,04:00,40.000000,-10.930776
90.000000,115,flat_missed_event,05:00,40.000000,28.087812
90.000000,115,flat_missed_event,06:00,40.000000,136.414491
90.000000,115,flat_missed_event,07:00,40.000000,6.587078
90.000000,115,flat_missed_event,08:00,40.000000,56.595510
90.000000,115,flat_missed_event,09:00,40.000000,52.366553
90.000000,115,flat_missed_event,10:00,40.000000,34.757892
90.000000,115,flat_missed_event,11:00,40.000000,81.303936
90.000000,115,flat_missed_event,12:00,40.000000,71.572162
90.000000,115,flat_missed_event,13:00,40.000000,34.736946
90.000000,115,flat_missed_event,14:00,40.000000,83.303808
90.000000,115,flat_missed_event,15:00,40.000000,130.500876
90.000000,115,flat_missed_event,16:00,40.000000,124.075975
90.000000,115,flat_missed_event,17:00,40.000000,360.063259
90.000000,115,flat_missed_event,18:00,40.000000,48.610475
90.000000,115,flat_missed_event,19:00,40.000000,87.199759
90.000000,115,flat_missed_event,20:00,40.000000,-14.150781
90.000000,115,flat_missed_event,21:00,40.000000,28.431595
90.000000,115,flat_missed_event,22:00,40.000000,99.851600
90.000000,115,flat_missed_event,23:00,40.000000,109.464218
90.000000,116,evening_peak,00:00,45.000000,-54.127626
90.000000,116,evening_peak,01:00,45.000000,46.296930
90.000000,116,evening_peak,02:00,45.000000,-81.314003
90.000000,116,evening_peak,03:00,45.000000,21.954896
90.000000,116,evening_peak,04:00,45.000000,40.734434
90.000000,116,evening_peak,05:00,45.000000,6.796705
90.000000,116,evening_peak,06:00,45.000000,47.549653
90.000000,116,evening_peak,07:00,45.000000,-29.180789
90.000000,116,evening_peak,08:00,45.000000,-31.828464
90.000000,116,evening_peak,09:00,15.000000,-64.506995
90.000000,116,evening_peak,10:00,15.000000,8.400047
90.000000,116,evening_peak,11:00,15.000000,-65.686179
90.000000,116,evening_peak,12:00,15.000000,-146.529223
90.000000,116,evening_peak,13:00,15.000000,-149.968325
90.000000,116,evening_peak,14:00,45.000000,-149.073461
90.000000,116,evening_peak,15:00,45.000000,-58.084752
90.000000,116,evening_peak,16:00,45.000000,-122.849185
90.000000,116,evening_peak,17:00,45.000000,-7.197648
90.000000,116,evening_peak,18:00,100.000000,-8.457132
90.000000,116,evening_peak,19:00,100.000000,3.597910
90.000000,116,evening_peak,20:00,100.000000,-96.205881
90.000000,116,evening_peak,21:00,100.000000,-68.976162
90.000000,116,evening_peak,22:00,100.000000,-19.844862
90.000000,116,evening_peak,23:00,45.000000,50.721786
90.000000,117,scarcity_peak,00:00,45.000000,137.944724
90.000000,117,scarcity_peak,01:00,45.000000,146.209104
90.000000,117,scarcity_peak,02:00,45.000000,104.739128
90.000000,117,scarcity_peak,03:00,45.000000,45.587425
90.000000,117,scarcity_peak,04:00,45.000000,53.361002
90.000000,117,scarcity_peak,05:00,45.000000,33.540296
90.000000,117,scarcity_peak,06:00,45.000000,-5.963086
90.000000,117,scarcity_peak,07:00,45.000000,-19.245653
90.000000,117,scarcity_peak,08:00,45.000000,-24.636316
90.000000,117,scarcity_peak,09:00,15.000000,3.935774
90.000000,117,scarcity_peak,10:00,15.000000,-0.639406
90.000000,117,scarcity_peak,11:00,15.000000,-1.757649
90.000000,117,scarcity_peak,12:00,15.000000,-1.210526
90.000000,117,scarcity_peak,13:00,15.000000,31.459574
90.000000,117,scarcity_peak,14:00,45.000000,14.288780
90.000000,117,scarcity_peak,15:00,45.000000,40.619878
90.000000,117,scarcity_peak,16:00,45.000000,-54.330234
90.000000,117,scarcity_peak,17:00,45.000000,69.825778
90.000000,117,scarcity_peak,18:00,100.000000,-50.352017
90.000000,117,scarcity_peak,19:00,100.000000,113.906719
90.000000,117,scarcity_peak,20:00,400.000000,5.582257
90.000000,117,scarcity_peak,21:00,100.000000,18.122840
90.000000,117,scarcity_peak,22:00,100.000000,136.535474
90.000000,117,scarcity_peak,23:00,45.000000,377.296959
90.000000,118,negative_midday,00:00,45.000000,167.852611
90.000000,118,negative_midday,01:00,45.000000,150.115374
90.000000,118,negative_midday,02:00,45.000000,121.505293
90.000000,118,negative_midday,03:00,45.000000,130.984250
90.000000,118,negative_midday,04:00,45.000000,97.472275
90.000000,118,negative_midday,05:00,45.000000,200.512425
90.000000,118,negative_midday,06:00,45.000000,79.078966
90.000000,118,negative_midday,07:00,45.000000,34.727047
90.000000,118,negative_midday,08:00,45.000000,96.969584
90.000000,118,negative_midday,09:00,15.000000,60.119628
90.000000,118,negative_midday,10:00,-30.000000,153.836129
90.000000,118,negative_midday,11:00,-30.000000,27.872771
90.000000,118,negative_midday,12:00,-30.000000,30.253265
90.000000,118,negative_midday,13:00,15.000000,0.265080
90.000000,118,negative_midday,14:00,45.000000,120.964795
90.000000,118,negative_midday,15:00,45.000000,109.200118
90.000000,118,negative_midday,16:00,45.000000,93.678310
90.000000,118,negative_midday,17:00,45.000000,79.012639
90.000000,118,negative_midday,18:00,100.000000,47.543287
90.000000,118,negative_midday,19:00,100.000000,202.451888
90.000000,118,negative_midday,20:00,100.000000,103.290122
90.000000,118,negative_midday,21:00,100.000000,214.024569
90.000000,118,negative_midday,22:00,100.000000,180.619431
90.000000,118,negative_midday,23:00,45.000000,147.185669
90.000000,119,flat_missed_event,00:00,40.000000,-74.638786
90.000000,119,flat_missed_event,01:00,40.000000,49.320621
90.000000,119,flat_missed_event,02:00,40.000000,35.969100
90.000000,119,flat_missed_event,03:00,40.000000,1.901780
90.000000,119,flat_missed_event,04:00,40.000000,-81.032928
90.000000,119,flat_missed_event,05:00,40.000000,-13.074251
90.000000,119,flat_missed_event,06:00,40.000000,25.107156
90.000000,119,flat_missed_event,07:00,40.000000,-56.062680
90.000000,119,flat_missed_event,08:00,40.000000,-74.606424
90.000000,119,flat_missed_event,09:00,40.000000,-83.990435
90.000000,119,flat_missed_event,10:00,40.000000,89.827616
90.000000,119,flat_missed_event,11:00,40.000000,59.506633
90.000000,119,flat_missed_event,12:00,40.000000,36.615852
90.000000,119,flat_missed_event,13:00,40.000000,-72.533208
90.000000,119,flat_missed_event,14:00,40.000000,-33.337029
90.000000,119,flat_missed_event,15:00,40.000000,-80.058361
90.000000,119,flat_missed_event,16:00,40.000000,-18.996382
90.000000,119,flat_missed_event,17:00,40.000000,416.378011
90.000000,119,flat_missed_event,18:00,40.000000,-25.523804
90.000000,119,flat_missed_event,19:00,40.000000,30.051492
90.000000,119,flat_missed_event,20:00,40.000000,3.903016
90.000000,119,flat_missed_event,21:00,40.000000,-31.296145
90.000000,119,flat_missed_event,22:00,40.000000,69.495769
90.000000,119,flat_missed_event,23:00,40.000000,-70.592771
